PathFileType	4	(X/Y/Z)	C:\Users\T490\OneDrive\Desktop\110_Internship_Tasks\Sprint GSG Position Analysis\results\sports2d_output\sprint_video_Sports2D\sprint_video_Sports2D_px_person00.trc
DataRate	CameraRate	NumFrames	NumMarkers	Units	OrigDataRate	OrigDataStartFrame	OrigNumFrames
25.0	25.0	559	22	m	25.0	0	559
Frame#	Time	Hip			RHip			RKnee			RAnkle			RBigToe			RSmallToe			RHeel			LHip			LKnee			LAnkle			LBigToe			LSmallToe			LHeel			Neck			Head			Nose			RShoulder			RElbow			RWrist			LShoulder			LElbow			LWrist			
		X1	Y1	Z1	X2	Y2	Z2	X3	Y3	Z3	X4	Y4	Z4	X5	Y5	Z5	X6	Y6	Z6	X7	Y7	Z7	X8	Y8	Z8	X9	Y9	Z9	X10	Y10	Z10	X11	Y11	Z11	X12	Y12	Z12	X13	Y13	Z13	X14	Y14	Z14	X15	Y15	Z15	X16	Y16	Z16	X17	Y17	Z17	X18	Y18	Z18	X19	Y19	Z19	X20	Y20	Z20	X21	Y21	Z21	X22	Y22	Z22
0	0.0	1903.9009117977444	500.3043396634409	0.0	1898.4691138646526	489.44068504372757	0.0	1895.753272920536	602.1517689121772	0.0	1910.690931250028	699.9256437289579	0.0	1868.5934700718203	721.6530896024127	0.0	1872.667317572983	714.8633333435697	0.0	1917.4805859956714	713.5055699273503	0.0	1903.9010247905044	489.44063938173986	0.0	1898.4689866447584	600.793906866378	0.0	1912.0484540162793	699.9255638113385	0.0	1874.0249435453904	720.2952296772843	0.0	1886.246761927266	720.2952050960969	0.0	1918.8382811360314	713.5053117417025	0.0	1898.469047609245	330.5584944956581	0.0	1878.099405183128	264.01815643884675	0.0	1867.2358032254742	300.6833336086869	0.0	1882.173350254956	355.00192071872505	0.0	1884.8892984292313	424.25829809352604	0.0	1874.0255876573804	481.2926901999249	0.0	1893.0372422854762	353.64395627044337	0.0	1898.468902550488	425.6162142725481	0.0	1907.9747913905883	489.4405108565055	0.0
1	0.04007168458781362	1902.4892083083337	499.4148667817953	0.0	1896.1335351979974	489.08266524552266	0.0	1894.6344041197308	600.658270668914	0.0	1910.315057446138	699.6984533317229	0.0	1869.5542448487479	722.6454940298546	0.0	1872.607211210774	715.3194886653814	0.0	1917.967424879129	714.3745888660756	0.0	1904.886980401597	489.2501986803902	0.0	1900.5687888954849	599.5639282571683	0.0	1913.0675001961797	700.1146263194536	0.0	1875.5152038143024	721.6449961343858	0.0	1888.025485819187	720.6763055892022	0.0	1918.774668499001	714.3492046455531	0.0	1896.3516995030086	329.68038360844355	0.0	1874.428134183186	262.73263345245886	0.0	1865.107749514867	299.73347877589316	0.0	1876.9351667849069	354.2101158455499	0.0	1879.8730248304919	423.48172696673737	0.0	1872.897810587109	481.0476360957379	0.0	1899.018243249206	351.25647435910423	0.0	1895.5951077928378	424.13295774040085	0.0	1907.0791588071802	486.2678503988441	0.0
2	0.08014336917562724	1897.5180780183186	495.40396199339443	0.0	1887.7307269942717	488.86196237722066	0.0	1889.7536824939864	595.0058454195008	0.0	1909.5367159245259	696.4489331573983	0.0	1870.6730558216882	721.8591728294755	0.0	1872.1037230463717	714.8991696749027	0.0	1918.5169384194674	713.1683056924952	0.0	1905.4590676430519	488.47072463374934	0.0	1895.060033377789	593.5612776476987	0.0	1914.6681369855828	696.7055311219478	0.0	1880.2237006144828	721.7610213580243	0.0	1894.0841504229438	720.2343249193661	0.0	1920.8318218045779	712.5396151761212	0.0	1888.439076462129	326.8556571682116	0.0	1864.6855911447228	259.7409353153631	0.0	1856.103178002327	297.60813741537424	0.0	1864.5232002412536	351.65989198838076	0.0	1866.3529456612318	421.49590143830653	0.0	1856.8868233711887	475.51766671661335	0.0	1907.5416980913847	345.8925893412964	0.0	1901.1492170551141	416.7250353496988	0.0	1908.3115020209316	481.5755302616071	0.0
3	0.12021505376344085	1888.3412049693015	489.0020604217747	0.0	1873.9330891212767	489.18652222615617	0.0	1883.2537301598177	588.0229264742409	0.0	1908.3745709731743	691.6446206114772	0.0	1869.3906956191404	718.5788083805387	0.0	1870.1612982374309	713.9217053096894	0.0	1918.53601082896	709.601902105245	0.0	1901.7975811747438	487.53404362895634	0.0	1876.8327278608285	584.5917654999082	0.0	1908.4226841501943	690.3102095047584	0.0	1876.4671368222002	719.0332584853061	0.0	1892.5802731306096	718.2254285278556	0.0	1918.3308884540538	706.969286327782	0.0	1875.640910709501	322.9580915740914	0.0	1851.3912913014328	256.69593493911987	0.0	1841.1620541963034	295.40115873379284	0.0	1848.5869877218283	348.19723303991964	0.0	1848.0783907663624	419.3235019814124	0.0	1827.44136976283	468.6522002563488	0.0	1911.5125115201358	340.26744270185316	0.0	1913.5431153962174	407.10051002724265	0.0	1911.9176032971563	478.247155167737	0.0
4	0.16028673835125448	1876.0958197757204	483.57090057567245	0.0	1859.8867179876263	489.5886365778688	0.0	1878.548827695126	584.4078075608774	0.0	1906.9431254545216	688.9346203897591	0.0	1865.7501174708027	715.5866897545752	0.0	1867.152487682802	713.4535147883494	0.0	1917.733310956096	706.5201271248366	0.0	1891.2408812942551	487.18211898757	0.0	1851.217890302195	577.510805190031	0.0	1884.7180502349318	686.4887288432518	0.0	1849.3205561353575	714.2899876974182	0.0	1866.5579536608159	715.7416023812093	0.0	1898.8399360571484	702.2269340546256	0.0	1861.801029051965	320.44418474922156	0.0	1838.7272656011623	255.0476678353281	0.0	1825.7412064688558	294.44231931746725	0.0	1834.2370055616195	345.38452901465763	0.0	1831.5306134731586	417.6509867240822	0.0	1798.8041730066147	465.47365462248683	0.0	1905.6430196587905	338.1287600315299	0.0	1922.4146076360153	402.8438602915685	0.0	1914.390344105396	477.40931441360215	0.0
5	0.2003584229390681	1862.7977010804393	481.7480568352411	0.0	1849.1667577232415	489.7070843311131	0.0	1874.531040547237	584.4029929512511	0.0	1905.3197130514686	688.6128711599756	0.0	1862.710464082612	715.3292270944838	0.0	1865.1499329769931	713.9473758975425	0.0	1916.3696071984568	705.7511983840727	0.0	1875.958707185978	487.5820134195121	0.0	1828.9523129660074	574.8910706953052	0.0	1846.6461475314018	687.80969867896	0.0	1803.930051595045	709.2583806333695	0.0	1818.9654557106312	714.0271625130321	0.0	1860.5858307698595	703.1648391119305	0.0	1848.5976584789687	320.5555301143721	0.0	1826.4606671397717	254.26631786417735	0.0	1812.730067595093	294.9511844303748	0.0	1821.16920955253	344.1415544762501	0.0	1817.2810634836508	416.04026767315565	0.0	1778.583042164814	463.28061126602597	0.0	1893.191631815417	339.18049833690225	0.0	1923.2132802803067	404.5706192004685	0.0	1910.809540858856	476.19366132952996	0.0
6	0.2404301075268817	1850.0661165354563	483.7654933818419	0.0	1839.8594317421316	490.86457749580063	0.0	1868.36869309449	585.9984844857188	0.0	1903.4578950076998	688.6235418982668	0.0	1860.538971958039	716.6344081243731	0.0	1864.5708477484536	715.2273344214796	0.0	1914.673585162437	705.90943563759	0.0	1859.8193590783999	489.02596007379054	0.0	1813.3759214241525	576.9410805598297	0.0	1805.5974313321508	690.2485878947872	0.0	1758.9743059523325	704.5432233431964	0.0	1769.6870806702655	711.6095248634131	0.0	1815.0640075256524	707.0080417670333	0.0	1835.5815182346005	322.5619002582904	0.0	1813.5498172649645	254.86611995369978	0.0	1800.8450764539	296.8665609873818	0.0	1807.763695600294	345.2155725284422	0.0	1803.3961455356523	415.3317774582196	0.0	1762.090653237146	459.92032459520055	0.0	1878.7454680852288	341.33291656180404	0.0	1918.4581919113725	407.9412114877965	0.0	1899.5003391353598	474.55430451331074	0.0
7	0.28050179211469534	1837.0142208841044	487.6094959935168	0.0	1827.3018010706833	493.62179444252695	0.0	1859.5247735398077	588.3320719766909	0.0	1901.2397452524665	688.8077817088356	0.0	1858.8996119671026	718.5432739913042	0.0	1864.2883449656206	716.6513037778276	0.0	1912.9810279077974	706.050484084281	0.0	1844.5997359344367	491.7212406773552	0.0	1800.0363129114662	581.2847090917434	0.0	1768.8458697333901	691.265069694399	0.0	1723.2204202834344	701.6795986700145	0.0	1730.8969101559476	707.8657604820146	0.0	1773.2784977729755	709.1797847306887	0.0	1821.5993475368732	325.2419084411784	0.0	1800.2319167764542	258.18245345290484	0.0	1787.2579513975395	299.947955864984	0.0	1793.4396389253154	347.9739342413776	0.0	1788.7608063554699	416.5164131496343	0.0	1745.0581892098191	457.7617694452646	0.0	1863.4894623812327	344.02738231818137	0.0	1908.967264787589	411.1241518998384	0.0	1883.5088538442897	475.89054720699494	0.0
8	0.32057347670250896	1822.18127385212	490.63797621694596	0.0	1811.1967618257645	496.0693660623303	0.0	1849.0363329078139	591.1035393813888	0.0	1898.7317451464523	689.6491849935514	0.0	1858.912651342645	720.8166492346077	0.0	1864.294268620767	717.5472022852387	0.0	1911.3531520459308	705.921938146638	0.0	1829.5770181961318	494.3237222077675	0.0	1783.8129064248647	583.5263780829547	0.0	1740.1995705549475	692.6391480203582	0.0	1695.5050669248753	701.5144213154126	0.0	1702.482248879529	706.3282210717209	0.0	1741.8458240295245	709.8335254273198	0.0	1806.5824933841227	328.08708206355766	0.0	1786.155811671826	263.33835549249284	0.0	1771.144464360032	303.6771340888116	0.0	1778.5176395190097	350.34190445443534	0.0	1773.6989409785756	418.82068268830164	0.0	1729.587170461519	457.3038917879793	0.0	1847.394634562058	347.38575625217527	0.0	1895.1238220995294	414.8001090261479	0.0	1866.6602435867098	479.98669269518865	0.0
9	0.3606451612903226	1806.315958655258	491.74030066405794	0.0	1795.4145558272867	496.4174946702416	0.0	1836.0252482686542	593.0032026498205	0.0	1895.0624606097883	689.3875721118923	0.0	1859.4169589020564	722.3501717695574	0.0	1863.8768504933726	718.4304092982643	0.0	1908.39605217757	703.8064022446381	0.0	1813.6631592780461	494.9966469020402	0.0	1763.7803480456469	582.0603265008334	0.0	1722.578907922358	694.8558812808956	0.0	1675.6126379527634	703.0195389596272	0.0	1683.0829874699546	709.5113749136334	0.0	1724.3872997080143	710.4524088391629	0.0	1791.6427182665454	330.85042505296894	0.0	1770.860441282162	267.46542025240274	0.0	1754.6151205463589	307.03457337194595	0.0	1763.834145763732	351.3853142228844	0.0	1758.7837031753302	421.15373897179927	0.0	1717.0906355608383	458.2506141556232	0.0	1831.2473238486562	350.7235342213871	0.0	1878.3536717520337	419.02655638970026	0.0	1848.6071232334723	483.43244812829414	0.0
10	0.4007168458781362	1790.4531512864442	491.79504790566875	0.0	1781.3643187859857	495.0217280034206	0.0	1816.9631438736253	593.2878492785057	0.0	1887.4310401004036	685.5049808297471	0.0	1858.794499688774	722.7660713647526	0.0	1861.818920074908	719.439269792274	0.0	1902.0198046486973	696.9521907896983	0.0	1796.5903814360045	493.99315914707097	0.0	1743.2143941957345	579.8914695367241	0.0	1714.5069964856198	696.2464141560733	0.0	1664.4148086371902	706.0256318885663	0.0	1672.2227353126132	714.6220095072808	0.0	1718.5671821935484	710.9615421240569	0.0	1776.6571017653241	332.7882277046002	0.0	1755.254382745454	268.76666406421083	0.0	1739.1001937661242	308.4639545996614	0.0	1749.6227551835416	351.744123809514	0.0	1743.674708188825	423.0797799535027	0.0	1704.8758458729305	462.45990725892943	0.0	1814.8882814965782	353.21218767091347	0.0	1859.2475751024635	422.5522227270866	0.0	1827.4317263816815	485.57337741943763	0.0
11	0.44078853046594985	1773.8826443593905	491.73208789884643	0.0	1766.612785190509	493.522058416534	0.0	1791.1073489588523	593.4725571273368	0.0	1873.1320644294906	677.5643510345086	0.0	1857.0615500557167	721.5644355454108	0.0	1858.504811669771	718.410758554579	0.0	1890.6864981764143	684.2614842411257	0.0	1778.6896079225426	493.1813953444662	0.0	1725.6682818618294	579.779305018518	0.0	1711.2388908537976	696.4445605076482	0.0	1660.894043603485	709.7732998879646	0.0	1668.3096906734172	717.6019875495421	0.0	1718.0981675631879	711.0907867180249	0.0	1760.7864396270857	332.9443591392253	0.0	1740.342643011299	267.8885900099154	0.0	1723.603100156496	307.5246372159069	0.0	1735.3684567466703	351.6319656208743	0.0	1729.1493629489835	424.5242092686791	0.0	1692.484360826035	470.4475259272468	0.0	1797.393692560689	354.45870802765444	0.0	1838.8297498720651	424.2717588628536	0.0	1805.5733495718318	487.5083031655413	0.0
12	0.4808602150537634	1755.726716549741	491.0711334062411	0.0	1748.5407855947415	492.1500500761988	0.0	1762.4605209119356	593.9271701206767	0.0	1852.0797456885339	667.7717479737094	0.0	1850.2324148889825	717.8624104129782	0.0	1850.6898660882302	713.9973222739809	0.0	1872.6261801908881	670.3302342398481	0.0	1760.8970199731782	492.5908547384756	0.0	1713.0860458927225	580.9648921871933	0.0	1709.4683481806596	696.6715401701678	0.0	1661.5966810052957	711.8624439995897	0.0	1669.2950622799544	717.678478558201	0.0	1718.3660648712646	711.7421409346839	0.0	1744.7899079506049	331.1303761531466	0.0	1725.9358880423936	265.8383366830957	0.0	1707.5871415287186	305.420186579917	0.0	1721.1693169084601	350.3411853605534	0.0	1717.9569678364471	425.00991204520585	0.0	1684.6054581380165	478.05946132877307	0.0	1779.2768395818352	354.04975307214494	0.0	1818.6073986154634	424.27796752404976	0.0	1786.5116219870033	488.3380017814234	0.0
13	0.520931899641577	1736.5391397090043	489.1650749167014	0.0	1727.227041036951	489.4248308713793	0.0	1733.5769698761158	592.1106304146622	0.0	1826.368273086613	659.2651055205672	0.0	1831.614375206571	712.0663120510925	0.0	1831.1646219592028	707.3639333446409	0.0	1847.1680407996027	661.3758883190735	0.0	1743.8862571694558	490.166339094558	0.0	1705.9174256846843	581.8752529573679	0.0	1708.2595376027953	697.4756256908952	0.0	1662.5694745281912	711.8669065031233	0.0	1672.2947918365842	716.8308452506061	0.0	1718.4195896860288	713.4334872613101	0.0	1729.4526542988106	327.98328025606395	0.0	1711.1786899813592	262.12071749412274	0.0	1691.814201191506	302.7837811461852	0.0	1707.7592329458207	347.3693846369781	0.0	1710.319444001839	422.9489562138027	0.0	1682.408450279574	479.0772279014319	0.0	1761.2816949915332	351.2991992604043	0.0	1798.8168424949436	422.46738394492115	0.0	1769.0357146919603	486.6820384681914	0.0
14	0.5610035842293907	1717.9292057327048	486.2705132685905	0.0	1705.9634305559755	485.5502175275784	0.0	1703.6902782988348	586.5949687645374	0.0	1796.8701712514141	654.2696125399735	0.0	1800.275293079204	704.3582879340324	0.0	1798.03044734682	698.9414989516529	0.0	1816.3555563351936	656.087246637761	0.0	1728.1571551002503	485.94654988765603	0.0	1702.8169434849162	582.4667638965659	0.0	1707.6968100836148	698.1904602757398	0.0	1661.9872721406514	711.6213813719993	0.0	1674.0733214427962	717.0581838428462	0.0	1718.9407842696792	714.7607750158262	0.0	1714.1496036798358	324.37604936276296	0.0	1695.546500678537	256.6731175311197	0.0	1676.587531101134	299.4029428146255	0.0	1695.1041701657537	343.6531581437913	0.0	1702.0115910001218	418.0583716232234	0.0	1678.5862682699785	472.20337315025114	0.0	1743.536653059122	346.43332709364773	0.0	1779.4793124086477	418.2880368137729	0.0	1750.9616854343562	483.06103404633495	0.0
15	0.6010752688172043	1701.5760737678136	482.54109419083414	0.0	1687.9716214872929	482.2357048424149	0.0	1673.4749149053582	578.785912042257	0.0	1761.2674483230205	653.9523080531832	0.0	1757.4876183063768	695.7926939200975	0.0	1753.5761448260705	690.1071202650298	0.0	1780.1077235218781	652.5260157943454	0.0	1714.6134092115356	482.17163530067126	0.0	1701.3375056127677	582.5814963704139	0.0	1707.7331129579723	698.0745642735772	0.0	1660.3910859546193	711.835187825205	0.0	1673.966767746082	718.3101455036417	0.0	1719.3917178497236	714.6447355874125	0.0	1698.8775007065656	321.0284054111566	0.0	1679.6302215272667	251.59583792621197	0.0	1661.8766697844126	295.88787850527797	0.0	1682.639529487674	341.17604422353486	0.0	1691.0031017600566	412.6352823461129	0.0	1668.5343057388682	462.8234332313273	0.0	1726.8784512863674	341.0826251691405	0.0	1761.79740366552	412.65304977101016	0.0	1733.4056584375976	478.2319472489156	0.0
16	0.6411469534050179	1687.7785467814824	478.6506573488111	0.0	1672.8493696698297	479.53657419556646	0.0	1645.7010487172404	570.5283392864333	0.0	1720.5883611185534	657.3360308788557	0.0	1704.393421923889	691.1483084526792	0.0	1700.7195629798325	686.068921422973	0.0	1737.188644177142	657.255295537039	0.0	1702.7980400202698	479.473702133732	0.0	1698.82902697129	581.0275006252875	0.0	1707.6582289817707	696.8630707455923	0.0	1659.6682112375856	711.8738235949847	0.0	1673.6384228832267	718.7061125026307	0.0	1718.6684325527253	713.599775862922	0.0	1684.3571600609166	318.06034873319265	0.0	1664.1074077605904	248.50292400631673	0.0	1648.025786172766	293.16443029795744	0.0	1670.2772903713494	340.60838273350794	0.0	1680.000267464348	408.3300571578855	0.0	1656.6873524370774	456.55537342913385	0.0	1711.7629372636334	336.62225127281613	0.0	1746.5800266795113	407.3274449799496	0.0	1717.5095952080449	472.21276200739624	0.0
17	0.6812186379928316	1674.4194582246444	476.71369036840974	0.0	1657.9924882110947	477.23276355603747	0.0	1622.2816859566549	563.3992634730109	0.0	1682.1321432816305	661.3596123200691	0.0	1649.8571489927836	692.7573620472622	0.0	1648.2301466123795	688.4270766620692	0.0	1694.5777367515602	671.3413845859617	0.0	1690.6180847615638	477.6467622599885	0.0	1693.480554499876	578.213758452074	0.0	1706.729883943039	694.8356755120318	0.0	1660.3486394894878	711.7363532418259	0.0	1673.6372176911652	717.3381230470708	0.0	1717.3704243989762	711.8455134158697	0.0	1670.3768376511346	315.7700831168286	0.0	1648.3944252570532	247.07309327675807	0.0	1634.7774680489008	291.72265188077773	0.0	1658.2194835024518	340.8135937367593	0.0	1670.63387032119	405.8963479603459	0.0	1646.4668162043558	454.80294064802547	0.0	1697.1647309388952	333.8632517816983	0.0	1732.9196097581726	403.3330337555792	0.0	1702.032967603076	466.0922651623	0.0
18	0.7212903225806452	1659.3156093084874	477.3439095885253	0.0	1641.968989955925	476.66827793541063	0.0	1602.9147598405516	558.9169274468844	0.0	1647.8365785449134	663.5230238212836	0.0	1603.388661742973	694.7570068960149	0.0	1603.8418562651093	690.254874165641	0.0	1659.8801842464786	682.2656089015455	0.0	1676.8883414406966	477.4535660939554	0.0	1686.0067090103269	576.8891788506439	0.0	1705.3007494736623	692.6060640860686	0.0	1660.5924198421353	711.8521946474312	0.0	1673.3284915308652	715.7802185360513	0.0	1716.7147423915571	709.2496784597666	0.0	1655.9923894447527	315.52519765556303	0.0	1631.8413580530969	246.78889838058313	0.0	1620.4705441922385	291.91683901806925	0.0	1645.3913262724213	340.89496316572274	0.0	1660.9331863089021	405.5523392217377	0.0	1634.30205479895	455.17938595606654	0.0	1682.1740365099708	333.46317775486045	0.0	1719.3928510978033	401.2762117507009	0.0	1686.3198476318378	461.8374015452703	0.0
19	0.7613620071684588	1643.5541529782145	478.32774708463205	0.0	1625.8549504948771	478.11685657444866	0.0	1586.8090491426171	557.6912374024396	0.0	1612.504860483737	662.593827856983	0.0	1564.2716075886808	690.390862657183	0.0	1565.3354372144386	684.9437516111248	0.0	1628.1112736856037	681.8089623211104	0.0	1662.7260977252465	478.57559817236313	0.0	1678.2862009437006	577.832988192529	0.0	1704.419587057361	690.7197166701918	0.0	1660.1428112753852	712.0894068198205	0.0	1672.992324342831	715.2787829387637	0.0	1716.4675186707498	706.6492712821046	0.0	1640.419508990124	318.0226910048051	0.0	1614.9462340923474	247.38083305830241	0.0	1603.952217383236	293.6217624762052	0.0	1629.6981119041284	341.2317369099544	0.0	1645.523482031211	404.7387784677565	0.0	1615.2623655220195	454.2581702858245	0.0	1666.6294073766421	334.89574798107833	0.0	1705.2212021921105	401.1624984533045	0.0	1671.2738193533635	460.6122466848465	0.0
20	0.8014336917562724	1629.7835946184314	478.3916699879285	0.0	1611.7665485722116	480.1352343596686	0.0	1574.0426428288993	559.8921773589809	0.0	1573.990295316866	661.4273321736282	0.0	1527.2295522583177	682.1135880008671	0.0	1528.1207640485072	675.9194376962082	0.0	1589.9138379500178	677.710088614216	0.0	1649.8413108944574	479.6988578541805	0.0	1670.3000785057218	578.5067962272353	0.0	1704.07670989984	689.5830542937642	0.0	1661.0411765612764	712.1221703202652	0.0	1673.6337487393232	715.2850687532895	0.0	1715.9394909319524	704.8260405607488	0.0	1624.027690559553	321.6990471313656	0.0	1598.391826838581	249.16447717311084	0.0	1586.5308018851877	296.1350243127317	0.0	1611.8193229001324	342.5711315010801	0.0	1621.1587857750517	402.8232466380812	0.0	1592.102571315923	452.82079151502444	0.0	1650.6582080862497	336.8283189466622	0.0	1690.2741192290516	401.67775443429764	0.0	1657.512331131048	461.83114742612946	0.0
21	0.8415053763440861	1617.1664723222032	479.25219195120224	0.0	1598.858621314657	481.81420915467095	0.0	1561.923552338581	565.2888110132575	0.0	1536.423038249151	665.9265858340373	0.0	1491.5706117062323	679.0947049144422	0.0	1493.120323462501	672.9522180124599	0.0	1547.5107784706756	681.3285471362783	0.0	1636.8783799378982	480.71510335053705	0.0	1660.6525759050735	578.1493865436025	0.0	1702.8243039993072	688.7572791320146	0.0	1663.334717386707	712.1918911873709	0.0	1675.3786919489028	715.685798489458	0.0	1715.1654484762444	703.4475041899741	0.0	1607.7981512360047	324.57896675299975	0.0	1581.5959746936533	252.6620909117741	0.0	1569.6876000513553	298.6993385139933	0.0	1594.8277748956466	344.75498514691844	0.0	1597.019038509175	403.94433368337474	0.0	1575.1629978106105	454.93037381444276	0.0	1634.4872788667867	338.7184073099013	0.0	1674.8070118842593	401.52612555791336	0.0	1644.9720321096474	463.21526461059796	0.0
22	0.8815770609318997	1601.8656120434223	481.9932924087103	0.0	1583.5523107702234	482.8057702639309	0.0	1546.1633627770123	571.4107904146339	0.0	1508.9434266743094	674.6105950118778	0.0	1463.3079117391812	684.5031515477103	0.0	1466.2853641626405	678.7881890818668	0.0	1515.5503237230887	691.103895773028	0.0	1620.5537381699073	481.83436141583206	0.0	1647.4455018350209	579.2540204465995	0.0	1698.4745584044017	686.1759323117312	0.0	1664.5176699314143	712.7057754085704	0.0	1676.8078047693282	716.2738992855856	0.0	1712.9404489147507	700.9834207225952	0.0	1591.4520921946078	326.4430292361825	0.0	1563.6947707800175	257.0434350494097	0.0	1553.0092715780822	300.8846492639286	0.0	1579.1269080044217	346.7572314628337	0.0	1583.8257325963757	408.65609197531387	0.0	1567.4602980421746	460.23860754862415	0.0	1617.5437034171398	340.76555454927995	0.0	1658.8168582303215	401.33528334596156	0.0	1631.9082078186063	463.6793866125485	0.0
23	0.9216487455197133	1582.7917681996464	484.35447250030126	0.0	1564.7765716164263	483.0620402724977	0.0	1527.4074409782086	574.8099952854097	0.0	1495.9728133296453	680.2526577570583	0.0	1446.5855444490633	692.2135395297526	0.0	1451.1407070926589	686.6517772409097	0.0	1502.3358165962047	697.3659437975421	0.0	1600.9645719187913	482.6059740196072	0.0	1628.6647623376364	582.4190380001696	0.0	1689.173799085967	680.1751081968297	0.0	1662.766642542464	713.7153761085189	0.0	1676.1287628899463	716.006404022871	0.0	1706.6710296233925	694.8748491682477	0.0	1574.2672007741462	327.85302589053265	0.0	1545.466381042845	260.9967839283504	0.0	1535.9982331413441	302.66907062384274	0.0	1562.442219957317	347.8340383518327	0.0	1575.1912295502302	412.919275133401	0.0	1558.860487728886	464.8982525898423	0.0	1599.2215798686786	342.6888446610332	0.0	1641.4502422625446	402.21508381977173	0.0	1615.0722800521537	464.7871476584183	0.0
24	0.9617204301075268	1562.6412515665938	484.61006403355543	0.0	1544.8686059681877	482.63865273608405	0.0	1509.336476583658	574.9608286781631	0.0	1491.4545436862543	681.7184319103546	0.0	1439.043341640584	696.185641081785	0.0	1444.8278684866557	690.5574819336999	0.0	1500.284877738712	697.8275432050773	0.0	1581.180038293608	482.7172661628115	0.0	1604.618559704008	585.4173380974278	0.0	1675.0102440754301	671.6307875253519	0.0	1657.8010677307266	714.1484604184689	0.0	1671.8042031072937	714.2174827893009	0.0	1695.4084532271604	683.6281044944478	0.0	1556.9759964951627	328.268781964105	0.0	1528.1161374484775	263.7507449253534	0.0	1519.307302276933	304.10312775381686	0.0	1544.1621829954793	347.71079876131085	0.0	1560.4146495232467	415.29800710442515	0.0	1542.1942825251456	468.26508173915073	0.0	1580.9947258791346	343.44818170824897	0.0	1622.583121208695	403.73725241145513	0.0	1594.2580178133148	467.53109696424815	0.0
25	1.0017921146953406	1544.0727438616063	483.84077740032603	0.0	1526.6648979134322	481.1754452736512	0.0	1494.0993783871454	573.9373542645658	0.0	1489.362697131754	682.0091987552595	0.0	1438.1611526553306	696.3621661584212	0.0	1443.4535160222804	690.7350567484464	0.0	1499.8325905205315	696.8152381511882	0.0	1562.9304445996509	481.9946893392315	0.0	1576.5612555919806	586.9368984931727	0.0	1656.4967282153207	661.6108590406237	0.0	1648.70756012223	710.5134592621484	0.0	1661.4517376497254	708.4714097055225	0.0	1678.4604238024294	668.472705543671	0.0	1541.0419028122574	326.78317726469874	0.0	1511.801585917858	264.7677456271653	0.0	1503.9651885625656	304.9039958962022	0.0	1526.5694570525866	346.19790343937075	0.0	1542.010327370941	415.9688604067606	0.0	1523.573273851561	470.76429139445304	0.0	1564.734557068564	342.32606692715615	0.0	1604.4145677456422	405.13061019112445	0.0	1574.1386161292883	470.47959127186664	0.0
26	1.041863799283154	1527.5809771569616	482.02788798473046	0.0	1511.536887273136	479.21429397431825	0.0	1482.8820334230004	573.3436552029835	0.0	1488.3617343448918	681.8609841829045	0.0	1440.6126527044617	696.1222424624824	0.0	1444.0226729424026	690.7358176604931	0.0	1498.6854185515492	697.1208937173557	0.0	1545.458427102119	480.54437455656324	0.0	1544.610793154588	586.0608299077248	0.0	1632.6665524334976	651.1251368138046	0.0	1631.9435170656295	701.4127971473963	0.0	1641.725908948142	697.0962998204889	0.0	1653.7485201609486	653.8787824087586	0.0	1526.7692924155551	323.94515678988546	0.0	1496.854593746595	263.91948814043405	0.0	1490.0815332128016	304.13715522174715	0.0	1511.6788560967059	343.8541317076052	0.0	1526.8080577895062	414.3801036706145	0.0	1510.7136376383808	470.53969426809505	0.0	1550.1174942478492	339.47216519184224	0.0	1588.5693324520057	405.46586863321716	0.0	1558.4305902888007	470.71482761232505	0.0
27	1.0819354838709678	1512.524971119077	477.8078304850438	0.0	1498.7349255607542	477.3627485556537	0.0	1475.403845773525	573.3761896587922	0.0	1487.6270502949055	681.6092727154486	0.0	1440.9787719044919	697.3894717000585	0.0	1444.1141951317568	692.4359645279795	0.0	1498.299650820202	698.6654602127642	0.0	1527.918415587446	478.49289903024965	0.0	1511.7495944414352	581.7272155333159	0.0	1604.1829054729294	643.5850928737589	0.0	1603.9089656610645	692.3621715365343	0.0	1611.9875206643724	685.7065109580062	0.0	1623.098407843893	645.3923822062036	0.0	1513.294862784885	320.81777037637096	0.0	1483.9081598960738	261.21803664665134	0.0	1476.6493874821758	301.19157176770716	0.0	1498.7401793477925	341.70535636265294	0.0	1513.7220448275339	411.52062491146967	0.0	1499.8079629456688	467.5362682700669	0.0	1536.3300154113483	335.59759140711117	0.0	1573.869602511826	403.57785498851115	0.0	1544.8286960690218	465.89331718498704	0.0
28	1.1220071684587813	1498.7538116705844	472.2825959266862	0.0	1487.073540903617	474.13186138324943	0.0	1470.1866806936437	572.7046372700283	0.0	1486.7795056887885	680.964380056017	0.0	1438.8730977542496	699.2957462846896	0.0	1443.8150177911193	694.1604747753995	0.0	1499.0904576396074	698.5243284042388	0.0	1511.349013989963	474.8708990676024	0.0	1483.1784221925875	574.9078363423152	0.0	1573.332841513131	641.0620599433437	0.0	1566.4070062699882	688.8519858410946	0.0	1576.6163682039705	681.5108067724782	0.0	1591.8952883423008	643.5971896817922	0.0	1500.085627010819	317.48356087573836	0.0	1472.196925585155	256.6870379832615	0.0	1463.329868170611	297.35455873466043	0.0	1485.885990814221	339.66737199244704	0.0	1496.841443434703	409.1785121390476	0.0	1480.462237442047	464.1813014575521	0.0	1523.699460315642	331.9584459499999	0.0	1559.369244956446	400.35899020057474	0.0	1529.1163297670323	457.9863376644544	0.0
29	1.162078853046595	1486.0775924471234	468.31510868770727	0.0	1476.2746532567976	469.1905484411536	0.0	1467.5714975314693	569.999304606337	0.0	1486.28047129908	677.6518920983857	0.0	1438.1830810438182	700.3006456215645	0.0	1444.261999428044	694.1209738796596	0.0	1499.433780103057	693.5352557562201	0.0	1496.1700277949828	469.7104112092676	0.0	1458.928024409437	567.3433461716021	0.0	1539.078558615606	642.3122539737662	0.0	1523.3570096948115	689.8912120909854	0.0	1537.1594008520876	684.5340663206154	0.0	1559.5482269414656	645.9524148463709	0.0	1487.2122524540246	314.3026028780016	0.0	1460.4112203086943	251.2942981105976	0.0	1450.7505452299158	294.2526958540405	0.0	1472.652358236807	337.1010918634558	0.0	1475.2712314538662	407.4538832676749	0.0	1450.4340482383818	460.6510341154868	0.0	1512.037688336275	329.79403514678694	0.0	1545.7112006080142	397.85555559352383	0.0	1511.0657436602432	452.073392087106	0.0
30	1.2021505376344086	1473.741480789215	466.7947717297125	0.0	1465.9511809874368	465.28562975401843	0.0	1467.1886563240573	566.7884956654578	0.0	1485.8194613077508	672.6402283177993	0.0	1438.9324037254746	699.466552406964	0.0	1445.0495001364739	693.4445277765512	0.0	1498.1411991975642	687.272963803481	0.0	1481.0106497832428	465.63950331738613	0.0	1434.826773567743	560.1295258453555	0.0	1499.4994478877466	647.2750703299045	0.0	1474.943000818264	692.3978742423316	0.0	1490.0268753411644	689.8555520094694	0.0	1520.9312016610334	653.8887224646297	0.0	1474.5766233113854	312.3888608635117	0.0	1448.7031691911554	247.3089694533175	0.0	1438.6873238245464	291.85392154318424	0.0	1459.8326167326854	334.3653688450888	0.0	1454.3754524890014	405.6452161105624	0.0	1418.5459158400881	455.26802480206476	0.0	1499.611718939495	329.18765289923954	0.0	1532.692346930819	396.6979108799477	0.0	1492.4432242986393	450.33079763268825	0.0
31	1.2422222222222223	1461.6742668679954	466.3600039804254	0.0	1456.1489321695271	463.6701956489594	0.0	1465.109323642796	565.4483479774744	0.0	1484.980044710321	670.7620635819926	0.0	1438.8565207726583	697.1316662743131	0.0	1445.1100447370293	693.5653118176833	0.0	1495.6214172475668	686.9290423349355	0.0	1466.4053022059657	464.095399911854	0.0	1410.9716362758934	554.7648227164885	0.0	1458.1880671036438	655.8494302650213	0.0	1423.3958690091258	694.1081072562948	0.0	1438.256286380489	692.8158353846522	0.0	1477.8506369330953	667.531487666803	0.0	1461.8942807541027	312.01463013356437	0.0	1437.5297895612532	246.41438467751527	0.0	1426.140169419051	289.9800440621217	0.0	1447.7542902512412	332.45472677180004	0.0	1437.7109437751737	403.99212241396503	0.0	1393.1240975091018	448.0848313002677	0.0	1485.3565360849354	329.26156329442097	0.0	1519.1068571408287	396.9331255866992	0.0	1474.008985994135	451.5410567189929	0.0
32	1.2822939068100359	1450.5470594105782	466.30881531343834	0.0	1448.3000085287072	463.4880836834278	0.0	1459.477948275071	565.4079368213413	0.0	1484.2822289944359	672.5489388245925	0.0	1438.60862820421	695.3939360377635	0.0	1444.5403519606205	693.9537052222086	0.0	1493.5324787598106	691.0294642517067	0.0	1454.0056414771855	463.9609196343247	0.0	1392.2910390773368	552.5462951768425	0.0	1420.882418650623	664.3173792290493	0.0	1375.6081055586749	691.7098631451704	0.0	1389.8358326774446	691.7944465496122	0.0	1437.3909888735532	679.9911199471605	0.0	1449.164080322836	312.7020083234151	0.0	1426.25138114582	247.66208812881825	0.0	1413.1929312047037	289.41463747203164	0.0	1435.8290039978374	332.1312551944397	0.0	1423.5033477365134	403.0365755427912	0.0	1374.29238206809	440.006185468104	0.0	1470.810532381123	329.66503615188515	0.0	1504.579676883397	398.6830014009073	0.0	1456.6388200354063	453.78679598573854	0.0
33	1.3223655913978494	1439.9973251799686	467.3591236757152	0.0	1441.9230426562776	464.8646108957586	0.0	1452.4844815871652	565.5149207312322	0.0	1483.6109624601615	674.0766260821471	0.0	1438.9861566349919	695.462050270691	0.0	1444.3053792877713	694.1213385064582	0.0	1493.2609886870514	692.3513018568839	0.0	1442.4083050811662	464.79147324572364	0.0	1380.8910088860832	554.021282496675	0.0	1387.202393946549	669.6264605105584	0.0	1335.3137378084284	683.872921417236	0.0	1346.3857255764756	688.6335220626764	0.0	1400.1921844257581	685.7886746393116	0.0	1436.3095257542873	314.3920932193322	0.0	1414.2309690727714	249.31266780966206	0.0	1400.8680831356373	290.46425118192803	0.0	1423.2377795906568	333.30923344479675	0.0	1409.4622138965153	403.20135365117414	0.0	1358.072863728839	431.66721906162866	0.0	1457.3235939489248	330.978391461973	0.0	1489.4541073991506	401.28846532645525	0.0	1440.7991096677752	455.91601322593414	0.0
34	1.362437275985663	1428.281480948323	469.6763535619357	0.0	1433.2751825056748	467.56130730594157	0.0	1444.8679124921882	566.5768231431958	0.0	1481.9397640830646	673.9518662744331	0.0	1438.9005004455069	695.883647624229	0.0	1444.4235503089976	694.292738474226	0.0	1493.8426985407762	690.2715820050892	0.0	1428.9948037732556	466.9380139857837	0.0	1372.9502241044397	559.0114704839017	0.0	1354.0300602279217	672.409102371083	0.0	1301.9852982387843	675.2579155905597	0.0	1308.5863900759002	685.606737872356	0.0	1363.2313979138762	686.360400681678	0.0	1422.686535174698	316.77399788293974	0.0	1401.547269124375	251.20759463738653	0.0	1388.8699153601076	292.2428797733088	0.0	1409.7188837626372	335.1749131993928	0.0	1396.3363466504068	404.86554018903814	0.0	1342.6909206934727	425.2251976730006	0.0	1443.4836567705793	333.8045019174435	0.0	1473.8900320507967	404.20732894108534	0.0	1425.2978651953276	458.75509804165995	0.0
35	1.4025089605734766	1414.5831990423299	472.12895282267704	0.0	1420.634392436482	469.9961079704266	0.0	1434.975719744991	568.6208966159311	0.0	1478.9241457083187	672.6094045940396	0.0	1438.3532606756846	695.933201100296	0.0	1443.8211938917138	694.6758796520343	0.0	1493.4796966703782	687.9063277353476	0.0	1413.8104633465564	469.5335740599638	0.0	1363.1245089561976	564.5256739358259	0.0	1325.7927804191438	673.6347268883558	0.0	1276.7116118547117	671.5280292648408	0.0	1282.1472245402338	683.4996358587676	0.0	1332.3326709973069	685.5662567972597	0.0	1408.11735241626	319.03890522692086	0.0	1388.5264894737202	253.4067560371738	0.0	1375.7982680305329	293.99506837828454	0.0	1396.0820178273525	337.4855924423265	0.0	1385.0999576012487	407.1812104435364	0.0	1329.4388220778778	422.85991724333877	0.0	1428.017566815453	337.9998358210804	0.0	1457.9049717611515	407.8248668702218	0.0	1409.0164309804704	462.5838496040015	0.0
36	1.4425806451612904	1399.6812236862347	473.8493223626316	0.0	1406.0446964450987	471.4571387354913	0.0	1421.3573629252094	570.2537838588997	0.0	1474.0504435594905	669.5477646796694	0.0	1438.5854292761342	696.8378192789552	0.0	1442.5373629638173	695.2968847516036	0.0	1490.9990422267183	684.1317782797114	0.0	1398.0501636838085	471.36307028126487	0.0	1348.9271767534453	565.9960795362399	0.0	1309.6535509595656	673.6920622311476	0.0	1262.1316215657484	673.0612573347746	0.0	1269.025210854568	683.2167790311491	0.0	1316.1183179034472	685.7358792703762	0.0	1393.383156327422	321.18540894206274	0.0	1375.4131628016653	255.09594836104964	0.0	1361.5712341200503	295.57737733933715	0.0	1382.8116302283017	340.1933836127673	0.0	1373.978441893061	408.73323467584413	0.0	1319.3432710227225	423.87392066137704	0.0	1411.9030885677525	342.0907345487892	0.0	1441.5433631969804	411.7928097903212	0.0	1392.6443978434513	464.7742104052284	0.0
37	1.4826523297491039	1383.8463996512262	475.07194319277033	0.0	1391.051314221169	472.2891460615111	0.0	1403.0308580047115	571.3430055434766	0.0	1465.521786561828	664.5802629814516	0.0	1439.242539749483	698.1891294625557	0.0	1441.720971710803	695.2158320600772	0.0	1484.2262753290738	676.2860504731515	0.0	1380.9059287134737	472.3843542628065	0.0	1331.6168517028545	563.6229135975132	0.0	1303.9877170115537	673.4913507184938	0.0	1256.9163011437963	676.6707245497433	0.0	1264.0643897233822	685.3782297045632	0.0	1311.8922195930827	686.7305950251465	0.0	1378.8172556556237	322.81715568686695	0.0	1362.2561225590046	255.67096416148613	0.0	1347.121515722217	295.9931222253983	0.0	1369.144891922303	341.93651303249703	0.0	1360.821197416516	409.51676559330565	0.0	1310.4529866817907	427.6966323685613	0.0	1396.0609271867	344.34614080802623	0.0	1424.837348351271	414.6263599002991	0.0	1376.866426447154	464.2634673482622	0.0
38	1.5227240143369176	1367.2960755746972	475.4339563062325	0.0	1375.6589376042766	472.3066618377016	0.0	1379.9284671981527	572.7236153636206	0.0	1452.0855745036838	657.5684986104177	0.0	1437.9066590109617	697.6750766926314	0.0	1440.4740166412387	693.3985458188794	0.0	1471.5095665179804	664.206576253391	0.0	1362.701485320641	472.71202395589614	0.0	1315.3045019794622	562.105141547583	0.0	1302.1358976596289	673.5668182859051	0.0	1255.4750423823084	680.1627265977968	0.0	1262.8176126001485	688.4283160211827	0.0	1311.0181165812673	687.2485152291625	0.0	1364.14592247607	322.3052573003021	0.0	1349.0816939734916	255.18436410108123	0.0	1332.7850572592642	294.2684290184101	0.0	1355.166800717322	341.61867966742966	0.0	1346.240224054415	410.5285717447174	0.0	1299.8873427476371	436.24939656955894	0.0	1380.2907027316703	344.8547036307812	0.0	1407.6848319319706	415.73613821281185	0.0	1360.174015291835	464.3986953806834	0.0
39	1.5627956989247311	1351.528146632184	473.4116441154263	0.0	1359.1905963820982	470.7917287227052	0.0	1354.3241762669008	573.4432815026066	0.0	1433.7983296602654	648.4974635888316	0.0	1430.2277981409572	694.4673136494517	0.0	1432.8395847524603	689.7878457361569	0.0	1453.6403907306917	650.2704438442854	0.0	1347.3118392892195	471.42978114613663	0.0	1303.8199099377548	562.9140957509579	0.0	1300.9835611753097	673.6502620578908	0.0	1254.5304050250693	683.3677531666624	0.0	1263.684747187314	690.5281200236465	0.0	1310.1677525601683	686.7044731396179	0.0	1349.8260054663324	319.70881291699334	0.0	1336.0163788594118	253.6276577677798	0.0	1318.643326883062	291.5880473805563	0.0	1342.245371284287	340.26082194417245	0.0	1333.3108088742192	411.4592463074433	0.0	1289.7628100422035	447.6403330794733	0.0	1364.9731787905505	344.3867457245082	0.0	1389.8221384520064	415.55623872796406	0.0	1341.5613159909628	466.32572196007845	0.0
40	1.6028673835125449	1337.176782787059	468.7136552953262	0.0	1340.264164378883	467.27954339517964	0.0	1328.7996193227887	571.0500981569838	0.0	1410.9841726085228	639.007047182286	0.0	1411.4643092480324	689.478130777339	0.0	1411.7953217365944	684.373926631366	0.0	1431.1625085209891	639.039647943276	0.0	1335.9670886680838	467.6723730975255	0.0	1297.4240894484685	563.5161210550951	0.0	1300.4917862371062	673.0810222595716	0.0	1254.8173154862184	685.5904141657056	0.0	1264.71452650731	691.1661871480001	0.0	1309.8453566021456	685.706054763754	0.0	1336.6848073882827	316.7533226453274	0.0	1323.2425968242874	250.66945295152226	0.0	1305.0666301107394	289.1234871756661	0.0	1330.5765715540647	338.5698651734877	0.0	1324.9755648905848	410.01841510272004	0.0	1286.0869034737905	454.21533546449336	0.0	1351.0068801154516	342.3964301577374	0.0	1371.369474146068	413.98971969844854	0.0	1323.243584900003	465.43093407918354	0.0
41	1.6429390681003584	1323.154149007095	463.3871827137123	0.0	1319.6723949575098	462.46627458094093	0.0	1302.9272833604941	565.4310803609006	0.0	1384.5580339958533	631.3937704732137	0.0	1383.6627668770952	683.0011877119714	0.0	1380.9738155225782	677.2318148407385	0.0	1403.9780532907682	633.2602762332199	0.0	1325.2093362215874	462.48819718578426	0.0	1294.2824684762156	562.9792170976863	0.0	1300.590678401667	671.3716214887435	0.0	1254.8066218070016	685.5199734036736	0.0	1264.8801814946207	690.6295344675209	0.0	1309.9714717196423	685.2423670631865	0.0	1324.552959533828	314.1155006820344	0.0	1310.9805632804319	246.60233914048166	0.0	1292.299000942348	286.117877143507	0.0	1319.3488566456083	335.73366744364785	0.0	1319.7963771253312	405.44662732917607	0.0	1287.2758937350166	453.3811728921644	0.0	1338.2866065641008	338.7091918086131	0.0	1353.4069799766494	411.08795755371557	0.0	1306.886006022135	459.095018771345	0.0
42	1.6830107526881721	1309.0270441629223	459.81005789700544	0.0	1300.8339291884388	458.5465470948051	0.0	1275.9294734854097	558.7472669711611	0.0	1355.648235583529	627.2205875231075	0.0	1352.3240073292718	675.2509899941815	0.0	1349.5534821874767	669.4814632493956	0.0	1373.089691933345	631.0577456325843	0.0	1313.2726028049194	458.4784721656711	0.0	1292.8782339555978	562.5344545152858	0.0	1300.5677624710193	669.4018980727983	0.0	1251.2542026812575	684.5739947644515	0.0	1264.6952678453893	690.3584249256024	0.0	1310.4509350592825	685.4157270105882	0.0	1312.6017869447596	311.7630454850365	0.0	1299.47495458603	242.88083388963233	0.0	1280.3316826938426	282.49358332651434	0.0	1308.1141870381093	332.1590648100127	0.0	1312.0648212141791	400.8645136873194	0.0	1282.9814497427653	450.63380426597195	0.0	1326.0348204988763	334.93108087262266	0.0	1337.141271112207	408.0163004211012	0.0	1290.309111041505	451.1719004183574	0.0
43	1.7230824372759856	1295.3141651045448	458.5882079772127	0.0	1284.8942738982976	457.11106905776137	0.0	1249.8881932709799	552.0158649626608	0.0	1324.222910680131	627.5171454371849	0.0	1313.6370016807982	669.3190768317897	0.0	1313.9719851408845	663.9780118307401	0.0	1339.2816415350871	632.0556912295576	0.0	1301.5366289248832	457.0949840114852	0.0	1291.1934808077363	562.6227735409234	0.0	1299.7938398458198	668.7578461518335	0.0	1247.4107146709744	685.4394805084492	0.0	1263.9991225998458	691.340288946446	0.0	1311.349309308652	685.6332501760778	0.0	1300.6345726157695	309.9129966326078	0.0	1288.5967697333822	240.80514918023866	0.0	1269.1370996229368	280.09535639824134	0.0	1296.1371328552405	329.5314373729651	0.0	1299.3742371854428	399.04983246260923	0.0	1269.3445693484114	449.18844155007764	0.0	1314.1218979097375	332.13686935730124	0.0	1322.440720903486	405.7007779354577	0.0	1271.4392720258977	445.61445606581157	0.0
44	1.7631541218637994	1282.1365653343273	458.77650036744797	0.0	1270.317351176439	457.7987458602464	0.0	1227.6120708235637	546.4307140973687	0.0	1290.3839101852152	632.2220611125284	0.0	1265.239166330831	668.6281356458844	0.0	1268.4483627677364	663.2905468745566	0.0	1303.5751510140128	639.460237442277	0.0	1290.4045460666614	457.81728656357404	0.0	1287.7328565756004	562.6854095250762	0.0	1298.8603686876322	669.442595104615	0.0	1248.7247818359235	687.3459139088982	0.0	1263.311802602424	692.1059010737278	0.0	1312.0268072012034	685.5861674750809	0.0	1289.095208283053	308.8289586242104	0.0	1277.5162277873605	240.20487347643345	0.0	1258.495895538748	279.90219799274865	0.0	1283.2254553535086	328.4796488033772	0.0	1285.3315151803847	398.7133950815229	0.0	1253.9611001394815	447.7019324675325	0.0	1303.12656490502	329.87941383866325	0.0	1308.376062467057	404.1351200292904	0.0	1252.4671690904406	441.30814495314394	0.0
45	1.803225806451613	1269.701492879137	459.4082170278314	0.0	1256.8528699220742	459.55257763310937	0.0	1210.5059966435194	543.844714050307	0.0	1255.5481931065972	639.5092988734966	0.0	1217.684948053015	671.0665909312338	0.0	1221.367620924646	665.6411103035134	0.0	1268.122247411439	651.91721183644	0.0	1279.2346084219191	459.60238078441716	0.0	1283.4035286771734	562.6224505856942	0.0	1298.6127437911985	670.067943617514	0.0	1252.3396665360117	687.6791497297504	0.0	1263.892244352075	691.3036550903284	0.0	1311.940170908218	685.0395063422849	0.0	1277.79465300188	308.651258645282	0.0	1265.5642621635761	240.16144510138798	0.0	1247.4954622417804	280.3962804603168	0.0	1270.489122890284	328.5306885359672	0.0	1273.0550736015775	397.8097778261382	0.0	1242.7551051692103	445.9469512347912	0.0	1292.6627003817546	328.4411838781642	0.0	1294.6061037672948	403.36847903700294	0.0	1236.3776868297014	435.9217686982188	0.0
46	1.8432974910394266	1258.3868301567463	460.31105033578746	0.0	1245.1862031642802	461.43049309657727	0.0	1198.1742769192922	543.8688131132187	0.0	1220.2111605649538	646.8736027862353	0.0	1177.3047231194973	672.0382698178137	0.0	1180.7133417967761	666.7670274990905	0.0	1232.3618923551833	662.7024596721842	0.0	1268.6053631978102	461.4041947083523	0.0	1278.9316130444386	562.8091997347467	0.0	1298.4018477038187	669.6975160981378	0.0	1252.797594110018	686.7775539162411	0.0	1264.7799104377652	690.0103367905183	0.0	1310.9452122359758	683.7539250663331	0.0	1265.863308442512	309.22548083948703	0.0	1252.6201305271413	240.4935615500246	0.0	1235.1707804224354	280.5068410345166	0.0	1258.378762609158	329.258567442705	0.0	1262.0256395336025	397.20168603694384	0.0	1232.9470715134655	444.319960566562	0.0	1281.034673189611	328.81875090023925	0.0	1281.0248955033735	403.66580879869196	0.0	1222.1043775325363	430.9837811899498	0.0
47	1.8833691756272402	1247.6705371012695	461.6039793955737	0.0	1234.6098908340668	462.72086685466957	0.0	1188.7917935575595	545.693266964071	0.0	1185.0608833555734	651.9860503672157	0.0	1141.8699148469377	671.020214739875	0.0	1145.9102979092486	665.5450070690772	0.0	1194.8232887012325	667.8410416563318	0.0	1258.7555429040865	462.4342514242435	0.0	1273.1854072422148	563.3310804230473	0.0	1297.4694050512787	668.6636482137585	0.0	1251.145911985466	686.4976066000094	0.0	1264.7871875595213	689.4186388320134	0.0	1309.0104372809758	682.2355277725995	0.0	1253.1197745079244	310.4876453643726	0.0	1239.0015887703198	241.9235844694756	0.0	1222.0476204191173	281.5121625371292	0.0	1246.2853966431635	330.6979232285029	0.0	1251.3621661724935	398.41511811146955	0.0	1221.307394039553	442.6595730730086	0.0	1267.7232652312211	330.6286342885399	0.0	1267.610242591571	404.8037361566281	0.0	1207.7073776589982	429.53463545039693	0.0
48	1.9234408602150537	1236.4752251305492	462.89946422743253	0.0	1223.6447881854147	463.31553586379687	0.0	1179.8773593835406	549.796489031502	0.0	1154.3796758444432	653.5249845686541	0.0	1112.462760103795	669.9086020523106	0.0	1116.8831784947156	663.9295662313443	0.0	1160.15760711182	668.5585486926875	0.0	1248.052645963549	462.84338181033826	0.0	1265.6230916180673	564.0624289796607	0.0	1296.1852604473333	667.5917466399035	0.0	1250.6425578993912	686.773901706461	0.0	1264.8580097391646	689.265120963645	0.0	1306.9913507029676	681.0944647605918	0.0	1239.9950675487826	312.85043840283384	0.0	1225.7443977415003	244.67477663163558	0.0	1209.3771427631789	284.11083385554855	0.0	1233.6670827075234	333.0423970034143	0.0	1240.3408823219618	400.7087588400538	0.0	1208.9723279038392	443.20316829781757	0.0	1254.3293908675375	332.77162766526914	0.0	1254.712735533301	406.19297687001665	0.0	1194.0629324885124	431.6618018960823	0.0
49	1.9635125448028674	1224.0627424772645	463.9813171406561	0.0	1211.235622133762	463.9231174957938	0.0	1169.167131344354	555.1041921880715	0.0	1132.2430681242427	653.6993336255625	0.0	1090.4825697573556	669.7446873997925	0.0	1094.379142144157	663.4599397520992	0.0	1135.2993048288502	668.8508673841037	0.0	1235.3347826204463	463.3719482742819	0.0	1256.43713513114	564.80640720411	0.0	1294.7224778359148	665.926352830232	0.0	1251.4973113661476	687.0628002331703	0.0	1265.7164633186735	689.2700276931632	0.0	1305.9328171248192	679.7426341880604	0.0	1226.5921944810766	316.1738562358823	0.0	1213.0055340956824	247.75605768476947	0.0	1197.0361637329868	287.0645389212003	0.0	1220.0682787552707	336.05861845521997	0.0	1226.8585789071662	402.81458058270175	0.0	1196.1131425403755	448.0669053614647	0.0	1241.908155008849	335.01097106500856	0.0	1242.1874784580375	407.67448609435684	0.0	1181.438191549041	435.7733925608961	0.0
50	2.003584229390681	1209.9776105623514	465.4061623865006	0.0	1196.7921091604294	465.33018768642467	0.0	1156.522750731431	559.0065957589128	0.0	1118.0136855382439	656.0921855420181	0.0	1074.115728394614	671.3364773979139	0.0	1077.8826014756198	664.8310961128354	0.0	1121.193282536091	671.5210398283874	0.0	1221.17591888058	464.2230998670106	0.0	1244.4624753655266	565.2849336482267	0.0	1292.1209837308497	662.8420644830522	0.0	1252.5679351366234	687.9799086852679	0.0	1266.798709165817	689.7536016194105	0.0	1304.695797506365	676.6681416061872	0.0	1212.8096663774895	318.94016375565496	0.0	1199.5569136552406	250.19253928664494	0.0	1183.8516756347774	289.3039540445125	0.0	1205.7618028299526	338.78773451637375	0.0	1210.7784452409146	405.0926879928599	0.0	1181.731338457234	454.9049665411554	0.0	1228.9474941729354	337.3329624453163	0.0	1229.671917771248	409.4840629470352	0.0	1168.5478223027842	441.3094929653872	0.0
51	2.0436559139784944	1194.2003811407262	467.1881942332527	0.0	1180.6531745095785	467.1928265106494	0.0	1143.9681012527672	560.762368168785	0.0	1109.1413334015165	659.9205583566118	0.0	1062.40034079494	674.5371065862433	0.0	1066.694810378683	668.0491229077396	0.0	1113.7796621070138	674.9617602994795	0.0	1205.9970784442912	465.07765824072317	0.0	1227.799941374667	565.9188594367592	0.0	1286.3939233712522	658.1689872235287	0.0	1253.2488665146116	689.6158718667577	0.0	1267.381938349506	690.3154171994837	0.0	1300.3719560992222	670.0850964339165	0.0	1198.6706646974128	319.705416841412	0.0	1185.4485044082885	251.57460977528018	0.0	1169.4778249027127	290.49467355107345	0.0	1191.7975815902169	340.10135843039785	0.0	1195.0535838946093	407.89439837431587	0.0	1167.036744121182	460.3222538421745	0.0	1213.9521530767943	339.0901296793758	0.0	1217.275762265506	411.25014661762805	0.0	1156.325939423152	447.76306576818183	0.0
52	2.083727598566308	1178.2665903430975	467.92128708905784	0.0	1165.050285597011	467.93426114338223	0.0	1133.2428788743114	561.1348770047564	0.0	1104.750254071015	661.8248379036777	0.0	1056.5172309190355	677.4099339548625	0.0	1060.8898886108245	671.5655550833876	0.0	1109.856472390973	676.645703935426	0.0	1190.2290855105207	465.52702263591846	0.0	1204.988171191298	567.3953063180143	0.0	1275.4330182046303	650.9739584013525	0.0	1251.9532759674523	689.5483784165933	0.0	1265.5976427737983	688.6508738049454	0.0	1290.8611432326777	658.8254662208392	0.0	1184.5120953093958	318.564921919226	0.0	1171.9163031352546	251.46464557158527	0.0	1154.9002518791463	290.26573497079005	0.0	1178.573016242206	339.5483859458397	0.0	1181.260944848526	409.56097075216974	0.0	1153.5944735650216	462.8924588920222	0.0	1198.3321516432188	339.25543559217436	0.0	1205.17343130717	411.4512475002389	0.0	1146.969080108933	453.4167563490192	0.0
53	2.123799283154122	1164.8792533131775	466.0120580887008	0.0	1153.0987427786802	466.0109416049855	0.0	1124.8329771882295	559.7968717577371	0.0	1103.9959161877127	661.0431573095309	0.0	1056.4203434089393	678.585210317916	0.0	1060.514542426337	673.7617531086455	0.0	1108.6977173387195	676.4140245623206	0.0	1175.7383186867269	464.392025283866	0.0	1175.9729563776039	568.1195163009783	0.0	1258.4925927806632	640.0028411714385	0.0	1243.7113344469674	684.5007626697379	0.0	1256.6229393618826	682.3180979539363	0.0	1275.7193185476235	643.7036265631592	0.0	1171.0847445207612	316.4300643453464	0.0	1158.9756144499247	249.88600448177544	0.0	1141.2023858433613	288.6173613981701	0.0	1166.171594695392	337.3125071370342	0.0	1169.707781579371	407.83245761072646	0.0	1142.6929976671602	461.90376649673277	0.0	1184.1267998579456	337.0713378903068	0.0	1194.1406436901284	408.5365894744049	0.0	1140.6075545695892	455.9792474763378	0.0
54	2.1638709677419357	1154.7438848628458	461.72450949597965	0.0	1145.1920125028855	461.72439900256103	0.0	1118.245474348873	556.7288505642608	0.0	1104.1658164777145	659.5314062687938	0.0	1058.0309666521762	679.0277493975635	0.0	1062.559699886442	674.6187935257271	0.0	1109.4617198740932	674.9884570487125	0.0	1163.6962115386689	461.0604860556825	0.0	1144.7456680856858	565.2597322977018	0.0	1236.5446145093367	626.0308329723614	0.0	1224.0768035742697	674.2130116477433	0.0	1236.733530145851	671.2330573471777	0.0	1255.6147287884337	627.339848769883	0.0	1158.864872403309	313.8208401516481	0.0	1146.2496838013246	247.58959400872652	0.0	1128.6126774335848	286.1107903728364	0.0	1154.7393991949307	334.14167241746	0.0	1159.734532655787	403.411546244178	0.0	1133.367904248964	458.365666445756	0.0	1171.5514972760504	333.2019198459486	0.0	1185.4252989009246	403.1972170708193	0.0	1136.0102684566293	454.0823601234084	0.0
55	2.203942652329749	1145.5900848192675	457.22416205734703	0.0	1138.5756152264235	457.23266498354127	0.0	1112.4914764165596	553.4620622410189	0.0	1103.4190902893686	659.0232485056094	0.0	1057.4853539152084	680.4200013579527	0.0	1063.142776214669	674.7840163730327	0.0	1110.512084399267	673.5609113577339	0.0	1152.9238487040375	457.39343158251216	0.0	1117.180982670109	558.6786674455941	0.0	1211.6138153294905	611.7505361567131	0.0	1196.2747927857395	661.1977166094838	0.0	1209.3129274468351	656.9063088121276	0.0	1231.9190593483527	612.5560842404168	0.0	1147.5535701838558	310.956807615864	0.0	1134.617878943352	244.94192877279102	0.0	1116.936963019699	283.0517436789836	0.0	1143.5092741044095	331.20971961749956	0.0	1147.4850630612843	399.59329495977136	0.0	1120.2466978448424	454.8621565598472	0.0	1160.5186462739787	329.559618145706	0.0	1179.252385369803	397.7315333499426	0.0	1132.1010084126315	448.47267520684693	0.0
56	2.2440143369175627	1135.836127744279	453.88506286142405	0.0	1131.6948705506516	453.87644758478575	0.0	1107.3623080645652	551.1226875738207	0.0	1102.1007141864256	658.7720192848125	0.0	1055.16660678584	682.5362940899879	0.0	1061.7106667734151	674.5881769498201	0.0	1109.9520466016945	673.1517011696734	0.0	1142.19514764443	454.7326409975103	0.0	1094.4513406969108	550.0229697520217	0.0	1185.3881686095167	600.3579093267083	0.0	1167.2559603022783	649.1920909289286	0.0	1180.1737806190376	642.7359292601819	0.0	1206.0244216558249	601.30737790162	0.0	1136.8259058700992	308.07943628460345	0.0	1124.7438869935922	241.67180490442234	0.0	1106.185991862052	279.6296663025979	0.0	1131.9178578384192	328.5880863632032	0.0	1131.7613890286257	396.74219196423303	0.0	1101.522231569475	450.38738904456295	0.0	1151.1074492425232	326.7991209337241	0.0	1174.890209939174	392.42800551569377	0.0	1127.8437910621424	441.04739895404316	0.0
57	2.2840860215053764	1126.4865089098826	450.6345505717876	0.0	1124.8666337435288	450.5802835466725	0.0	1103.3947172581147	549.4332578107955	0.0	1100.633126386363	657.2326171919037	0.0	1052.8721295563373	683.4595637749167	0.0	1059.3943078275136	674.4188468581033	0.0	1106.9392548808623	673.1141835023205	0.0	1131.6608111817432	451.55943436272565	0.0	1074.530086444511	540.140005061512	0.0	1157.9362515939326	594.9692758205758	0.0	1137.5158131397754	643.3363408618334	0.0	1149.3526974331135	635.038797696152	0.0	1178.3378926896978	596.1770265596031	0.0	1126.9729171728895	304.9450984182928	0.0	1115.5570886472276	237.6860088925812	0.0	1096.3461943655777	276.3854405484512	0.0	1121.1516082638216	325.17710151214374	0.0	1117.5985327181102	392.40725598498784	0.0	1082.702554391194	440.9036060655361	0.0	1142.435824463328	323.653795903815	0.0	1171.6214118540213	386.07498321361277	0.0	1122.3338994805172	432.911540323058	0.0
58	2.32415770609319	1118.335626609623	445.706082478683	0.0	1117.4973824381782	445.7349864988646	0.0	1099.3467741559648	547.1742821332253	0.0	1098.8809921074896	654.5299696016971	0.0	1051.043921047289	682.1269911884141	0.0	1056.7345697866972	674.4871020582384	0.0	1104.1789320546443	671.6962948859403	0.0	1121.969808748014	446.55864010389604	0.0	1058.1478352048712	529.9450701044915	0.0	1129.5945599683087	597.7391001588236	0.0	1102.8226036924334	645.6691250798822	0.0	1114.1083868206006	637.6129120085295	0.0	1149.3763297519629	601.1799905409739	0.0	1118.2585734032607	300.9074681238727	0.0	1105.7152752977793	233.2272869661603	0.0	1087.3127917073466	273.07075617551936	0.0	1112.291424770719	320.738052369063	0.0	1108.0925685870743	387.20254495858217	0.0	1067.815432052922	427.0019520920132	0.0	1133.7952060478672	319.0885132463312	0.0	1168.4137348935217	379.10152165122156	0.0	1115.6199774176473	424.27989174563976	0.0
59	2.3642293906810035	1110.938309232617	439.4762407537072	0.0	1109.48580643976	439.80349148037203	0.0	1091.7299668239789	543.4607412786875	0.0	1096.5337822167703	651.5301616957754	0.0	1050.07133800024	679.6506878144553	0.0	1054.4974179769624	674.3542778415433	0.0	1104.6124602722837	667.9667520810649	0.0	1114.1136200688131	440.7112576288929	0.0	1046.8042145610352	521.2784221287351	0.0	1102.1786508918092	607.8004060826984	0.0	1064.8059000996154	650.980092423519	0.0	1076.6855278970224	646.381972403413	0.0	1120.808690912137	616.0013194841121	0.0	1110.2098214704392	296.1518584926679	0.0	1095.6330624043658	228.70124900210786	0.0	1079.1683904903684	268.64314776862545	0.0	1104.5566428810762	316.0300110582059	0.0	1101.4915898940885	383.27333833643013	0.0	1056.6780409543517	413.5869656989775	0.0	1125.3279951456368	313.4735083513348	0.0	1163.5403578836585	372.7031665900954	0.0	1108.4831321224306	416.1369009080617	0.0
60	2.404301075268817	1104.2361614929177	434.6583490329429	0.0	1102.4253392274973	435.13551498723916	0.0	1079.636882419054	538.964757663357	0.0	1093.6042944291546	648.829089116692	0.0	1050.9773823032015	677.8861742739002	0.0	1054.0053873176012	673.7989719350974	0.0	1106.171572179498	663.0952672109722	0.0	1108.2620152654445	436.03796066056844	0.0	1038.8987034820252	516.2447893354317	0.0	1076.5730912191252	620.3833331788164	0.0	1031.6644839592425	653.6539052954826	0.0	1044.074513403858	654.3872568320069	0.0	1093.326250308619	632.7880010237595	0.0	1102.360917545769	292.2797018476531	0.0	1086.8061922990607	225.02789123880976	0.0	1071.7143394401444	263.9948776134294	0.0	1097.1682898756999	312.1480595848569	0.0	1096.3023351560623	380.17895310186816	0.0	1049.057956629799	403.2394644126805	0.0	1117.0906073816286	308.5611480763681	0.0	1155.885171117585	367.7727609689844	0.0	1100.5353294446713	410.91189303309034	0.0
61	2.444372759856631	1097.671840857825	433.3441195361509	0.0	1096.0476626435752	433.7096430805926	0.0	1066.8282742871434	536.0421345426253	0.0	1089.9324709338898	646.9202579616376	0.0	1052.1680018760248	677.2604228786691	0.0	1054.8146285498976	673.0943584872582	0.0	1104.5421950781902	659.1183043294326	0.0	1102.3028939168044	434.3630464394477	0.0	1031.6671698816367	516.1835577838248	0.0	1053.6520097763823	630.3677702061754	0.0	1007.936263948274	654.8955598300697	0.0	1020.3541331551546	659.3346684658057	0.0	1067.5232980302867	644.3850088311144	0.0	1094.9491508050237	291.0987297449344	0.0	1079.6232271126516	223.54121881549653	0.0	1064.5159640498373	262.13572281828516	0.0	1090.2977943275268	310.5326150652945	0.0	1091.5573015604032	377.82268785153116	0.0	1044.3985184466706	396.09776540813425	0.0	1109.1568693871463	306.71350801818744	0.0	1145.6760765364593	366.54765312677375	0.0	1090.1393775721292	410.75550527060125	0.0
62	2.4844444444444447	1089.691612444418	435.8302792855876	0.0	1087.7631098768388	436.31733220164557	0.0	1056.4774132779216	538.1242129814406	0.0	1084.629904157128	647.2021203895631	0.0	1049.5586275448732	676.9898252606096	0.0	1053.3770392988522	672.4338433034596	0.0	1098.7960802146893	658.3870992087155	0.0	1094.2458986026807	436.9007275097729	0.0	1023.6499363842552	520.7830977608908	0.0	1035.6401220831706	637.127793766498	0.0	991.0095137672713	658.753629630514	0.0	1003.2063424688863	663.6927071177919	0.0	1046.3370041656317	651.4438887098061	0.0	1087.7877349272314	293.4129475846579	0.0	1073.5554352662234	225.22987589893233	0.0	1057.407964526655	264.5258312391719	0.0	1083.512091065983	312.38152294704054	0.0	1086.0250437739962	378.71386058478754	0.0	1041.086092577269	394.4221455511037	0.0	1101.2407628197166	309.3805873286396	0.0	1133.4481965438906	371.73951046874697	0.0	1076.9680144407444	415.44377005880455	0.0
63	2.524516129032258	1080.1450367681912	442.3886641118952	0.0	1077.5752455054671	442.97034887738994	0.0	1048.3336681968417	546.41364860492	0.0	1079.0564088377375	651.2900137875448	0.0	1043.5662663747385	677.0964643689869	0.0	1048.6450750991467	672.663026573817	0.0	1092.523492741595	662.7401085803892	0.0	1084.1481669492698	443.92749552407713	0.0	1014.3163318775873	528.7169797183257	0.0	1022.9469035889538	643.9546758496949	0.0	978.1834086228654	666.7910513501695	0.0	989.6237834800149	670.8107544840402	0.0	1032.2703614645404	658.6047689240291	0.0	1079.9673713475297	299.5513106143332	0.0	1068.3196546174122	230.63069657822913	0.0	1050.2975778604582	270.14090552139675	0.0	1076.31700596281	318.4439901790177	0.0	1079.7142295935537	384.83288657410276	0.0	1037.4146340176515	402.02201918244975	0.0	1092.5391449607278	317.0051244922545	0.0	1119.4774840791815	383.29918500025553	0.0	1062.3629181677463	422.6394704587451	0.0
64	2.5645878136200717	1070.5867221161598	452.4524329299477	0.0	1068.5514779243335	452.42459520369573	0.0	1041.3787975348478	556.9947414620608	0.0	1076.5639644042867	657.118603236743	0.0	1039.901175179384	678.992143985307	0.0	1045.8951829699154	674.9633413802321	0.0	1089.9565668026512	669.0207488793394	0.0	1072.8899146370293	453.94187306436794	0.0	1003.5983624137236	538.1666809103496	0.0	1014.7509597125098	652.3368431521909	0.0	970.6206037420823	676.8957586414242	0.0	980.5415772004492	680.4979350991539	0.0	1025.5340773037137	667.1593725416978	0.0	1071.5156446764781	309.00566254600835	0.0	1063.2557773209433	239.2348908161672	0.0	1043.168914104265	277.49627412542156	0.0	1069.3635331896812	327.763725764669	0.0	1072.6883876806094	394.2393005898457	0.0	1031.3112206770254	417.15051369786477	0.0	1083.0036616740383	328.2848776402466	0.0	1104.068245117392	397.7441441751497	0.0	1046.9429071540442	430.18462290547234	0.0
65	2.6046594982078854	1061.7385231161197	461.6748860228038	0.0	1061.3082746177165	461.0470625979149	0.0	1035.5143302922352	564.8907511744555	0.0	1077.4361721853625	660.6444074023212	0.0	1041.3143646742394	683.0122310960576	0.0	1048.516119676622	678.4519179518772	0.0	1091.3695644861261	671.6822335735435	0.0	1061.6494786846376	462.6302978064949	0.0	992.9679523444786	546.164238668371	0.0	1011.4689038651952	660.0518267504201	0.0	968.6774730491784	684.5879048510509	0.0	977.1672632522739	688.4017488793613	0.0	1024.849537932024	674.4083065420757	0.0	1063.351194367871	317.73968422589166	0.0	1057.6296088858273	247.71930886240824	0.0	1036.1186934031803	284.02290794652276	0.0	1062.9277769061353	335.777641973562	0.0	1064.810872171975	401.93770097319396	0.0	1021.901375925246	430.18802017218593	0.0	1073.0607920508717	337.92420156247636	0.0	1088.8101005984488	409.0345419906089	0.0	1031.3102230040067	435.2164220111335	0.0
66	2.6447311827956987	1053.125936877123	463.16925488822045	0.0	1053.9204437178544	462.85669335819534	0.0	1031.6772771408769	567.469751871241	0.0	1078.437117540301	660.600956822518	0.0	1044.2450202602138	686.2432444382853	0.0	1052.0682041031744	680.2431223819274	0.0	1092.9826339530846	670.3622683873725	0.0	1051.5663498517524	463.87613917200474	0.0	986.4902304053944	549.9378183018725	0.0	1011.7321856643123	664.4945843495716	0.0	968.7742850631494	687.9737931887814	0.0	976.9409310901852	692.0077812878449	0.0	1026.397268058882	678.2161864261037	0.0	1056.052103021028	318.9743581570681	0.0	1051.75315305052	250.02797607920908	0.0	1029.5750018410845	285.0721815927088	0.0	1056.3327467242116	336.7902329429787	0.0	1057.187620033323	403.38753437877085	0.0	1012.1890247109877	431.4571114285136	0.0	1063.6371876866538	339.32186539368695	0.0	1077.0116716450061	410.95794286947137	0.0	1018.5369231771301	431.9149377877509	0.0
67	2.6848028673835125	1045.128729634113	453.75848655099713	0.0	1046.7141279186699	453.8288468500149	0.0	1030.8810681469297	561.9119216617974	0.0	1075.78446271125	656.0927787196745	0.0	1043.3560589656026	684.1588544394446	0.0	1050.580840833434	677.2868163369807	0.0	1090.067210574684	666.349361077911	0.0	1043.2110122731594	454.4667835635849	0.0	988.3326998075584	548.4949125155171	0.0	1010.8358663231543	663.7638180499537	0.0	967.4328573124557	688.2883243941317	0.0	976.2600260326558	692.3570842323567	0.0	1024.435940764773	677.7779786015772	0.0	1050.1340743714734	309.5551127667248	0.0	1046.125163985621	241.53604752033397	0.0	1024.3563727446974	277.2003244872149	0.0	1049.6758045641295	328.77026121109384	0.0	1051.0140338834128	396.00932596829915	0.0	1006.3881933606135	418.73785532221916	0.0	1056.9157966065943	330.6588079070317	0.0	1070.7364789929363	401.8431986102963	0.0	1011.3651755955077	416.69700008181695	0.0
68	2.724874551971326	1038.734998730767	437.5996239813512	0.0	1040.936113613211	436.86213231217886	0.0	1031.690958843487	547.5687035428094	0.0	1068.2369157880198	645.5262665043316	0.0	1036.4061620789485	674.2948012791636	0.0	1042.6163233901023	667.8004520205013	0.0	1081.5734060946313	657.9787513625816	0.0	1036.8841950610322	437.7859890719218	0.0	996.2275365815777	541.3854650087962	0.0	1006.2076958634054	657.217145023815	0.0	964.7255919180075	685.6505994799692	0.0	973.9800667455677	689.692682483709	0.0	1016.934827125061	672.2230822952943	0.0	1045.6778436436343	293.24491472955003	0.0	1040.2067162661092	224.30205638241185	0.0	1020.2316868380758	262.1363345472722	0.0	1043.607455104137	314.1786080124905	0.0	1046.2229383146005	380.51515470045786	0.0	1004.2803302871273	397.48525960951207	0.0	1053.5309430080472	315.20607860897974	0.0	1068.879109938819	385.13679906197746	0.0	1008.7339719903812	393.6327970305721	0.0
69	2.76494623655914	1033.8736456493618	421.53593973160184	0.0	1036.1145267668387	419.38059079658706	0.0	1030.7117010060335	530.1671435706087	0.0	1058.4132114648219	631.2529024439646	0.0	1026.2051172593974	659.3780270742718	0.0	1031.657884971525	654.0727381470233	0.0	1071.292089752201	646.0086582937199	0.0	1032.196950231564	420.75489105621574	0.0	1001.4146633206419	529.1858316200362	0.0	1001.9450411559369	647.1686454344634	0.0	963.5104998890029	680.1431738757794	0.0	972.008512542171	683.9474499854497	0.0	1009.9837736656407	662.0848783487618	0.0	1041.468023941759	276.3972132798531	0.0	1033.0804354607326	205.96387770137906	0.0	1015.5504425196809	245.49625968503952	0.0	1038.028956546186	297.45106993665246	0.0	1042.0732627486527	362.19767116998787	0.0	1001.9971290518881	375.5925883163484	0.0	1050.6945012660558	297.4159018399049	0.0	1068.92558454593	365.87742965094094	0.0	1007.8808357318057	370.09717472111953	0.0
70	2.8050179211469533	1029.7146202783324	409.2206470227945	0.0	1032.3007787047718	406.65365504771864	0.0	1026.6891826437359	516.6789277877158	0.0	1048.704165050611	619.2855321508034	0.0	1017.2552029751846	646.5771693345355	0.0	1022.4342317779306	642.1215123629484	0.0	1061.7349152819538	635.1107296589704	0.0	1027.807014493903	408.1731246541899	0.0	999.9958099498108	516.0813766972926	0.0	1002.7696004249026	637.2860669661627	0.0	965.5522403663012	674.0549689394368	0.0	973.8183982274819	677.3273919428023	0.0	1010.3527204876428	650.7611283130118	0.0	1036.2677871583523	262.80510425871734	0.0	1024.9049023829416	192.41041987974646	0.0	1009.1222924808771	231.93986606849285	0.0	1032.8507208431085	282.7350916956121	0.0	1038.671223250134	347.32374759989693	0.0	998.1566175700534	358.0486544054843	0.0	1045.648250232907	281.2060362803784	0.0	1068.2959776662778	348.8895931583403	0.0	1006.6226279130676	351.21263985766984	0.0
71	2.845089605734767	1025.8737872655402	401.0018617663482	0.0	1030.2627274208407	398.9719804587184	0.0	1021.4251674749282	509.1888544490215	0.0	1038.6863121763495	613.3204728157184	0.0	1008.963275779045	640.2866171972013	0.0	1014.0348904502354	635.4867864754938	0.0	1051.6020478787245	628.3459670944443	0.0	1023.3271892131667	400.4879985464031	0.0	996.7283165380361	507.09220760607656	0.0	1005.9672246248626	629.7121839532855	0.0	967.2860831291237	668.6491671097506	0.0	977.8424905846101	671.4988316327742	0.0	1014.6320314077161	642.4414521735882	0.0	1030.1705225888816	253.40000280368696	0.0	1016.6746754130465	184.2443090024485	0.0	1001.1342250871874	222.9187826655682	0.0	1028.246723582806	272.23245626478047	0.0	1036.5966185329596	337.9822460441153	0.0	994.585940970167	346.6038957693789	0.0	1038.3826252216995	269.2750200771942	0.0	1064.875264357539	336.99005718253306	0.0	1003.4129007430981	339.0671702672748	0.0
72	2.8851612903225807	1022.7154125127082	396.2050210335228	0.0	1028.8967817332568	394.42606255195926	0.0	1016.673821122738	506.159927074151	0.0	1028.0775571598542	612.1736214159679	0.0	997.336629008262	637.7466024680849	0.0	1001.659106617129	632.9941038663272	0.0	1040.482099604651	626.0226941246043	0.0	1020.1285536697098	395.8827001313099	0.0	995.6039624576367	503.218621318578	0.0	1005.7400483291733	624.6993784157503	0.0	963.1963980313847	662.2966865465175	0.0	976.8615575640391	665.1009214613846	0.0	1014.6849202393953	638.3755216669122	0.0	1023.8257841195343	248.1616799546215	0.0	1009.0104357283979	179.67716836782566	0.0	992.7045113202075	217.92723044688017	0.0	1023.5121071071968	266.0672114260328	0.0	1034.2546785320317	332.76864839344967	0.0	991.64115746768	341.1911136990981	0.0	1030.6316997917797	262.5328923409354	0.0	1058.458422498579	329.90427958668033	0.0	998.1719316368188	333.4504595176207	0.0
73	2.9252329749103945	1020.201902231375	394.6316808101988	0.0	1025.6381383062776	392.93473969675506	0.0	1012.4209299338645	505.7929267782748	0.0	1017.666749150224	613.4979265031197	0.0	983.680714218106	636.3454108928752	0.0	986.4689963791608	633.3428648435263	0.0	1029.5927522657526	627.7897657975419	0.0	1018.6926422678293	393.9780328179832	0.0	996.1577032322966	503.27096457528137	0.0	1000.9278868177473	622.2647993397949	0.0	954.131517228722	655.7861597278657	0.0	969.5390402101004	658.5961518802783	0.0	1010.1315916177895	637.4507748784248	0.0	1017.2744274882318	246.85802331174395	0.0	1001.8025402863975	177.85920574842555	0.0	984.8491098891996	216.61257872712625	0.0	1017.5919435919409	264.3312490744008	0.0	1029.2910873568967	330.93885815827707	0.0	987.5333115362979	340.5832267877057	0.0	1024.0238242680718	261.01154458517124	0.0	1050.646343277307	327.17873085879535	0.0	992.1145298293761	333.856399120701	0.0
74	2.9653046594982078	1017.4565104244709	396.99921570380747	0.0	1019.5229286023173	395.84090210762065	0.0	1007.5850950785467	507.9803661927649	0.0	1007.8628699098887	617.3620668244055	0.0	973.1209506221994	639.074062287002	0.0	974.4652267833435	636.9145362377186	0.0	1019.079635311165	632.9156858668944	0.0	1017.4926601531431	396.1613588105202	0.0	996.3810891316972	507.25233403124025	0.0	994.8465607846632	624.0458866477056	0.0	947.0965694374438	655.5143221484625	0.0	961.961940127952	658.1335116783101	0.0	1006.5681235857421	640.2366642449896	0.0	1010.303359312743	249.3517529744106	0.0	994.4185664757443	179.6460988056275	0.0	977.3761425608918	219.60302176676117	0.0	1010.2985910399466	267.7030651662459	0.0	1022.1372849782954	333.3315584719017	0.0	981.2461461187352	344.7578709346665	0.0	1018.5545852396782	264.56759895775855	0.0	1042.376457364639	329.9022723808964	0.0	985.4492602597918	340.5233814905171	0.0
75	3.0053763440860215	1013.9259124062837	404.1009564127972	0.0	1012.105134988545	403.45607197133944	0.0	1001.3678396621125	514.4688985357678	0.0	999.7347481751988	624.7209868253145	0.0	966.1746710032915	648.2404796271528	0.0	967.1156956708251	643.9999560074734	0.0	1009.9605197669985	640.8666279416575	0.0	1015.057781815563	403.429727359772	0.0	994.067099993811	515.4804765777523	0.0	991.7454262597935	631.7400587086224	0.0	946.5200682527593	665.0160650653014	0.0	957.8299796324611	667.5220479485033	0.0	1006.093403961906	648.3954527332883	0.0	1003.3359992203351	256.11743404707715	0.0	986.7822789611689	186.3606253141331	0.0	970.0331991350388	227.51324014823214	0.0	1002.5505398050029	276.01071112691795	0.0	1014.2984228240143	340.87281610976135	0.0	973.4908766220922	355.0357033239389	0.0	1013.0964894185686	273.0897731459413	0.0	1033.2223587798699	338.54076255842784	0.0	977.3795737011621	352.96658354848705	0.0
76	3.0454480286738352	1009.4606572260423	415.97752099651467	0.0	1005.5777931744033	415.2272787668575	0.0	994.3648463691575	526.1569712959866	0.0	995.5909409696994	635.3478458024277	0.0	960.6778734763368	661.3002666509847	0.0	962.0941279187094	654.3974362986917	0.0	1005.6076315540156	651.8279184573944	0.0	1010.9951908560029	415.5323689713868	0.0	988.5638076128848	527.5727714969757	0.0	992.7175432240172	643.6008401546346	0.0	950.2667342716668	678.1159010483016	0.0	957.659520507935	680.584280599549	0.0	1006.8301782375531	660.8317772076423	0.0	997.1069885928232	267.8493008166405	0.0	979.7797892886813	198.02220211967287	0.0	963.7043269730468	239.8832689060253	0.0	996.6421755145892	288.11192021041654	0.0	1007.0236078237951	353.2179400390922	0.0	966.2878374665365	370.90974885872157	0.0	1007.2692036662744	286.4639330101664	0.0	1023.5372783645869	352.63476157280274	0.0	968.5313520149684	369.7795885569828	0.0
77	3.085519713261649	1004.0795831189396	430.9104857212095	0.0	1001.2006242567264	429.7703538303077	0.0	988.1399947660865	540.6578081591435	0.0	996.126998305447	647.8976650056742	0.0	957.4053809940383	674.1043648122665	0.0	959.4556506189081	666.3827826201633	0.0	1007.1189763649069	664.7020985049656	0.0	1005.6806721294729	430.4955435047073	0.0	981.0559082038089	541.8426895785838	0.0	995.1980500121614	656.1250653319138	0.0	953.9653737915703	686.8936968496862	0.0	960.8214273946926	689.3676188121277	0.0	1008.1311778689193	674.1253529931688	0.0	991.8754221485991	282.7259879037912	0.0	973.937704986824	212.22642823723967	0.0	958.6562489177775	254.06314528736192	0.0	994.3925629857833	302.021475465741	0.0	1002.3551098767698	367.8772566357232	0.0	961.5479879503553	389.19061575646833	0.0	1001.0338961576888	302.4831388158172	0.0	1015.4766581342637	370.2573069639363	0.0	960.6463838329147	388.21943311367045	0.0
78	3.1255913978494623	998.8184458328653	443.44854436396713	0.0	998.3418461233096	442.4479819037382	0.0	983.6405755006703	552.5806448109881	0.0	998.5724733176896	658.3817671929305	0.0	956.5927713720473	682.7578429550308	0.0	959.6324507483001	675.316760024879	0.0	1010.6842988140124	674.7991459003849	0.0	1000.1475096414977	443.2414945750636	0.0	973.6635325998548	553.573531075455	0.0	996.8487520379424	666.1835550609756	0.0	954.8727751911774	690.059094417067	0.0	963.6678824726858	693.1241662011189	0.0	1010.1623929406303	684.0791857206489	0.0	987.4930297968506	294.32483172188995	0.0	969.1161466833584	223.81323609032245	0.0	953.9639859073231	264.77006248086695	0.0	993.4876174603193	313.19119645772355	0.0	1000.2119952590497	380.16065986986456	0.0	958.6796167159687	403.92225741868094	0.0	994.7589350641533	314.9783079372171	0.0	1011.4707750177297	384.4945598065646	0.0	955.1264693933583	402.08176314754417	0.0
79	3.165663082437276	994.9640812663558	446.55978534643583	0.0	995.2327217464641	446.1010187805431	0.0	981.2450914716089	556.0951324787633	0.0	999.3229793277336	661.1933190828369	0.0	955.8564577774663	684.5891595969155	0.0	960.282440285428	677.0253114016366	0.0	1011.8112269422732	676.7190624606856	0.0	995.6451720776646	446.84458658987273	0.0	969.8441439191272	556.8820966953484	0.0	996.474654997746	669.6440810714711	0.0	952.6607219689694	690.2257590303425	0.0	963.497574169372	694.0100773199468	0.0	1010.8061324909145	686.2951228639773	0.0	983.7145001209993	296.0309362087121	0.0	964.7294549652248	226.86177918256809	0.0	949.5394034774174	267.15625250483157	0.0	989.6061278860261	315.67149965664305	0.0	997.9877548428715	383.8641616097408	0.0	956.0618780401858	407.68659951258354	0.0	990.6670558524565	317.1005455237776	0.0	1012.0736239844191	386.7563713694391	0.0	953.2746065251393	404.4573440224491	0.0
80	3.2057347670250897	992.0929353144703	438.87519223614976	0.0	991.3119607077566	438.4210385973246	0.0	981.3343016821391	549.7371066578951	0.0	997.2059993582595	655.4379713838704	0.0	953.9401144595774	680.3970685637709	0.0	959.0440053017846	672.6055161937749	0.0	1009.358893314894	670.4701871653309	0.0	992.6854148260777	439.19024980378106	0.0	971.7629458511909	550.285223292471	0.0	993.6807370925355	664.5904119316983	0.0	949.4241477820822	688.6160796341303	0.0	961.874468075099	691.9256537461691	0.0	1008.0085259832418	680.0770431693468	0.0	980.3373438615433	287.8698716978875	0.0	959.7670010995914	219.9287874204615	0.0	946.0984935962651	261.2663331734662	0.0	983.1834937306517	308.3727510480049	0.0	995.5797824246833	375.8203320038783	0.0	954.6134062853457	398.29109564953166	0.0	990.117534912674	308.0115607867996	0.0	1015.4141630605964	376.2449769459555	0.0	955.0870157073971	394.30618454871814	0.0
81	3.245806451612903	989.3313003041676	426.7388770149451	0.0	987.8272877084615	426.0828078902015	0.0	982.765362178878	538.6700315174523	0.0	993.8113874997061	646.2020541812581	0.0	951.3317706747096	673.6686215917417	0.0	956.2362430471542	666.5026102873921	0.0	1005.4987652662107	661.2902623651667	0.0	990.7073439369287	426.7155690115874	0.0	976.7440997684774	538.8324996459019	0.0	990.0225877647442	654.8983386085866	0.0	946.7810786598086	684.4246053066848	0.0	960.0482480171845	686.3949024654453	0.0	1003.6704030973394	669.9550304318198	0.0	977.4258623007418	276.1598269233864	0.0	954.1859277129122	208.66043934807573	0.0	943.2364477981614	252.01804755459432	0.0	978.8708772780549	296.817948394252	0.0	995.0460335957557	360.90354735821825	0.0	955.755673714156	381.88765287325214	0.0	990.5278806372319	294.184035307177	0.0	1018.8312618188279	360.425866816302	0.0	957.7839901927073	377.289156544149	0.0
82	3.285878136200717	987.4476361520005	417.6558134855421	0.0	986.3046829219775	417.6668986914172	0.0	983.2749622069516	529.6849239228139	0.0	991.7196840211839	638.7370939928461	0.0	949.3346546327149	667.4089180011164	0.0	954.4186382137161	661.2279434260497	0.0	1003.3258952196281	654.067623008557	0.0	989.2556720965295	417.97351026537103	0.0	980.1792347258452	529.6750286588546	0.0	987.8891208990701	646.4298842046205	0.0	944.5672417659355	678.991576710911	0.0	957.7103001823888	680.3813590995359	0.0	1001.2248044203463	661.2440701762928	0.0	975.0319876755971	267.1317703327142	0.0	949.2625207140359	200.51810722489083	0.0	940.0052414572751	244.31110682043595	0.0	978.3003067580405	286.7541127548501	0.0	996.0222987780312	347.52760069994173	0.0	958.1407821303158	367.1634808329002	0.0	988.5841095523492	282.70867976194666	0.0	1020.4219333289838	346.2460142666454	0.0	958.5330712440897	361.23560001373795	0.0
83	3.3259498207885305	986.9478887122093	414.17547139341946	0.0	986.2895581021049	415.2084419366283	0.0	982.4768408911821	525.3660567428678	0.0	991.6677673636747	635.2029710686786	0.0	949.3101344114962	663.3944380374827	0.0	954.7565580188061	657.3581264054363	0.0	1003.5337963274744	650.7907916167321	0.0	988.4970891730328	415.6146617972862	0.0	980.8658514133101	525.9810201251033	0.0	987.9805556534659	642.3267614501065	0.0	944.0800923054912	676.8592226593844	0.0	956.8759882337354	678.790814089794	0.0	1000.9545907301879	656.9326721371957	0.0	972.8084579071037	262.77946623865495	0.0	945.9136614446395	197.7349046510318	0.0	936.8181658677556	239.9067589777819	0.0	978.6570039277501	280.368304982185	0.0	996.576662835515	339.73192641709477	0.0	959.3290478398326	359.0548993799771	0.0	984.2872103262382	275.9914725342488	0.0	1019.5298011106463	336.49900929835366	0.0	957.7767379961228	351.9149413609605	0.0
84	3.3660215053763443	986.6358268174831	414.83454901018223	0.0	985.7620950186938	415.99368801997986	0.0	981.6086546785946	525.3935814298706	0.0	992.0846032598334	635.7940748703261	0.0	950.9709236369467	663.073402270712	0.0	955.4438697174135	656.1842371234819	0.0	1004.1723462758364	651.8355845371901	0.0	988.1211972795554	416.9652467274526	0.0	980.6904653472125	526.899645395729	0.0	989.4263000611431	643.0168040087058	0.0	947.0489808063439	679.3651353559856	0.0	960.3294755022746	681.7968921848073	0.0	1001.3350515303371	658.0908705027955	0.0	970.4864253344742	262.4343779329489	0.0	944.0891797277438	198.06997613416	0.0	934.5153727011273	239.05999503924426	0.0	977.9338534736605	278.6373369769082	0.0	996.5501106325703	337.88249414158844	0.0	958.5044711148992	357.50316362685874	0.0	979.9985486143031	273.8798776748549	0.0	1016.715714732416	332.91237519391996	0.0	957.125137105988	350.6063502527869	0.0
85	3.4060931899641576	985.820461565701	418.836377112803	0.0	984.2665073680782	419.2545967277283	0.0	981.2329963178856	530.0041067986077	0.0	992.3865525610149	639.960969842283	0.0	952.8642567910036	666.7963402427761	0.0	955.4458079993265	658.6629570499017	0.0	1004.439777390704	657.0994318396855	0.0	987.2730552067824	420.2609157077996	0.0	981.0283841018346	531.8649794579397	0.0	991.937880291387	648.0016602452356	0.0	951.4819105663041	683.0839656292861	0.0	966.0783498212468	685.5977797414331	0.0	1002.8305895982492	664.3159570017664	0.0	968.4264048704906	266.1687886592117	0.0	942.9882957122775	200.91125433413856	0.0	932.7306971571107	242.35978933096874	0.0	976.9217324277324	282.4359390523728	0.0	996.634106684303	342.24157303785597	0.0	957.0775126613414	361.1408122614492	0.0	977.1250584543518	277.37080477269046	0.0	1012.6366896499383	336.8706042175737	0.0	955.7007109036367	355.8956832779691	0.0
86	3.4461648745519713	985.1833323463138	426.63695442850764	0.0	983.3423748412706	426.1985592234364	0.0	981.576952438535	538.6140273701403	0.0	993.9277288226092	646.8080789308722	0.0	954.0867130301599	673.0966542186464	0.0	955.9572010979609	664.4240439163217	0.0	1005.7082012047994	665.2541305914689	0.0	985.6489435275123	426.6009131345209	0.0	982.0352445949096	540.542082753169	0.0	995.5247904439591	655.6702770629554	0.0	953.9500632555046	685.9232793134832	0.0	969.1112863287443	688.9722255264355	0.0	1006.1239075540586	673.0849183696795	0.0	966.9647731696541	274.0052868463577	0.0	940.916806452296	207.6927319669006	0.0	930.786662651064	249.702162698412	0.0	976.2790644785179	290.94579377823607	0.0	995.9655930652732	352.079336138866	0.0	955.542682838755	370.11279761503135	0.0	974.826694075206	287.16525807592825	0.0	1006.7001955556107	347.86223765899206	0.0	951.651188814345	366.69267964207756	0.0
87	3.486236559139785	985.086735706536	435.9130936174461	0.0	984.0352432049638	434.8884595335943	0.0	983.072818430587	547.323588467988	0.0	996.6308232761507	654.4036928334851	0.0	954.5746637088306	679.2362582436501	0.0	957.9114094634483	671.926556445663	0.0	1008.0827551914074	673.1655523535799	0.0	984.0424549268714	435.1816905153384	0.0	983.4854179739133	549.3428416530113	0.0	998.5963798711377	662.7269933824452	0.0	954.2298100711257	688.1335410536552	0.0	968.6159696472845	691.972896103484	0.0	1008.9546346945039	680.3852574365591	0.0	965.4142996593196	282.7288823262722	0.0	936.6595777876048	216.85522367648866	0.0	928.6271924503417	258.7263433088101	0.0	975.7583267319292	300.5996928589218	0.0	993.1104897536782	364.5379334038038	0.0	951.796070395458	383.9598639068274	0.0	972.1271175628182	299.36229606405334	0.0	998.2406318278115	362.1695594380329	0.0	945.0037737091209	379.88535695055043	0.0
88	3.5263082437275988	985.50604741703	441.1861059786131	0.0	985.5048430433307	439.78009884575516	0.0	984.9916310523148	551.0774372925603	0.0	997.9979086904484	658.5834560325354	0.0	954.9278241915549	681.9245798156527	0.0	960.2159676375381	676.5644243629093	0.0	1009.6633322241609	676.8921575260351	0.0	983.7600375743191	440.7239897319852	0.0	984.7475697410114	553.1834319158538	0.0	999.2345185713542	666.0465965939186	0.0	954.0794292036678	689.13690658033	0.0	967.7058987650103	692.9111528830587	0.0	1009.2760194379384	683.5551302831136	0.0	962.8892291557154	287.4649252329437	0.0	930.371776855053	223.72820315934158	0.0	925.9494602014598	265.9017214823497	0.0	975.5356945100959	306.0280646323663	0.0	988.7066182381566	375.11802280843773	0.0	946.2486246650508	399.1462077649511	0.0	969.5630625851558	306.66635834644035	0.0	989.4299827998375	372.92740419974444	0.0	937.1411004855541	389.34287411633306	0.0
89	3.566379928315412	987.0399665445677	439.77728900816396	0.0	986.7077264649715	437.9255097728791	0.0	986.0113010546024	548.8107770082195	0.0	996.7860775153829	656.5938723683275	0.0	955.6669465256659	680.1836495864706	0.0	960.5654421876251	674.8428552133843	0.0	1009.730535748187	674.8120473822214	0.0	985.4277713570054	439.2884209070594	0.0	985.5189014001261	551.2270425407696	0.0	997.7784359231347	665.0025464058554	0.0	954.1477982163142	688.4557662072821	0.0	967.6875160785205	691.4970107867589	0.0	1008.4604118721068	682.6829941667044	0.0	959.5990583955236	286.77936579267805	0.0	921.6534295978333	226.30832829760138	0.0	922.0582420698545	269.7802639677626	0.0	974.955033670546	304.38785647047774	0.0	984.819918632676	379.5481457982923	0.0	942.0621063886013	409.4101366668318	0.0	967.3901932114854	305.56820909231396	0.0	983.812886892169	375.0848337239778	0.0	930.1805437531204	392.1433904649625	0.0
90	3.606451612903226	989.7588143369562	434.97067657275943	0.0	988.1533779656339	432.8233544963149	0.0	985.8298207025823	544.1332972506053	0.0	994.9290482586787	651.8719775597654	0.0	956.3288873138038	677.0080222728708	0.0	958.9787717108019	670.7183889833025	0.0	1009.4110004631882	670.2700026047655	0.0	988.5492896334504	433.980273440276	0.0	986.0929256903862	547.0889086347435	0.0	996.2986756335375	661.5259138046695	0.0	954.3425578010529	687.1401935106053	0.0	967.5254983085015	689.9465335210951	0.0	1008.2701691495324	679.217344045866	0.0	956.0592166140382	283.830121350522	0.0	910.116483282087	227.90600982020942	0.0	917.0818684880252	272.3808136901283	0.0	972.2296537205937	299.00316076006953	0.0	982.0053250095053	377.82799977292103	0.0	939.3504479316639	411.4403659674415	0.0	964.6603662292843	299.48577340056903	0.0	981.2948735690138	370.23029478013405	0.0	925.7014045181708	390.8088230917551	0.0
91	3.6465232974910395	992.9249980725713	431.6148724890487	0.0	990.7297271188413	429.8149108441005	0.0	985.1047450757052	540.8294590015673	0.0	994.8096852345217	649.6409054527339	0.0	956.4682611347673	675.6571126338033	0.0	958.359615904782	669.5713086609803	0.0	1009.4340865489914	667.8982507826948	0.0	992.0941528999127	430.81151954020936	0.0	986.1173320294997	544.0153851290565	0.0	996.330751532559	658.7272384482269	0.0	954.6459380311956	686.3956846432607	0.0	966.5753888471792	689.7752194597001	0.0	1008.4515377399018	675.5477990223022	0.0	952.2874223534111	282.92459214601564	0.0	897.9228103516458	233.11369024598474	0.0	912.0311056869264	277.0499940819593	0.0	967.4802642356292	295.8687233666519	0.0	979.5627665599156	375.0172727172565	0.0	936.5510580387873	410.17167543667375	0.0	961.058706989927	294.3383688925195	0.0	978.6785777743394	364.70063896402706	0.0	922.411472424057	388.96809830873883	0.0
92	3.6865949820788533	996.7688640665264	431.88317404501004	0.0	994.7527365573677	430.87577848992504	0.0	985.3719052615447	540.8533748040606	0.0	996.7340722290782	650.9887600030038	0.0	956.4746938810617	676.6810411652344	0.0	960.164810159686	671.8511046973256	0.0	1009.8139130814166	668.8191038469826	0.0	995.3101338550505	431.9570249248585	0.0	984.7681281320581	543.274164029018	0.0	997.7394649316202	659.1950848074824	0.0	954.7887077197565	686.9763595515824	0.0	965.2451993989974	690.6323437628939	0.0	1008.5822430807559	675.0900092013371	0.0	948.3869871710822	286.3120788916948	0.0	887.5360710187796	243.38675972480587	0.0	907.7354476815394	285.6628228911201	0.0	963.1438503952444	297.23521954079723	0.0	977.6878437517685	375.7913612767883	0.0	933.9463765014909	412.5393580737909	0.0	957.3479788032787	293.99705739770553	0.0	974.2937068044273	364.6417640447557	0.0	918.4759221505936	390.6919429748889	0.0
93	3.7266666666666666	1001.5724122795868	435.58213899219794	0.0	999.9372162778591	435.33073121092104	0.0	986.9518981078788	544.6012115599394	0.0	999.4542087181017	654.5867993031891	0.0	956.7232364343256	679.1280967711917	0.0	963.1655956374923	676.032246074777	0.0	1010.7296949747652	671.7252085171126	0.0	998.2333448307722	436.2783294523162	0.0	982.2776945322651	545.4761134632228	0.0	999.3664075979993	662.7927888514898	0.0	954.8843219651283	688.8943146398858	0.0	964.3874633460593	691.750723431922	0.0	1009.240524005321	678.77886264305	0.0	944.560782936834	293.66667766529235	0.0	878.9978832045981	257.09033662636057	0.0	903.8998196186698	297.44149908203076	0.0	960.6082757316495	301.62993542626594	0.0	976.414259606126	380.58717592324257	0.0	931.7466493126446	419.9432054879679	0.0	954.2245058478052	299.5595174231966	0.0	968.7003992342145	372.2412199972921	0.0	914.9094376395992	399.97060462043515	0.0
94	3.7667383512544803	1006.3718722471135	441.408853344819	0.0	1005.3855128307803	441.8169288303797	0.0	987.1479533880529	549.9444751344322	0.0	1001.5741701219381	658.6260832493708	0.0	957.1973876567445	681.7755524447311	0.0	965.6276949409213	679.6948876291527	0.0	1011.8438153659147	674.8267551368073	0.0	1001.6739072177791	442.44091306259463	0.0	979.3505378947391	549.8165789584522	0.0	1000.4451826140826	666.6404862307488	0.0	955.3471522665825	690.7292778858475	0.0	964.4733433746778	692.8293346355933	0.0	1010.8000844390072	682.9146423424459	0.0	940.7868861321817	303.54550500963694	0.0	871.8358513815379	272.0119773031414	0.0	899.7570615616457	310.597820601031	0.0	959.0312558581265	308.25618157871463	0.0	974.1076665674163	388.24513712776724	0.0	928.9263160344186	431.49687646026985	0.0	951.9128885079992	309.60065379082454	0.0	962.7689638266761	384.6758343323024	0.0	912.6722996413357	416.2778763156633	0.0
95	3.806810035842294	1011.0171691702774	447.67515303651504	0.0	1010.9375200951292	448.59516782250296	0.0	983.9492189714308	553.6819568137633	0.0	1002.2569436989245	660.9859871082072	0.0	957.2468209318855	683.4024143537112	0.0	966.047587416539	680.5783510626969	0.0	1012.381208615127	676.5680857391251	0.0	1006.4694972654468	449.1525499895713	0.0	975.6381083466321	553.7226895045568	0.0	1000.9658275160441	668.4751247672339	0.0	955.6306578579279	691.1801265719637	0.0	964.9908178150765	693.5065974169337	0.0	1012.7173344594119	683.7763190656478	0.0	937.0385508211095	315.00070856836993	0.0	866.0852903986181	287.8174639113181	0.0	895.6365268834653	324.9723270399511	0.0	957.1340511963832	317.54100043105234	0.0	969.0912526392257	398.76542210613263	0.0	924.5664041063604	447.18984535423755	0.0	949.5416286828379	321.588026824263	0.0	956.772570428396	397.44993307965683	0.0	910.2599456170203	435.06782057148143	0.0
96	3.8468817204301073	1016.6352731419629	453.4436035736811	0.0	1016.8237551879513	454.52408108376943	0.0	978.7118522043136	554.8451497776967	0.0	1001.5500452594636	661.3732005104837	0.0	955.9509696277519	684.0417436601673	0.0	964.1454951608366	680.3355815634184	0.0	1012.5897399858181	676.8805769970477	0.0	1012.6954522386097	455.4070956623842	0.0	971.1497191098017	555.6275695033646	0.0	1001.1150071913938	668.4364867017749	0.0	955.0939471582708	690.6850760996444	0.0	965.2201056471113	693.1560905927221	0.0	1014.0352096521223	682.0280238724127	0.0	933.1488949991726	328.42833126420834	0.0	860.829815435982	306.4248193243691	0.0	892.1749745632337	341.46231742466244	0.0	953.6872510244166	329.7413273005159	0.0	961.2360158146003	412.16994567629075	0.0	918.3392797899752	465.77218533198175	0.0	945.4866004701978	334.60601491252436	0.0	950.31896128408	409.32822659874876	0.0	907.4400035015994	453.88043703879373	0.0
97	3.886953405017921	1023.3893009569447	459.02625722949676	0.0	1022.1829431996894	460.19830985380577	0.0	973.5026691097702	554.9497488925432	0.0	1000.3702311602563	661.3518144310018	0.0	954.1631013276422	684.4907051380021	0.0	961.7574719564122	681.277109227797	0.0	1013.1286627853403	676.5445474861033	0.0	1019.7039129328061	461.3188444347079	0.0	967.4415458949202	556.4928008600356	0.0	1001.0740582485016	667.8024689626006	0.0	954.3516850535855	690.3114523344025	0.0	965.1199130682489	691.9903509533832	0.0	1014.033248899007	680.5129560154708	0.0	928.7784613993572	344.7042070403819	0.0	855.5121064155901	328.69325474313666	0.0	889.4020272078589	360.5155324186568	0.0	948.1093054943303	345.4191228617193	0.0	951.9629892584728	428.015401486345	0.0	911.2800507472473	485.62733877419697	0.0	939.9737893420329	349.1905006489778	0.0	942.8032382157378	422.88318376345165	0.0	905.0810710504414	474.417402493713	0.0
98	3.927025089605735	1030.0209967103033	464.7008901303478	0.0	1026.7159878028583	466.3795761403464	0.0	969.0996106839524	555.9275912814168	0.0	999.8436168036665	661.8530091059567	0.0	953.5709169822662	684.545536795067	0.0	960.418948785206	682.0412353385871	0.0	1013.7048250615969	675.9829489260517	0.0	1026.621556502619	467.160077618588	0.0	965.1835094659108	557.9195925196594	0.0	1001.2519915604912	667.7076675282077	0.0	954.1351469920064	690.317382935869	0.0	964.8225794769346	691.189382674863	0.0	1013.154513652235	680.2978062641249	0.0	924.4378970455485	363.4601872851832	0.0	851.6058243727236	352.6270505974934	0.0	887.3453346311998	382.0143417703861	0.0	942.0877543083737	364.1739622377786	0.0	942.6149166730642	446.00909265556885	0.0	905.2172855385168	506.28939854315763	0.0	935.046612869516	365.59772874089776	0.0	934.3050796398996	440.6282253603151	0.0	901.4100266932297	498.3502337357497	0.0
99	3.9670967741935486	1035.3411483489465	470.5197228152598	0.0	1031.5351867288464	472.7356463605129	0.0	965.6252182163979	558.5682672559024	0.0	1000.1896231478956	662.7567740679098	0.0	953.4774746661114	684.3912962001816	0.0	959.3903779722193	681.729414445543	0.0	1013.9146316716444	675.8763497397662	0.0	1032.8790817020397	473.1500318952071	0.0	963.1049964662611	560.3661040576858	0.0	1001.9588150706375	668.320653807175	0.0	954.2135342270752	690.4376187614702	0.0	964.190403232926	691.428354984075	0.0	1012.9508102958262	680.7088106795834	0.0	921.2570953233867	383.3343761067088	0.0	850.0923855636598	377.01406379667986	0.0	886.0690460275066	404.6971506689424	0.0	937.3697657593546	383.1820339952432	0.0	932.9211197972332	465.26968481638266	0.0	899.6766943336089	526.8824773646742	0.0	931.5257023695617	384.00204667226114	0.0	925.9495323691363	462.05777666533356	0.0	895.1421079097336	524.1379777175571	0.0
100	4.007168458781362	1039.4258991329345	477.73695836595914	0.0	1036.942583418011	479.89148617490304	0.0	962.691833160743	562.1340699307101	0.0	1000.4951733155004	663.4563455303687	0.0	952.565387079002	685.0436090387394	0.0	958.2397045134666	681.75085851558	0.0	1013.9769521309926	676.459224350945	0.0	1038.1174696187127	480.8854755537218	0.0	960.0443079188376	563.4071875027505	0.0	1002.7598415169887	668.8785554835882	0.0	954.3768731754952	690.7576706293078	0.0	963.2224836914088	692.2188823185563	0.0	1014.1498939905285	681.0259605205101	0.0	919.074031382873	403.4314044789001	0.0	850.0204754393058	402.5442881252458	0.0	885.5270145397645	427.042983232226	0.0	933.346943026786	400.50302127423276	0.0	923.1469296692571	485.089165090922	0.0	892.93161837359	547.2580762500114	0.0	928.6174843824112	404.1940779686741	0.0	918.3679146782318	484.491247586566	0.0	887.5623858058655	548.7228646876649	0.0
101	4.047240143369176	1042.6924662468755	487.7378040961429	0.0	1041.890389658169	489.51771839123336	0.0	959.2452120223344	565.3485381662408	0.0	999.9961807614006	663.2596374901125	0.0	951.1078609412507	686.2045614129497	0.0	957.38409087478	682.1863301853375	0.0	1014.0586429551381	676.6753585583692	0.0	1041.3990560269353	491.8988934979084	0.0	955.3941173731738	566.3452080423478	0.0	1002.917604350815	668.776346746225	0.0	955.1317293827028	691.6002719334718	0.0	962.4599766967458	692.9358337987295	0.0	1015.7580513442709	680.9887712174676	0.0	917.4142689403861	423.6330822723505	0.0	850.4738768913024	427.68331379648066	0.0	885.4746000797749	448.40148262199307	0.0	929.8047233959219	417.1264632786997	0.0	915.5912637364632	505.9289549972119	0.0	885.3187319127943	568.6483920720166	0.0	925.6147172855609	424.7817561526626	0.0	910.7812509616582	506.1094748354911	0.0	878.9422050280923	570.7764904507019	0.0
102	4.087311827956989	1044.5587338749192	500.221928248775	0.0	1045.3124177820034	501.83455890667267	0.0	954.6669089251811	568.176002903349	0.0	999.0380123915274	662.7080302997883	0.0	949.998271949002	686.7138259563296	0.0	956.1987415943963	682.1643813237415	0.0	1014.1826522971095	676.1974055324592	0.0	1042.1403448405758	505.43182086450304	0.0	948.8974260620502	568.6890900483064	0.0	1002.3691106612831	668.4002371159881	0.0	956.7843131095099	692.619366601053	0.0	962.9036543397824	693.4977294380163	0.0	1016.6125819398409	680.5983173208131	0.0	917.0125490629423	443.75589409327847	0.0	851.1476118232729	449.1703659463192	0.0	885.3436309646884	468.0517368473167	0.0	928.0682196679351	434.24386416498254	0.0	910.9679459453822	527.0888057092241	0.0	877.4746387239985	589.1924310978949	0.0	922.9542742859683	444.66260653492066	0.0	903.0627494985637	526.6330763049245	0.0	869.2600452385586	590.5096471375133	0.0
103	4.127383512544803	1044.709681678194	514.3211131994016	0.0	1046.7333400136579	516.0258831859016	0.0	949.5081501711256	571.9567624469503	0.0	998.5178582279468	663.1315183534629	0.0	951.1952273292588	686.4355872978095	0.0	955.71550601545	682.0794713604492	0.0	1014.4165026557887	675.8383927628479	0.0	1041.6859064015675	519.9350863953913	0.0	941.9348573430343	570.9668085259387	0.0	1001.6134156384651	668.6347115608851	0.0	959.0945960374245	692.7837098450311	0.0	965.1538926405754	693.6101973373384	0.0	1016.5736194667305	679.6892409989725	0.0	917.5697153760289	463.0150682931976	0.0	851.7030110455796	467.4806638794671	0.0	884.6046661409034	486.023222131936	0.0	928.032241088118	452.33303906364756	0.0	906.2620724415192	545.977838170345	0.0	868.8418346102308	604.6868694233633	0.0	921.7122387512761	464.02880495917117	0.0	896.4205297957662	545.3757667628574	0.0	860.1941162423495	607.0382329644926	0.0
104	4.167455197132616	1044.1958024306737	529.8682277809387	0.0	1046.7321685560648	531.6794010480817	0.0	944.8426070283791	577.0615749857212	0.0	998.5073821100407	664.4887193664192	0.0	955.1732188912786	685.9815272055932	0.0	957.9114937562442	682.8054914006428	0.0	1014.5555524438945	675.8350716532894	0.0	1041.5571478813436	534.7402390783009	0.0	936.5755125217025	573.9916682815184	0.0	1000.7413079505137	669.3410878540727	0.0	961.465902594126	692.0413257083178	0.0	968.185898217574	693.061412666676	0.0	1015.7986175743383	678.2614422012629	0.0	917.6222652354004	480.4971989254549	0.0	851.8378022710865	486.01820565217895	0.0	883.5576531330961	503.6575415799856	0.0	928.0916940052309	471.14262659720885	0.0	899.6318703994956	561.0423718150538	0.0	860.0126831458869	614.8337198678438	0.0	921.4813278733089	482.6929908188001	0.0	891.1482321183134	561.3038672377287	0.0	852.2921652015976	619.6769749877731	0.0
105	4.2075268817204305	1044.0890642162494	546.656813036219	0.0	1046.3743314008452	548.0124464378171	0.0	941.3782847190782	581.7197903908213	0.0	998.1793698971967	665.8656339935998	0.0	958.4499682009268	685.609451568138	0.0	961.0449569153182	684.256431758112	0.0	1014.4501492981301	675.7889740260024	0.0	1041.7007992440504	549.7889196418464	0.0	933.1708565938126	577.3599565534329	0.0	999.6212825688169	669.5861566555419	0.0	962.6805281934742	691.7024826283439	0.0	969.9977212688677	692.5294600713246	0.0	1014.3478743538653	676.9403416127569	0.0	917.1578908065127	496.09086159710296	0.0	851.5199537087562	504.6351459151167	0.0	882.9001851704983	521.0246717016805	0.0	927.6296717361985	489.1020680462699	0.0	893.6594009152191	572.6888863437126	0.0	852.457571017467	622.4119702085277	0.0	920.7949574248365	499.83459502915434	0.0	886.2573268021315	574.342440124218	0.0	844.5563513503	629.6868698401338	0.0
106	4.247598566308244	1043.894992266984	563.9631412814915	0.0	1045.0535723032997	563.8630751613929	0.0	938.8266869270665	584.051336376712	0.0	997.247640242605	666.3885932399528	0.0	958.6741720272166	685.3006353771747	0.0	962.4043340235353	684.9995976275222	0.0	1014.408255792019	674.706039652888	0.0	1041.6121039778093	565.7739456703896	0.0	930.8567424398057	580.4002813963571	0.0	998.8653838905611	669.2831027019854	0.0	962.4154155377357	691.9494419003368	0.0	970.1891744967127	692.4732621650576	0.0	1012.9786567052761	676.3588464178388	0.0	916.960653387167	510.6531798092405	0.0	851.2438281231018	519.8277675592556	0.0	882.5666999233272	536.8086319555091	0.0	927.1350926823854	505.15981465486857	0.0	890.289462560433	582.0992293096255	0.0	846.0582929873474	629.0049514671487	0.0	919.8727362486676	515.1405374640101	0.0	881.7006318049685	584.8687729600966	0.0	837.3773213537031	637.8320528014706	0.0
107	4.287670250896057	1041.8011384419995	581.3070975053236	0.0	1041.0774735819814	579.4768129507912	0.0	936.3920615365507	584.1042927857443	0.0	995.8604156395611	664.7623466844033	0.0	957.2070233017721	685.0202810044926	0.0	961.7533618071964	683.4020639563818	0.0	1014.6469799226204	671.7507758114003	0.0	1040.6342289755578	583.7347450170829	0.0	929.0922452687605	583.5098457457448	0.0	998.9569828257145	668.9785717977279	0.0	962.0171525212447	691.508379604528	0.0	970.1368228592728	692.5007351185033	0.0	1012.5307767807452	676.4350924459059	0.0	916.828604407299	524.5908699327811	0.0	851.386466254437	530.6626707538869	0.0	882.3017224270533	550.5859214234505	0.0	926.8960823153616	519.4389370984838	0.0	887.6925631056	590.5197080846301	0.0	839.8550986108165	634.9765108724973	0.0	919.7239133826102	528.6980213571912	0.0	878.4408571365359	593.2024291564826	0.0	831.7119918843587	643.7367372860681	0.0
108	4.327741935483871	1036.9557816040872	598.6685922659194	0.0	1034.8786986991188	596.3025804314246	0.0	934.1038992501893	583.4178751575647	0.0	993.8666754889061	661.3667359132106	0.0	955.7255019891896	684.4929749272758	0.0	959.8522761370543	679.9903470771749	0.0	1014.6070172356369	668.5288677943802	0.0	1037.9061127187094	603.0358336089987	0.0	927.6652856326969	587.0631641709185	0.0	999.0799840736535	668.912578209281	0.0	962.0926469060353	690.2963736772974	0.0	970.7243658866806	692.3720121412277	0.0	1012.5786524660448	676.6642505793775	0.0	916.1515612419686	537.1147057664106	0.0	851.7326510112796	538.913963648371	0.0	882.1844471844142	562.3216742564468	0.0	926.7754423763929	531.5473084956991	0.0	884.1052156154054	598.2901981108166	0.0	833.6648229110292	640.2873814060711	0.0	919.7169666956443	541.2129002716952	0.0	875.7107170011096	600.2713107543007	0.0	826.7983115132517	647.8544640756694	0.0
109	4.367813620071685	1030.77684881298	615.035806271989	0.0	1028.8679899701506	613.3718032310438	0.0	932.9165496175201	583.2831438193805	0.0	991.4450098609665	658.9946459926276	0.0	954.7623419095213	683.5447805679748	0.0	957.8338061019872	677.4053758460011	0.0	1013.2124111354403	667.4944135848057	0.0	1033.7848341566278	620.643350120378	0.0	926.4925660106977	590.4685200314423	0.0	998.4453846234771	669.0137688731227	0.0	961.9734543343757	689.4187708927716	0.0	971.5540582034986	692.3628653831314	0.0	1012.3860422328241	676.8002842310998	0.0	915.0116691696254	547.2521305237539	0.0	852.3945807601697	545.4140933662293	0.0	882.1369862955155	571.4642306408389	0.0	926.8651729695584	540.4212954723334	0.0	880.2048609521248	604.9069355789885	0.0	827.6486029708683	644.7088947432414	0.0	918.7754937940568	552.8249108503184	0.0	871.5184310767519	607.1358273322986	0.0	821.3995058628986	651.3197689421115	0.0
110	4.407885304659498	1025.9273781232102	626.7469272374265	0.0	1025.1100593194033	625.5676589690643	0.0	933.3332345677395	583.8461169680729	0.0	989.3674620932222	658.8669859341853	0.0	954.4182502058003	682.6167554303918	0.0	956.8155928202524	676.9804974476466	0.0	1010.5446989036584	668.0880942013803	0.0	1030.2141131505327	632.5274992444923	0.0	925.5544951868646	592.9197883139707	0.0	997.6352756732172	669.0522740950527	0.0	961.2298203901306	689.2834902230026	0.0	971.760150630736	692.5810431713741	0.0	1012.0968231236927	676.7252254895709	0.0	913.8949958211256	554.2297259419448	0.0	853.3188304247981	550.2370102578351	0.0	882.0255606601515	577.87480249431	0.0	927.2816657469169	545.4866399932213	0.0	877.1565034234858	609.8508068961041	0.0	822.4073785769291	648.1427507233502	0.0	917.0647244773288	561.6152012258569	0.0	866.2159895608993	613.2578654835365	0.0	816.1075182516926	654.2873106970245	0.0
111	4.447956989247312	1024.785802720477	629.5720636129892	0.0	1024.6911045613942	628.0467319737527	0.0	934.7118813296438	584.2914299505277	0.0	988.7258342664784	659.3322837682069	0.0	954.7691151829702	682.289393290217	0.0	957.1137692542594	677.443920713821	0.0	1008.6115278539819	668.3030157163935	0.0	1028.958616154752	635.6858967401449	0.0	924.6977531084669	593.6800350664632	0.0	997.2625378617759	668.9407106322271	0.0	960.1085807228218	689.5393343578544	0.0	971.0308940209584	692.7696705456926	0.0	1011.8322963817363	676.3951468949049	0.0	912.9655341906963	557.354578063962	0.0	853.5181739979531	553.923272538084	0.0	881.8159567267592	581.660327580088	0.0	927.2618696023098	547.1630467553481	0.0	875.1555203622717	612.4455313699351	0.0	819.2176215815188	650.5669230714241	0.0	915.181771651446	565.7554851854584	0.0	862.3174580590312	616.7520997698872	0.0	812.5665929933256	656.173935078868	0.0
112	4.488028673835125	1027.7327710005575	623.6703559977273	0.0	1027.3321905089672	621.3236728518937	0.0	936.5701490081891	583.5460753091611	0.0	990.1816405070183	659.1460643997881	0.0	955.4577049603299	682.6085294488992	0.0	958.5189491710607	677.7099736683839	0.0	1009.2833121702072	667.9702391247531	0.0	1029.9885354310338	630.5097724927765	0.0	923.9947654833277	592.0648126174286	0.0	996.7829478009958	668.8491731384554	0.0	959.3354275783859	689.8375500217181	0.0	969.6551837960506	692.9788175183935	0.0	1011.2220589955066	676.0183726433725	0.0	912.3015482686912	556.6999788262217	0.0	852.5868636410512	556.8984558340503	0.0	881.5141408778128	582.6387449262484	0.0	926.0154683846347	546.4786073780084	0.0	873.9130660151504	612.6437077802243	0.0	818.2965461462616	652.4032988554184	0.0	913.4402574512599	565.5585694553911	0.0	861.1982418709329	616.9446202856257	0.0	810.8219791450375	657.4758780820756	0.0
113	4.528100358422939	1032.4023034880483	613.6747269668203	0.0	1031.230052641267	610.5308536402274	0.0	938.6021921566137	581.4735024897176	0.0	992.6467115165209	658.6975603707486	0.0	955.7918443820332	683.0237431377429	0.0	960.3982535680008	678.0209976053261	0.0	1011.8809163377618	667.7194598382742	0.0	1031.9040943781433	620.6497733438024	0.0	923.7836401557697	588.7409434770464	0.0	995.7663787210477	668.7290569195745	0.0	959.1902159888627	689.9947388115526	0.0	968.0875997884516	693.3110262345504	0.0	1010.3184457489917	675.4658492045022	0.0	911.9086498047709	553.436433433491	0.0	851.2017813677752	558.8531283371802	0.0	881.1245908004016	581.1124918861059	0.0	923.9576917109024	544.2796977214065	0.0	873.0389095896994	611.6417307669537	0.0	818.260503982345	654.2291018001224	0.0	912.1610183728466	562.6020161972265	0.0	861.7954939748263	615.1748199096263	0.0	809.812022776455	659.0871309775479	0.0
114	4.568172043010753	1035.848701543916	603.9734754617905	0.0	1034.1563113778377	600.7146919466409	0.0	938.7695045296414	579.2006847436859	0.0	994.1170599902443	658.3525571253135	0.0	955.8220574178026	683.0739490031958	0.0	961.6246064645479	678.3016199712919	0.0	1013.5237606267734	667.5288426160795	0.0	1033.463987772942	610.0844901621756	0.0	923.9535439555884	585.8882020168525	0.0	994.7294292007066	668.1966550924122	0.0	959.1671160710243	689.9300592929109	0.0	967.0545224133209	693.3051717579299	0.0	1009.7638762091992	674.5117128240804	0.0	911.191851430157	549.2380615294271	0.0	849.5309565521211	558.7446876967363	0.0	880.3082623138156	578.0898481941116	0.0	921.7045782433812	541.1028311447305	0.0	872.4117617825489	610.2094244858565	0.0	818.181625249162	655.5524657688383	0.0	911.5440237961463	558.0504342042991	0.0	862.6219067836195	612.8522599924468	0.0	809.9052082329107	660.2190832665294	0.0
115	4.608243727598566	1037.0981099924088	596.3787229091267	0.0	1034.9388643034858	593.671218818322	0.0	935.5442970505349	577.7499835944752	0.0	994.1303478341808	657.9649519929825	0.0	955.7778652812682	683.1646860480101	0.0	961.5320507964996	678.214598751347	0.0	1012.6849773605165	667.1293174186878	0.0	1034.4134436539248	601.505703004267	0.0	923.7739553485753	584.7477665159795	0.0	994.227279492874	667.1090292630354	0.0	959.046862843936	689.7157639951951	0.0	966.9618819310599	692.8186689057682	0.0	1009.7962431467188	673.5943669670924	0.0	909.6862906736836	545.5898498340696	0.0	847.0899581218748	556.5629843050342	0.0	878.8514399698062	574.924012604382	0.0	919.4151703472191	537.8887382322782	0.0	872.1878413704289	608.4164449515001	0.0	818.2741111512439	655.5614610983118	0.0	911.3152524166528	552.8744251765464	0.0	863.2278076994131	610.7869379951235	0.0	811.4822053639234	659.8916089405798	0.0
116	4.64831541218638	1036.5081395481625	590.9103846559983	0.0	1034.1596753308854	588.8559635965348	0.0	931.6531797160694	577.1920755826657	0.0	993.5991434364606	657.5804257224779	0.0	954.8808616977115	683.7317095936698	0.0	960.8529737205845	678.0531836332904	0.0	1011.2450459423742	666.4618223824705	0.0	1034.8622240989198	595.8832326471447	0.0	922.6852871790168	584.6286289057716	0.0	994.171965101161	665.9485418878862	0.0	959.2093518756342	689.5173923856139	0.0	967.3368570720394	692.3102350788301	0.0	1009.7242686705563	672.8591922569215	0.0	907.80900828587	543.249673908035	0.0	844.3104674011956	554.7197050649895	0.0	877.4150535796755	573.0052707006168	0.0	917.339580105417	535.8621543133123	0.0	871.8294580716774	606.9673851287108	0.0	818.4039068230845	654.7669876593268	0.0	910.8113716480186	549.2259552787191	0.0	862.9385516002317	609.6811867186784	0.0	812.5258690097796	659.2690481608827	0.0
117	4.688387096774194	1034.725381487283	587.4288721125033	0.0	1033.059262775691	585.8680843959039	0.0	930.4295286079897	577.3228399718503	0.0	993.0589330306659	657.5004223240196	0.0	952.9427514931901	684.2279140184894	0.0	960.3980269057168	677.9962807955052	0.0	1011.0833793773897	665.9196033800736	0.0	1034.4608735128834	592.7466710979169	0.0	921.0688916818921	584.7478914000478	0.0	994.0268234126017	665.3368131198941	0.0	959.6679672784356	689.5018914470717	0.0	967.6182943926706	691.9825304024686	0.0	1009.0480476404899	671.8881711422655	0.0	905.9479060783585	542.3470827631951	0.0	842.1724478282621	555.1056508580891	0.0	876.3313033278561	572.8860161727973	0.0	915.4330129450249	535.5481658299335	0.0	870.1210786148857	606.5369309528202	0.0	817.5104272201628	654.3407645310426	0.0	909.305031815307	548.6967456688965	0.0	860.969493707595	609.5126046001938	0.0	810.9615193157872	659.9000877348599	0.0
118	4.728458781362007	1032.8343983030063	586.5024356159718	0.0	1031.805273441424	585.0584199423687	0.0	930.5982307875793	577.9984162892922	0.0	992.4452615859541	657.6776104978858	0.0	951.8699834216944	684.2186760961756	0.0	959.8765866367828	677.6611595609327	0.0	1011.4900717718175	665.7657782808733	0.0	1032.923260637424	591.7599983005589	0.0	919.5017805421678	585.3872873796026	0.0	993.6914904475196	665.252516555706	0.0	959.6215586025669	689.6678406897189	0.0	967.6793387621185	691.7763452242178	0.0	1008.4696772189561	671.0608186122973	0.0	903.9232796187476	542.9277668462337	0.0	840.5030743767265	556.6822897227578	0.0	874.7310352476542	574.0331000744125	0.0	913.4079914546578	536.6350355981137	0.0	866.8910125676083	607.0430968952447	0.0	814.9242686686954	654.6602936438956	0.0	906.7532624906481	550.1083139850746	0.0	857.8352387944585	609.7325773298085	0.0	807.3492442788054	661.2918325661996	0.0
119	4.768530465949821	1030.9743358912353	588.5087299380563	0.0	1029.6491759794271	586.9234706617118	0.0	929.3308599624021	579.1866801337874	0.0	991.6204754902712	657.6125607503243	0.0	953.4734643968629	684.2631391264457	0.0	960.3435508067545	677.1996218831764	0.0	1011.6214262667315	665.7649078278259	0.0	1030.4130680966964	593.3308274843716	0.0	917.5181645377115	587.0387728179631	0.0	993.5286678531199	665.0249761743822	0.0	958.5496700557032	689.6951800403706	0.0	967.3319243486931	691.5013595094864	0.0	1008.5890903255755	670.781075726304	0.0	901.5331058203162	544.9785111235776	0.0	838.5848034368702	558.211474296034	0.0	872.0461510736691	575.9610269636859	0.0	911.4872116816466	538.6364301834303	0.0	863.7116497914097	608.3202092617513	0.0	811.476329669821	655.2170435396653	0.0	903.918881621051	551.9813444656522	0.0	854.6132212716702	610.4715952872261	0.0	803.6901061381018	662.0826929019423	0.0
120	4.808602150537634	1028.0071675571176	592.9792478209085	0.0	1026.4467845937147	591.6221334974314	0.0	926.9337623404239	581.2909355575248	0.0	990.7737210945395	657.1512107557638	0.0	957.2152897576641	684.5251515631444	0.0	964.4098502952123	677.3751949276314	0.0	1011.7862806224193	666.055390883276	0.0	1026.978339585054	597.7619786897397	0.0	914.352129112167	589.5703225358749	0.0	992.9486929519626	664.1393633146228	0.0	957.0860797367435	689.334372076392	0.0	966.278876571914	690.88900401913	0.0	1008.5337030090077	670.1072978453789	0.0	898.7807550361488	548.2979491209745	0.0	836.3795035830942	560.5413558584124	0.0	868.8885336795076	578.8769911990316	0.0	909.7600738841567	541.3008503198276	0.0	861.591507255912	610.2690110413469	0.0	808.6293855435231	655.5731746172755	0.0	901.0098620990232	554.9185232552047	0.0	851.6779101412797	612.6034949307	0.0	801.3312145053674	662.1096053578984	0.0
121	4.848673835125448	1023.4794568236639	599.1980660992273	0.0	1022.4259363080296	598.3478278760967	0.0	924.4564037825872	584.2755562612602	0.0	989.9549676899521	656.6999530490348	0.0	960.5908582273718	684.4780806038195	0.0	970.179994694292	678.0899730049791	0.0	1011.6898582503392	666.8262892436196	0.0	1022.575005071249	604.6756830011519	0.0	910.144406526651	592.5843107670776	0.0	991.1320085344414	662.9590907166967	0.0	955.9332768893754	688.7964652438327	0.0	964.9887408185167	690.230833406162	0.0	1007.5311244950223	668.589194190228	0.0	895.7604135736301	552.3614859989381	0.0	833.8279619688099	564.3041388334906	0.0	865.9765173621743	582.7528760185455	0.0	907.5236871591364	544.5283008718186	0.0	859.8365032888795	612.8402992063045	0.0	807.0724716121204	656.227406273079	0.0	897.5958399732369	559.2731223574964	0.0	849.0147513594909	616.3432364784636	0.0	800.460977757927	662.4863934496232	0.0
122	4.888745519713262	1017.9958526362443	606.309616256037	0.0	1017.3351932090952	605.7004497635719	0.0	920.6708199448451	587.0396540053695	0.0	988.5021085245598	656.5055075111255	0.0	960.8532915879346	684.3304867326221	0.0	971.5137308576383	678.5961283502373	0.0	1010.4102839955458	667.0491462842688	0.0	1017.2459646462273	612.811660893733	0.0	905.4253045549781	595.8249726735805	0.0	988.9856954761576	662.2144909360183	0.0	955.1780802602475	688.5186346355982	0.0	964.755382576737	690.08964680036	0.0	1006.448021113406	667.3825430529041	0.0	892.368603701656	556.3853115498652	0.0	830.3414250684127	568.1041458428044	0.0	863.278132073565	586.9045536207531	0.0	904.2717605613088	548.0526771425358	0.0	858.2361835008684	616.1469934905816	0.0	806.5781293501925	658.5736125631936	0.0	893.7641975541933	563.4630130846622	0.0	846.9083576753477	620.8222500314735	0.0	800.4220394173791	665.1847485134826	0.0
123	4.928817204301075	1012.599258599577	612.2087307758802	0.0	1011.7821983519075	611.8172442838724	0.0	914.8421272408837	589.0290053835098	0.0	986.16848560986	656.4294835831641	0.0	958.3424008680396	684.334469260752	0.0	967.9280427164487	678.7897660494014	0.0	1008.747950391202	665.3300756314615	0.0	1011.2428697408261	619.1980055944686	0.0	900.4197010856357	599.1542654540284	0.0	987.5960310031403	661.8604491248645	0.0	955.1202301645761	688.52121529842	0.0	965.9423224982681	690.1622538864617	0.0	1005.8887999501496	666.6922342014345	0.0	888.2258868133805	559.79193197515	0.0	825.7850494194004	571.1042142839298	0.0	860.3638530528929	590.7445683102916	0.0	900.1876674259315	551.4918554022386	0.0	857.3784473539454	620.0343521390471	0.0	806.7397070250131	663.2897908577653	0.0	889.6202391507561	566.1036502599264	0.0	845.7996109423192	625.2092350191938	0.0	800.2619909982083	671.0170466003619	0.0
124	4.968888888888889	1008.4240021780274	613.5837458857931	0.0	1007.4716574217181	613.5758404078067	0.0	908.4985668925174	590.9310487527981	0.0	983.4827634761548	656.4647672839235	0.0	956.7405830698049	684.2892012803127	0.0	965.1306173094429	679.2046978654953	0.0	1008.3170876169904	662.2977049078356	0.0	1005.7691937951918	619.7695821080819	0.0	895.4281028824967	602.1867778280405	0.0	986.3392416982513	661.042197156271	0.0	955.9417818749973	688.4273972195729	0.0	967.3838189132744	689.8567630759021	0.0	1004.8373235949296	664.9153238566922	0.0	883.0851755511028	562.1633021830439	0.0	820.6068284918978	574.2426632741431	0.0	856.6615726816179	593.5666394765265	0.0	895.0870891544855	554.6303050671024	0.0	856.9204788461143	623.4670995272897	0.0	807.7015126201364	667.8904349471376	0.0	884.7795921630313	567.1800518955173	0.0	845.473259894375	628.4774183159303	0.0	799.6618104833238	676.6888079022258	0.0
125	5.008960573476703	1005.2583895095397	608.6341717015673	0.0	1004.6574846997588	609.0647995331444	0.0	903.2225968938001	593.1175836577443	0.0	980.9779761456332	656.3615243405399	0.0	957.1014471679971	684.4379678180031	0.0	964.9548126424352	680.100866458761	0.0	1007.9581801125918	659.4215466887485	0.0	1002.0137555310548	613.2571398555729	0.0	891.2981224448326	604.0943287704574	0.0	984.5199154255935	659.1565337961407	0.0	957.0720193091464	688.2617035799827	0.0	968.2862544473485	689.3463865005099	0.0	1002.6373594480897	661.4127473077791	0.0	877.0403640065448	563.065478357546	0.0	815.0215490276433	577.8298787207839	0.0	851.9220237207378	594.7723551029643	0.0	888.3650151576611	556.6902445116708	0.0	855.7719019021524	624.8962745900983	0.0	809.2060513193635	668.9208829231271	0.0	879.1026055385074	566.8010732698797	0.0	844.5255194246192	629.5586122913677	0.0	798.7743771882351	678.514596961656	0.0
126	5.049032258064516	1001.6175840558867	598.5653053224565	0.0	1001.6313025282982	599.8533209092105	0.0	899.3766842492093	594.6925413912567	0.0	979.6777450484208	655.0704055303731	0.0	957.427325571046	684.4235066902886	0.0	964.6026669538749	680.3188590251476	0.0	1006.0384865990553	655.5108822943813	0.0	999.1376749237618	602.5200597331655	0.0	888.59059626645	604.4440576234125	0.0	982.8245571003495	656.7637891190305	0.0	958.1047779915212	688.2411812782037	0.0	968.749719944391	688.6297135932061	0.0	1000.214089016016	657.5256456838528	0.0	870.6866957789829	562.1939525711779	0.0	809.7037704906411	581.5742022679915	0.0	847.134173262611	595.0613670008628	0.0	880.4114615063206	555.7351950987246	0.0	853.1263958384519	624.1493671665947	0.0	809.3515825963389	667.6751263511348	0.0	872.8929633319702	564.38729231598	0.0	842.0357868368775	628.7391222265185	0.0	797.2603573001434	677.9530933984755	0.0
127	5.08910394265233	997.296992271698	585.6753112083734	0.0	997.4925144122271	588.1699453282988	0.0	896.4586992468986	594.4723991757829	0.0	980.1091104869197	652.3709098514603	0.0	957.966060024787	683.6821338950652	0.0	963.34922334915	678.6937319370995	0.0	1003.7325504259245	650.2569755980669	0.0	995.6344912731911	590.4175700611124	0.0	886.4793190747816	603.5832690812855	0.0	982.1610686607864	654.887945395172	0.0	959.1120723010496	688.1616628416062	0.0	968.8902155911173	687.3741502597845	0.0	998.7437530085133	654.51289372116	0.0	864.9036880917934	559.5613877827162	0.0	805.706746579347	585.4508185682123	0.0	843.3123632512932	595.4533010763462	0.0	872.6808452156416	550.8549970053182	0.0	849.3124436208909	622.433418565586	0.0	807.5305715917993	667.8856614487057	0.0	866.6024787705617	559.546019595925	0.0	838.8406583566109	626.9202871718396	0.0	794.9981890869648	677.9643159792984	0.0
128	5.129175627240143	993.4947485748808	571.8258279736193	0.0	993.384168653201	575.1591683907975	0.0	894.6979955533969	592.9206284340913	0.0	980.5675898848624	649.7530685464409	0.0	959.1035446101287	683.1651262022008	0.0	962.2140005488719	676.5658900835402	0.0	1001.779253080314	647.248697635817	0.0	991.6835159731565	577.5211878083489	0.0	884.1464827036743	602.0268529744753	0.0	982.2757428466307	653.6253336333689	0.0	959.978449128932	688.0070495480701	0.0	969.2150257819562	686.19121047996	0.0	998.314673469705	652.5258854151936	0.0	859.6175012469844	556.0201362132434	0.0	802.3048453085063	588.1070987988477	0.0	839.7510132244123	595.8366747179433	0.0	866.2003091962267	544.4999786923192	0.0	846.2372724716654	619.9587406806963	0.0	806.9966526769647	668.7789630009053	0.0	860.4338310148888	553.6844213467366	0.0	835.2709071146975	624.4736773760945	0.0	793.1753652971122	678.0171921797158	0.0
129	5.169247311827957	990.4113183518932	558.4271362740747	0.0	990.1670882929816	561.8659361869329	0.0	894.7874844086118	591.4370194994741	0.0	979.4112083565965	648.2804751265988	0.0	959.0814527753498	683.4192466505923	0.0	961.5922443747738	675.4908707882995	0.0	999.1490492930155	647.6175318884652	0.0	988.1446530610056	564.074471429289	0.0	882.3230373228624	599.9047534500068	0.0	982.022341285648	652.5979767197543	0.0	960.4191526131629	688.3192701637222	0.0	970.0567358562021	685.8487130813314	0.0	997.9555732383128	651.4288849136135	0.0	854.0252979830733	552.9622250351877	0.0	798.0446660933374	588.2314457011989	0.0	835.6534365458276	595.6054033634097	0.0	860.894097291294	540.0285141821364	0.0	844.9786032648917	616.3896562097364	0.0	810.1532366763777	667.3769767775432	0.0	854.4279182309745	549.0991746199223	0.0	830.6759792482783	621.5589897770021	0.0	793.0266218153786	676.266038566991	0.0
130	5.209318996415771	987.0562543106296	546.2023552628091	0.0	986.9807188285913	549.19591689146	0.0	894.9745221983885	589.8261611110008	0.0	977.2385621076785	647.4164193351485	0.0	957.6228769820527	683.2033251803077	0.0	961.8647337576026	674.5959402649063	0.0	996.2557288931015	648.6246012245234	0.0	984.8331116265705	551.4192849441143	0.0	881.7069942441427	596.9498658499559	0.0	980.6007838325154	651.8776709435809	0.0	959.6453649845441	689.063696049965	0.0	969.8168754610393	685.8884963178953	0.0	996.6920581814426	651.1205809694051	0.0	848.5699001464551	550.7697276877335	0.0	793.8164304731027	587.3124542860962	0.0	831.8306162862093	594.4017571362424	0.0	856.3022777064332	537.7830748286016	0.0	843.9697517841379	612.7823795580423	0.0	814.4412548668788	664.4062683611342	0.0	849.1256593894677	546.3552122731098	0.0	826.009930228425	618.2831299560481	0.0	793.9001273182892	673.2310143707215	0.0
131	5.249390681003584	983.0940528308495	535.3141795679775	0.0	983.1914636481458	537.8299490005144	0.0	893.0636144375834	587.4998246123914	0.0	975.8374391844571	645.9595278778967	0.0	956.819205450209	681.4316082765054	0.0	963.16104432054	672.7276674249922	0.0	995.1000631075863	648.4942832634395	0.0	981.2308598359723	540.7528307084084	0.0	881.9524810554148	593.7388566631106	0.0	978.744329232461	651.0626535299292	0.0	956.8861627628663	688.8383714506019	0.0	967.0325214810971	685.0829336295383	0.0	995.1046713772187	650.9240524003139	0.0	844.5023035914226	548.7001822690178	0.0	791.350604728509	587.3631563813373	0.0	829.0224423997904	592.4280283824093	0.0	852.3162363565219	536.0078936605521	0.0	841.9788390077857	610.3875861697792	0.0	816.5602897692987	662.477082825083	0.0	845.0887351831528	544.5913745689566	0.0	822.9218758528466	615.2013535009122	0.0	793.9863822508571	671.351905604557	0.0
132	5.2894623655913975	979.2926893710675	525.9241338790368	0.0	979.4213837976621	528.3631535543356	0.0	891.2736836698288	585.6364550957562	0.0	976.9368914432578	643.7252171799507	0.0	958.577810992293	679.4191218483979	0.0	965.8036536988984	670.9160868308588	0.0	995.633433266548	647.4220530302553	0.0	977.849850250579	531.2769393957079	0.0	883.2621749868761	592.1302412335433	0.0	979.8328171425877	648.084947580166	0.0	955.7706884455235	686.2351740768509	0.0	965.9628366779679	682.1817021600308	0.0	996.5858693312605	648.6515325795795	0.0	841.9001527842474	546.6315063003193	0.0	790.1688875000018	588.1535480089394	0.0	826.908560300972	590.7833859846755	0.0	849.1719421131149	533.7694497675001	0.0	839.8751430978773	609.0450372860241	0.0	816.7402771886316	662.0072410826725	0.0	842.2583579718737	543.1488505859967	0.0	820.6477044854519	613.6758049061164	0.0	792.7370422895872	671.6599623353325	0.0
133	5.329534050179212	976.0368500043216	517.9538480183694	0.0	975.3592166028935	521.0705744315081	0.0	894.3045490893674	586.1957465260124	0.0	979.9559990145394	642.9969700354552	0.0	961.4950535089206	680.3469804222716	0.0	968.7395928654672	671.5714931421414	0.0	995.5891222748673	647.4470627712725	0.0	975.2487812425474	521.8280226309554	0.0	886.9000391938044	593.7038649156731	0.0	988.130428060135	640.7428902617416	0.0	964.9683997220434	681.2156783351331	0.0	975.221431517939	676.5668752161528	0.0	1005.1736527348365	641.1675357881576	0.0	839.9139522149912	545.4121966550385	0.0	788.6974609157294	588.753187576144	0.0	825.1058732775199	590.2707107673126	0.0	847.2793024355805	531.4752079739201	0.0	838.4066521165797	608.1358248223323	0.0	816.6800277688624	662.0393883649848	0.0	840.0883661049762	541.8686790938599	0.0	817.523172279718	613.8708529527943	0.0	791.3394802608689	672.7078754152535	0.0
134	5.369605734767025	972.3631372151358	511.04589032563035	0.0	969.1529909629244	515.5538292504641	0.0	903.1794277734368	589.363741649409	0.0	982.5590575930648	645.6557459905509	0.0	962.2681898466558	683.9881709184917	0.0	968.7442326598314	674.8106040519202	0.0	995.4221214145668	650.1699484168137	0.0	972.8455756509575	513.5730064653571	0.0	894.4813029392252	598.8892817890946	0.0	1003.4695939338421	630.1844357760352	0.0	988.5483482041645	674.427813028442	0.0	997.6248990569786	668.9344723692714	0.0	1020.3503459436272	628.3894089007607	0.0	838.1380455396959	545.2333515357714	0.0	786.5722148127697	589.3164923645681	0.0	823.4657333716129	590.256669221739	0.0	846.7844026167221	530.3302666664056	0.0	837.2642135853391	607.5539445277008	0.0	816.5388963752437	662.1353635039593	0.0	837.6257757076685	541.2571678056044	0.0	814.450631174418	614.539558396966	0.0	790.8300876410794	673.0406158967969	0.0
135	5.409677419354839	967.5056461848304	505.4037337087435	0.0	960.9145055463732	510.96232343029385	0.0	913.727594572629	591.7308037275932	0.0	984.5795569134201	649.3895890134569	0.0	961.5814400644288	686.0771414419469	0.0	966.387837036088	677.592270625815	0.0	998.0600142016528	653.8967487661538	0.0	970.5150339487648	507.96229453244246	0.0	907.6721328456433	606.2802459156313	0.0	1021.5780988213976	620.869463372203	0.0	1020.3089760912166	666.7914758411812	0.0	1027.0171355776279	660.9358758010127	0.0	1037.8292543213643	615.5668460100215	0.0	836.7523448508535	544.9421130063104	0.0	784.3303340209393	590.011395572101	0.0	822.1795255851034	589.8028724761632	0.0	846.8802016634027	530.8081550297545	0.0	836.1471713422704	607.4160754569771	0.0	815.2826484196919	662.4742165610206	0.0	834.5666816732648	541.5282211197784	0.0	813.2883856406751	615.4159984448149	0.0	790.9707934496004	673.0550598072598	0.0
136	5.449749103942652	962.5172198129969	501.52658614654956	0.0	953.2640545727116	507.50416015591054	0.0	919.9716054799749	590.4184521983237	0.0	986.8700723284169	651.1528605974485	0.0	962.0447543458683	685.741785317132	0.0	965.7686376466191	678.371024674313	0.0	1002.8980987339917	656.5918277453532	0.0	969.0269585754893	504.0396437423486	0.0	926.7803030206818	612.4754173664048	0.0	1040.8556060131018	616.3382160074009	0.0	1051.7899798343071	660.8089662118201	0.0	1056.35072588927	655.1791384439122	0.0	1056.208449793514	608.3665643149516	0.0	835.8461562161947	543.7345755055582	0.0	782.3295566414578	590.4017132440056	0.0	821.2611523003548	588.938476924096	0.0	846.5670299203114	531.6087337313202	0.0	835.0922457257751	607.1986177873341	0.0	813.1384817802044	663.703556952685	0.0	831.9401791690035	541.4426516314732	0.0	813.5687210388968	615.291706740675	0.0	791.3269901895796	673.2523602892204	0.0
137	5.489820788530466	958.9705597819932	499.4655977729208	0.0	947.5447606290653	506.57557053751395	0.0	918.823820170692	588.0134341514577	0.0	988.3977126514959	651.3565679604335	0.0	963.1059255748461	685.8254252396374	0.0	967.1340550914296	678.651381806432	0.0	1005.9810504167303	658.207379894498	0.0	968.0178008734383	500.73621025011835	0.0	949.849865039648	615.2034349103703	0.0	1062.8577545096596	616.4608097870957	0.0	1079.067526338336	660.1022793569518	0.0	1082.6073339225202	655.1878444603243	0.0	1077.4602171656327	607.6226632723407	0.0	835.4170604260331	542.3482116845042	0.0	780.8499643643124	590.7242465574445	0.0	820.5059797130555	588.2182354805863	0.0	846.4019305559393	531.8820819097464	0.0	834.2177885003268	606.06362032318	0.0	812.0641316590411	665.7000447469181	0.0	830.5900172552908	539.9419707576267	0.0	813.8527419979218	611.9215547617798	0.0	792.0626574975818	672.5244420315632	0.0
138	5.52989247311828	957.0019676242187	499.40705816583693	0.0	943.7273020467389	508.5948255303492	0.0	913.1590726999574	587.7068413022938	0.0	987.9850135588158	651.3547324988972	0.0	964.3503462402355	686.5919656326085	0.0	968.1682673168198	679.3041146188691	0.0	1005.5360623774508	658.6023604570554	0.0	966.6570724537509	499.10367640904144	0.0	974.2083400290162	615.25960151878	0.0	1087.2113492037704	618.5752910452561	0.0	1100.9295009703815	664.8399035223706	0.0	1104.9226959311964	661.0337575471729	0.0	1101.986998151159	610.6289776907371	0.0	835.413715393461	541.4663546136142	0.0	780.5702362828215	591.65413298304	0.0	820.9953615066088	587.569083059277	0.0	847.6561667561265	532.1844105934287	0.0	834.0117261262492	604.9527658036768	0.0	812.4423036634606	667.066881313102	0.0	830.4323853999302	537.6181959041174	0.0	814.2646787172479	607.3668169495309	0.0	793.343543556701	670.4828567281655	0.0
139	5.569964157706093	955.8435233670073	501.5395991405315	0.0	942.2337650089896	512.2446430922234	0.0	908.7567416448537	588.4339494100496	0.0	987.0203554232733	651.3699908441451	0.0	966.2554731449904	686.4595549039731	0.0	968.4289139574512	679.7717868389844	0.0	1004.0691298557533	657.9535838375559	0.0	965.6927229053662	499.9770752899151	0.0	997.6964204774954	613.5839106190376	0.0	1111.3182483965838	620.7106802970238	0.0	1118.7677351731443	670.5403543189066	0.0	1124.1771643696743	667.3674891138968	0.0	1127.5573034337722	614.7327287180799	0.0	835.59364971231	541.0147056448897	0.0	781.9203759014889	593.0829653715348	0.0	823.5417638140907	586.7395248272268	0.0	849.5028885455018	532.4254597470998	0.0	834.7240318705537	605.4764803657849	0.0	812.0589070724639	667.2161268553679	0.0	831.4076643864685	535.7267632954552	0.0	815.5585691608728	605.927930836316	0.0	794.7988834282135	668.8957996527619	0.0
140	5.6100358422939065	955.7944373316645	504.7856692608833	0.0	943.2209395405366	515.765730139636	0.0	907.9579543074193	588.5142897843775	0.0	987.713414028766	651.7786602644275	0.0	967.2320987102305	685.6630635024546	0.0	968.1239043643725	680.1018564339001	0.0	1004.7180353206173	658.0933302255976	0.0	966.2378164431084	502.21254745054654	0.0	1018.870279194528	608.9814951194353	0.0	1133.1931741679405	623.3251148830834	0.0	1135.7554879094994	674.9575119349366	0.0	1142.4412794385073	671.236778116783	0.0	1151.1855260927337	619.1602394802003	0.0	836.1461574426219	541.1858956245055	0.0	784.3051172259094	594.6464244310113	0.0	826.5100891892721	586.446786311708	0.0	849.5889707517672	532.3059297635241	0.0	835.5820588761594	607.0603670540742	0.0	810.0146831700463	666.7389229121255	0.0	833.4226240467801	535.4775372213314	0.0	817.635604953838	607.472817708928	0.0	795.6273505120466	669.3270411247561	0.0
141	5.650107526881721	957.8763776333303	507.7420126256023	0.0	946.4335925504834	518.5895397395104	0.0	908.7158876843523	588.0293382406558	0.0	989.0479539981106	652.6205265102151	0.0	966.6886172373222	685.2587420056011	0.0	967.6007962668941	680.6843839401813	0.0	1006.7697731001736	659.6149904718933	0.0	968.2044153525715	504.7251191219782	0.0	1037.3074192994268	601.0695487307522	0.0	1151.3965656130747	627.3045836084178	0.0	1151.6191880532936	680.011801230706	0.0	1159.4787567278468	675.0667847369357	0.0	1169.9230811765105	624.4617190614111	0.0	837.6767888153697	542.1610482529093	0.0	787.0316248169785	596.3056619126467	0.0	828.3380037836581	587.2985065011758	0.0	847.8861126048919	532.4628903835461	0.0	836.6522298843947	608.0287542917285	0.0	808.181897340221	665.9639200433492	0.0	835.8325187772089	537.3239354735815	0.0	820.0959514159468	609.2581566598631	0.0	795.7074380419593	671.3044243023951	0.0
142	5.690179211469534	962.0290895592732	510.7455391335241	0.0	951.7556918696152	521.7223311499451	0.0	909.1129185948427	587.2960586306519	0.0	989.132193370288	653.1196759787786	0.0	966.3032885887153	685.2445171375476	0.0	968.4015833978144	680.8812527847948	0.0	1008.175143979469	660.7409733032307	0.0	971.5242323146147	507.9563479157782	0.0	1053.1321249841608	593.5399903035641	0.0	1164.400740828464	631.5064593661324	0.0	1164.1176836825016	684.9929018725616	0.0	1172.8988434568835	679.2479773208871	0.0	1182.4811174335748	630.0771059362353	0.0	840.2852056974185	543.6460212967403	0.0	790.1813445876949	597.4168174174016	0.0	829.6785555052584	588.0389752360527	0.0	847.5747853179082	532.6355476733311	0.0	839.974279883625	607.7793921129635	0.0	808.3798363974907	665.1263813167117	0.0	838.3719913686604	540.036822291347	0.0	822.7364800559737	610.3158185789825	0.0	795.8565432903616	672.92908830967	0.0
143	5.730250896057348	967.4173334625282	514.7539647261488	0.0	958.3834717338009	525.5616945108069	0.0	909.7076795516646	586.891086305581	0.0	989.3480957422912	653.1950768641826	0.0	966.9807816732236	685.0487706720829	0.0	971.3165482601057	680.1994820572836	0.0	1009.717627495033	661.0200320696788	0.0	976.473454412346	512.2762936052953	0.0	1065.7554241704213	590.554233794055	0.0	1172.5664991759738	634.1227195921621	0.0	1172.563406580087	686.9485683809396	0.0	1181.1449241374173	681.7932086943999	0.0	1190.5690266144059	634.1449496073025	0.0	843.5706942165792	545.1915694602186	0.0	793.5927853525661	597.5909778332932	0.0	831.5698848789754	587.5478883025405	0.0	850.7219862104071	531.9340604184717	0.0	846.2408979557612	606.9904602733494	0.0	810.4409694285227	664.5609319081386	0.0	841.8265264104655	542.2774092677835	0.0	825.1621256888071	611.1568285560779	0.0	796.2842689473872	673.1508621702553	0.0
144	5.7703225806451615	972.9936449588079	518.5403985606438	0.0	964.6335042872431	528.4948782474208	0.0	911.3080877090443	587.2973574213459	0.0	990.9389357180794	653.3848714432597	0.0	968.4656602784398	684.8804155097173	0.0	974.2940851333002	680.5579796540951	0.0	1011.9980656438668	662.1901132569819	0.0	981.5465523088865	516.3652696992253	0.0	1073.87310732984	591.5329744460246	0.0	1177.9505880552406	635.0839207920346	0.0	1176.258538784633	687.1041530855199	0.0	1184.5340832960678	683.8446595804011	0.0	1195.8916563442947	635.9140629189724	0.0	847.5468383758188	546.760585689884	0.0	796.295007422283	598.9312369203454	0.0	833.9591023636547	587.9826134493305	0.0	855.5420762312033	531.4359777663174	0.0	852.0899890955019	606.3907386454612	0.0	812.2177623850976	664.0849828659314	0.0	846.4341922110359	544.2782158491623	0.0	827.0159530658614	613.4696816966836	0.0	796.4923858293527	673.2150953948588	0.0
145	5.810394265232975	977.2442407544349	519.1512449429725	0.0	969.0978272129736	528.7275214699569	0.0	913.0140865707563	587.3967135242731	0.0	992.5398023479072	653.7269779820948	0.0	969.6290164018133	685.5059152300734	0.0	974.9658879347127	683.539323291594	0.0	1013.4348581333782	664.7671467401426	0.0	984.5756348284078	517.6765012793434	0.0	1077.0343899046482	592.8216074119852	0.0	1181.0543270562976	635.2004496828479	0.0	1175.8890521534631	688.983816699604	0.0	1185.053826281136	687.0347847787483	0.0	1198.1008958847037	636.1687551860938	0.0	852.257051173522	548.5398687488749	0.0	798.2766259395642	603.0850855444577	0.0	836.9938434997084	590.9374302659711	0.0	860.0909082975909	532.8035183349054	0.0	854.3107435016359	606.011001733805	0.0	811.9627097436407	663.3405167338763	0.0	850.5694422848148	546.0976389461092	0.0	828.5646565827011	617.3037347354443	0.0	796.4612268627286	674.3449021104087	0.0
146	5.850465949820789	978.9570556029353	515.5682233508272	0.0	970.8225146455877	525.9487335910478	0.0	913.6458773802343	586.0815123439181	0.0	993.5161523242064	653.9471975216491	0.0	969.3153882286271	686.2280224571988	0.0	973.859587721317	686.3554017244802	0.0	1013.4988245098481	666.8309631042898	0.0	985.96106805815	514.6229441086942	0.0	1076.4573617748085	592.166422837359	0.0	1180.9204642146756	634.8654898273177	0.0	1174.1395184471373	692.3569701420759	0.0	1184.2286673907734	689.6384613621505	0.0	1197.3140892618053	635.735816448207	0.0	855.9396666419269	550.014210337027	0.0	800.3719782191656	607.3522871306599	0.0	840.4459168544547	593.5944389595211	0.0	864.3457076766334	535.2918028645585	0.0	854.017580433189	605.8856983706627	0.0	810.8861882955396	662.5705040320391	0.0	852.257819553622	546.8076446270701	0.0	829.678469742577	618.5557676640766	0.0	796.5788892431485	675.143301820576	0.0
147	5.890537634408602	978.3905334423748	510.3206920957124	0.0	969.715518666615	521.7008455933028	0.0	913.923026615944	584.0700927856581	0.0	994.4599241104464	654.0510714072755	0.0	968.2592117116922	685.3515273874332	0.0	972.8645165318062	685.7575370444765	0.0	1013.1695566193828	666.7410010038743	0.0	986.9248809166029	509.1971284498849	0.0	1074.440108583538	590.034711913649	0.0	1178.265904054286	634.3855166764695	0.0	1172.4149460496387	694.2065745724888	0.0	1182.336687497319	689.973290230773	0.0	1195.1277128810445	634.8580077796996	0.0	856.5715230452607	550.5286739480271	0.0	801.9685508371666	608.2487586768984	0.0	842.1482844133352	593.8847239536867	0.0	867.2910079736605	536.6809644901011	0.0	853.4741657325402	605.9609955455168	0.0	811.0230500084292	662.1743099778491	0.0	851.6698125619887	546.5205647845411	0.0	829.5158339319873	615.6722157960332	0.0	796.9702562760897	674.1265949789132	0.0
148	5.9306093189964155	977.2167112153263	506.6728597657419	0.0	967.7089393195232	518.7412875794271	0.0	915.0825765051387	582.2590538613063	0.0	994.7795283582593	654.1913291872472	0.0	967.7349886019671	683.6235797218276	0.0	972.6131873014945	683.2142040467561	0.0	1012.948588726932	665.2092983915766	0.0	986.9731658309413	505.58301580472727	0.0	1072.961260614181	588.1716691638367	0.0	1175.766104057929	634.0709062975045	0.0	1170.743226499961	693.8559925971274	0.0	1180.6979063660751	689.106358227501	0.0	1192.970603276262	633.6735741326221	0.0	855.6774905981399	550.057142652066	0.0	802.2245390762813	606.294447186515	0.0	841.6734380645322	593.2228923684335	0.0	867.3182389999879	536.002886052421	0.0	853.2579868936937	605.4354881005659	0.0	812.1963682941812	661.6421750524066	0.0	850.9811643739142	545.8062902674201	0.0	828.7275949684002	612.9313128502054	0.0	797.7031633904255	672.68376824436	0.0
149	5.97068100358423	976.5266060727947	505.69310730903055	0.0	966.8700266111088	518.2942214657253	0.0	916.1570425398282	581.2865606660532	0.0	993.6706156829841	654.2614227241141	0.0	967.647738404142	683.3400778660493	0.0	972.7048371176033	682.0248458736867	0.0	1012.8049358420744	664.0562804552925	0.0	985.6273546932824	505.38807517634274	0.0	1072.400771332928	587.8230131275117	0.0	1174.727793048768	634.5344951766514	0.0	1169.8387376051605	693.4096194738538	0.0	1180.7531141990762	688.6668782452599	0.0	1191.4625685951155	633.1195854252248	0.0	855.6246049417929	548.8749912816388	0.0	801.7393916915673	604.5299417604008	0.0	841.3110843054476	592.7138731249155	0.0	864.9030053895393	534.0142669128131	0.0	853.1677326027125	603.7887978615213	0.0	813.007016436811	660.4070573876619	0.0	851.093659022372	544.4424257186846	0.0	828.7229780719355	612.8440767222336	0.0	798.883921097811	672.3006730224444	0.0
150	6.010752688172043	975.9098491750358	507.0547215968895	0.0	966.6846362802448	519.4310705627599	0.0	915.8475190208392	582.2199581452531	0.0	992.4506957778145	654.2327351112057	0.0	968.0119222864453	684.0265118694631	0.0	972.8107049823235	682.3821590068562	0.0	1012.8123870996058	664.1367752317414	0.0	983.9437943511559	507.2139499707862	0.0	1072.005957692588	589.3525761307689	0.0	1174.0536101608527	636.2846133801181	0.0	1170.4292233759193	694.0984751684591	0.0	1181.5384995301356	688.8569487414753	0.0	1190.9236088061677	634.5225291769739	0.0	855.1105385210324	547.8081434828671	0.0	801.3184633123819	604.3871707803441	0.0	841.059709295703	592.2539987995112	0.0	861.9948746672142	532.1393213134519	0.0	852.9176858419949	602.1736203167796	0.0	812.9932845507427	659.7308867233614	0.0	850.8351963437738	543.0571753435781	0.0	828.7105209030397	613.2356327334765	0.0	799.6411310435033	672.079093317547	0.0
151	6.050824372759856	975.2324264528237	510.5529884434869	0.0	965.7623591085278	521.8811911408346	0.0	915.0702607113282	584.5435442473694	0.0	992.7125870561833	654.3672937853237	0.0	969.3255575511781	683.6401423964437	0.0	972.8625863199402	682.3768257823235	0.0	1012.9548463471817	664.749306753141	0.0	983.1808066075143	509.8255406632908	0.0	1071.4103566194522	592.0559794873468	0.0	1173.3333420873596	638.1923784268317	0.0	1171.0237392159866	695.0321323690955	0.0	1181.2437249744985	689.1163367591893	0.0	1191.2082089096332	637.4077658621743	0.0	852.7747595907545	547.8188609891861	0.0	801.1138875629226	604.966663603014	0.0	839.5202916088343	591.8676015382146	0.0	860.062945735423	531.4653471522761	0.0	852.4249953982379	602.0903385046197	0.0	812.6965744279488	661.1407786612499	0.0	849.9203404658833	542.8246857497438	0.0	827.5113431310344	612.8390075970866	0.0	799.0030145624753	671.3271957309779	0.0
152	6.0908960573476705	974.8012001690511	514.7591703569097	0.0	964.7792288855836	525.3136102648384	0.0	914.6746405785871	585.8437284891115	0.0	993.4491602371311	654.5938194528735	0.0	970.6536828905203	682.9217744170395	0.0	972.9158403409151	682.1122310647123	0.0	1012.7991481140874	664.9195141345348	0.0	983.0554154829085	512.515866353314	0.0	1071.1052708275529	593.9068670084012	0.0	1173.6222400779359	638.708986430664	0.0	1169.9101524216476	695.5277993982806	0.0	1179.837715405654	689.7217265996921	0.0	1191.532407669256	639.4014232758174	0.0	850.4319198520244	548.620518686494	0.0	800.1216461969257	605.2747799757835	0.0	837.758144348768	591.7447871038177	0.0	858.9682451671919	532.0758168887264	0.0	851.789750606921	603.4253434687071	0.0	812.4359046543874	663.4742573518979	0.0	849.228509058082	543.3574941002379	0.0	826.3480737621442	612.7768483965513	0.0	797.9796600019682	671.194733617665	0.0
153	6.130967741935484	974.4288963221682	516.7990791740137	0.0	965.4180258048852	527.1334894425931	0.0	914.270330947008	585.2003674710663	0.0	993.2390408775674	654.5097803588702	0.0	970.774696840399	684.1195225771237	0.0	973.1073047887378	683.4119253156803	0.0	1012.1215875742907	664.8280215015267	0.0	982.4940074275466	514.0739344266859	0.0	1071.4811663443625	593.3325011589868	0.0	1174.9751282596972	638.3628509008694	0.0	1168.2718554413293	696.1938345975648	0.0	1178.657174098102	691.1800258798269	0.0	1191.6396437737133	639.4554540772552	0.0	849.5398352350032	549.0726320054277	0.0	797.3805056735969	605.2464542605891	0.0	837.2583483639621	592.0048199933842	0.0	858.228069073974	533.228353610193	0.0	851.2277017424126	605.3247418104086	0.0	811.9618962733248	664.6734352680393	0.0	848.9070889299173	543.4471490156051	0.0	826.3410529231593	613.1275859778332	0.0	797.5986466416124	672.529478869323	0.0
154	6.171039426523298	974.2019374567847	516.2530409570062	0.0	966.8527608685274	526.3166101766898	0.0	913.9286726907526	584.0533136485601	0.0	992.8043653024885	654.1295653684106	0.0	970.3204030873735	686.6422225705595	0.0	973.3436985128842	685.8632584662969	0.0	1011.5562117366051	664.8861825138024	0.0	981.8843873556588	514.0756279101529	0.0	1072.4351944422556	591.3058475379839	0.0	1176.2513800752906	638.4931212541298	0.0	1167.381660190495	696.9915987341523	0.0	1177.909473076126	692.1866304523072	0.0	1192.2764727938468	639.3009115746445	0.0	849.429524599748	548.5403884914358	0.0	794.7860921743661	605.0996539489989	0.0	837.4062047962526	592.487269052732	0.0	858.3737313785473	533.6104959417728	0.0	850.9842866915952	606.7639349011837	0.0	811.2229718167127	664.768400538779	0.0	848.708403726867	543.033268708163	0.0	826.5155723940417	613.0812893711823	0.0	797.0571259875003	674.1741446179053	0.0
155	6.211111111111111	974.501888908939	516.0854484167295	0.0	966.6857322850494	525.9005210715588	0.0	913.8246258787333	583.5788401542903	0.0	993.0003652721662	653.789230252163	0.0	970.1804101339976	687.9035183631546	0.0	973.5154037848265	686.9901485231717	0.0	1011.8701554644658	664.7335602764258	0.0	982.4357408365099	514.0429072911302	0.0	1073.7504854955587	590.1807174384278	0.0	1176.9696550507338	639.000414841511	0.0	1166.7482466017163	697.2081063436852	0.0	1176.92707987117	691.4663593433257	0.0	1193.8006848871237	640.3666684888472	0.0	849.3204889063993	547.666511868829	0.0	794.7942787160256	604.9404526665531	0.0	836.9858334784653	592.9003251546357	0.0	859.197308309209	532.838746156041	0.0	851.1721990392973	606.4934962004979	0.0	810.7957583578897	664.3782087715904	0.0	848.6863737321426	543.0239319605572	0.0	826.2715427775831	612.8284882267927	0.0	796.3211882764252	674.6186934577853	0.0
156	6.2511827956989245	975.3948258376249	517.5248185624807	0.0	966.0475697816509	527.3754414082631	0.0	913.6869535711396	583.5989168220389	0.0	993.2987259346332	653.5424354903955	0.0	970.2927903876987	687.3627949705907	0.0	973.9257658893905	686.2792680594603	0.0	1012.652463305941	664.3893839282451	0.0	983.6270165236472	515.2776887089761	0.0	1074.8007141296494	590.6996668223005	0.0	1177.836532221721	639.2215016645099	0.0	1167.3749780974572	697.1097419008943	0.0	1177.3869080626998	690.6644407710946	0.0	1195.3438274642704	641.4570526054516	0.0	849.4971535705537	547.8972526661706	0.0	796.0031025614269	604.8602572187581	0.0	836.1031953110098	593.1756978868457	0.0	860.0862050770932	532.7847230620656	0.0	851.95179623234	604.7893720767604	0.0	811.1470176459641	663.2028182009602	0.0	848.9440653431211	543.5427317040271	0.0	826.2727102885691	612.6185348519022	0.0	796.3659373178849	674.4038398093139	0.0
157	6.291254480286739	976.6471979392352	518.4670878205591	0.0	968.0730998163986	528.3567728685298	0.0	913.6030602131545	583.6352745283596	0.0	993.1079823585042	653.1660990094402	0.0	970.6346172357157	686.5478686328938	0.0	974.5418193742742	685.7095277227212	0.0	1012.7157154406937	664.2105947184104	0.0	983.9458056563612	517.0285243795284	0.0	1075.2174515089923	591.6654545666935	0.0	1179.5986088253067	639.1779400054653	0.0	1170.511313910868	697.0786175072101	0.0	1180.933891523422	691.44810244039	0.0	1196.1524424211711	641.4231184180506	0.0	850.6043702108445	549.2283687791833	0.0	796.1283720547399	604.8973683429556	0.0	835.8439067448094	593.3459217133651	0.0	861.9788602830255	534.3778733585232	0.0	853.3748870929959	603.4251653501902	0.0	812.1579817126697	661.740781445741	0.0	849.5358115381844	543.796701166754	0.0	826.8073827901981	611.9222879719788	0.0	796.8446831809549	674.5985886518812	0.0
158	6.331326164874552	977.582851213466	518.1894021238786	0.0	971.3674711553192	527.9194448121266	0.0	913.8376917249288	583.687143881045	0.0	992.660091153351	652.5981905949282	0.0	971.0590514122392	686.3357728695594	0.0	974.8187210738953	686.4070032257637	0.0	1012.2809575814581	663.9104487339764	0.0	983.6480377820089	518.1747816672598	0.0	1075.808819998289	592.0078625162164	0.0	1181.6559815407354	639.1399366605491	0.0	1172.9563400862617	697.1285007807151	0.0	1184.3434406097967	692.5323100405093	0.0	1196.6653709280927	641.2668458691986	0.0	852.2586651656405	550.2674195924232	0.0	796.1487272990336	604.8986980850051	0.0	836.7073206274347	593.3979431988894	0.0	864.6458364341742	535.5818783022261	0.0	854.8287363046607	603.4806956861463	0.0	813.3101220524522	661.369640669715	0.0	850.2394003009358	543.7167862819865	0.0	827.2867907116263	611.0109177677333	0.0	796.8753517659727	674.4307605781017	0.0
159	6.371397849462365	977.7110510766902	518.3421864222084	0.0	971.9509400075742	527.9799542414692	0.0	914.230726336555	583.9322182677117	0.0	992.4301284516796	652.166691280133	0.0	970.9644394645569	686.4684767076394	0.0	974.5643560502226	687.2274303231745	0.0	1012.6941033234164	663.6048301502516	0.0	984.2823995176313	518.5732153757954	0.0	1077.285969920411	591.5585709858574	0.0	1182.5844424220993	639.1841983198158	0.0	1171.228807934426	697.5365619124093	0.0	1184.271619840602	692.5113333231506	0.0	1197.47197064866	641.7729135337851	0.0	853.3498379568387	550.7535436621397	0.0	797.0881626389418	604.6481551501219	0.0	837.8970175390167	593.4888575558836	0.0	865.3621299895935	535.0281806116706	0.0	855.3340064444164	604.5235686167504	0.0	813.5532754180026	662.2718654213486	0.0	850.6269288182186	543.9408116102837	0.0	827.2673942817883	611.0418995654154	0.0	796.4421870075352	673.5131737204223	0.0
160	6.4114695340501795	977.504299541709	519.1106415924874	0.0	970.4023036369224	528.8072440850549	0.0	914.2901682347017	584.0000966102539	0.0	992.342158312078	652.0001886375205	0.0	970.2880370997996	686.5665725022106	0.0	973.9105730894901	687.1010463442396	0.0	1013.7364628274842	663.9419483208428	0.0	985.7561734735657	518.3206013544813	0.0	1079.232199919431	590.4535609924026	0.0	1182.2719367735049	639.1631272800093	0.0	1168.4746031561335	698.0197268167635	0.0	1182.7857224728893	692.3284351311016	0.0	1198.3504852927106	642.2224189913718	0.0	853.5704446799556	551.2123898424857	0.0	797.7542858529098	604.449046210271	0.0	838.4733568981263	593.787637747764	0.0	863.5657477685646	534.2321145983926	0.0	854.8793701571907	605.4522135369584	0.0	812.531817241138	663.3772262909487	0.0	850.5800651888717	544.5108613793213	0.0	827.4032938419359	611.8711486933197	0.0	796.0904751878732	673.3974701517266	0.0
161	6.451541218637993	977.6027924073776	518.9375486515921	0.0	970.0070908908672	528.2146137259815	0.0	913.7796814233103	583.4307803310534	0.0	992.0858443067668	651.8700166892672	0.0	969.6133733220121	686.6931871763021	0.0	973.2168478904797	686.6291840056912	0.0	1014.0789077190487	664.7142197453619	0.0	986.3972242616992	517.1210779804644	0.0	1080.5594003051508	588.9682482076687	0.0	1181.864548075795	638.8696323305182	0.0	1168.9015083901136	697.9611553437824	0.0	1182.4412188832894	692.9303914919632	0.0	1198.7311803399175	642.1200951260159	0.0	853.4972841821341	551.3395905593043	0.0	797.6023358264968	605.1429329843676	0.0	838.5245508770107	593.952736724606	0.0	861.9501648332594	534.7173105935863	0.0	854.3477136710083	605.7707398672823	0.0	811.4787174217034	663.622437557636	0.0	850.4795217813978	544.7692450231098	0.0	828.069910463618	612.390558943581	0.0	796.313709184848	674.275287020356	0.0
162	6.491612903225806	977.9181396234043	517.427873251574	0.0	970.6328355429252	526.0332051524986	0.0	913.6861620374169	582.8319368122671	0.0	991.9088811373101	652.0866588168692	0.0	969.1679799065477	687.1712710762437	0.0	972.9602682526709	686.596100124888	0.0	1013.7546564332822	665.3323904404683	0.0	985.9243397860766	515.1348770927516	0.0	1080.199727404403	587.894912374948	0.0	1181.6499565601973	638.5241963196642	0.0	1170.0854277048188	697.3361410622866	0.0	1182.1891673721107	693.5587615690453	0.0	1198.801829186481	641.8837645804181	0.0	853.5756888755508	550.7164314388535	0.0	797.3884725379021	606.6215486260189	0.0	838.5381972251512	593.567270021119	0.0	861.9324876896601	535.480172947101	0.0	853.8920430536505	605.9208381052443	0.0	811.0776799559073	662.8707487582423	0.0	850.7648196800413	544.1455706725517	0.0	828.4140544689112	612.4383237272295	0.0	796.8327988356432	674.2547774066173	0.0
163	6.53168458781362	978.1468106367731	516.3038337974447	0.0	970.8251057576193	525.1918545662675	0.0	914.8258376397014	583.2032269604366	0.0	992.220938522901	653.1157223863538	0.0	969.0663209995685	687.4969462468371	0.0	973.0954620369059	686.7131242809776	0.0	1013.7856423616962	665.744124458861	0.0	985.6154219281082	514.1622797252151	0.0	1078.652430642595	588.140499202106	0.0	1181.4256750828945	638.6602031963362	0.0	1168.9379529382236	696.2500162005092	0.0	1181.290046250463	693.7865660105261	0.0	1199.2489249785629	641.9090874474621	0.0	853.6664888835269	549.9403906992986	0.0	797.4730025128724	607.3513384871134	0.0	838.6675352367847	592.8262965424074	0.0	862.4599057174589	535.1164010818042	0.0	853.1542535444573	606.0639084150397	0.0	810.7928318111473	662.0518276134542	0.0	851.1858511215382	543.0324908275992	0.0	828.4040891239744	612.3700682799017	0.0	796.9775779252661	673.1735269512164	0.0
164	6.571756272401434	978.3445162270132	517.0072361002033	0.0	971.126822494665	526.7800179328295	0.0	915.2817546673743	584.2125803109967	0.0	992.5921849551928	654.085163963476	0.0	969.4366710142208	686.8645150256691	0.0	973.1649803742778	686.4034230875527	0.0	1014.3214564887686	665.8826474662133	0.0	985.770980610035	515.493348412793	0.0	1077.9888431741363	589.5445909829414	0.0	1181.8422804091015	639.2417093101342	0.0	1168.25329876836	695.3868861029357	0.0	1181.3242458060886	693.8477985410996	0.0	1199.8573116955413	642.0246146159872	0.0	853.5247456809705	549.8078042924021	0.0	797.5700026959682	606.672907185736	0.0	838.7692076385238	592.3937011547541	0.0	862.4798795097154	534.1210749707354	0.0	852.8434717643645	605.3548163002595	0.0	810.5075920184831	661.8256741277381	0.0	851.3381985617817	542.5483007981309	0.0	828.9465890460986	612.2456049187379	0.0	796.8226102068525	672.9266920881208	0.0
165	6.611827956989248	978.598661971125	518.4643114579385	0.0	971.8530872236923	528.566052938954	0.0	913.3673278000856	584.6667657315668	0.0	992.0979227497344	653.5148864615604	0.0	969.7491858075988	685.8077245597109	0.0	972.9480792141652	685.7853219487199	0.0	1014.2887823091603	665.4146619123173	0.0	985.6605265041317	517.5048605510253	0.0	1078.950875586763	590.9026984536094	0.0	1183.0098943437058	639.6111776600765	0.0	1170.6086311867425	695.5698767631243	0.0	1182.898269414985	693.4653583202596	0.0	1200.1119522955303	642.1020692462282	0.0	853.2681785747866	550.1711670378631	0.0	797.2876425390807	606.1345703895815	0.0	838.5190418845658	593.062797699736	0.0	862.1910268342438	533.726024860559	0.0	853.8567623409039	603.9678550960732	0.0	810.5343266689422	661.8350781191183	0.0	851.3186056966948	543.1652042533644	0.0	829.4749804834449	612.6925839787557	0.0	796.6005765398666	674.0360467621963	0.0
166	6.651899641577061	978.726859905388	519.5213223039755	0.0	972.2299149376495	529.3874374142613	0.0	911.0584180201953	584.6880404700516	0.0	991.1044971569431	651.9137605297087	0.0	969.7072818732732	685.236254179079	0.0	972.9673174308782	685.3273531652626	0.0	1012.7878222605141	664.5080009059072	0.0	985.2553826533201	518.3204820517597	0.0	1080.045239074831	591.1115475408989	0.0	1183.8624434199558	639.5167027287487	0.0	1172.6636056657403	695.8421697421132	0.0	1184.3004710401544	692.7004485263957	0.0	1200.223854884524	642.3199477621038	0.0	853.0777155813707	550.2885270257021	0.0	796.9315535875693	606.9148876973832	0.0	837.9882169369984	594.6854158593063	0.0	862.264742789996	534.3163696745798	0.0	855.0217596540784	604.261290176612	0.0	810.9320544152586	661.5804976912045	0.0	851.0280976959456	544.2125919932043	0.0	828.5833315941128	613.9450896594849	0.0	796.1724201734075	675.1749520755245	0.0
167	6.691971326164874	978.4642911132221	520.5062344076005	0.0	971.8654377688694	529.9717147182511	0.0	910.2582219399874	585.0776915166376	0.0	990.892883093461	651.0425813084831	0.0	969.7830461904316	685.0787062265302	0.0	973.750406880337	685.1000103595761	0.0	1010.6052705954269	663.7623170041358	0.0	985.0273997789775	518.2804416510692	0.0	1079.969732388468	590.1558013483937	0.0	1183.9747432083982	639.2658084934453	0.0	1171.0716810629021	695.227531386365	0.0	1184.1009282029495	692.2411999173116	0.0	1200.442556930041	642.4722624871652	0.0	852.92379948049	549.9638826075154	0.0	797.3074379878994	607.7781701597082	0.0	837.6666732976596	595.7765305334899	0.0	862.5440765162476	535.1706885415313	0.0	854.7684031195415	606.7759119777106	0.0	811.2881346867836	661.0656092342449	0.0	850.3954627489152	544.775610512709	0.0	826.6318358530178	614.44910153022	0.0	795.7832536890292	675.4609288251596	0.0
168	6.7320430107526885	977.8353942336762	520.629076035686	0.0	971.1692039945353	529.9142680732316	0.0	909.9440756321032	584.7526733093991	0.0	990.6709970579426	650.6816953814499	0.0	969.9345003305049	685.0570104701857	0.0	974.2932656691262	685.057190235915	0.0	1009.0506688200466	663.2156635715353	0.0	985.0460432734601	518.0188234539202	0.0	1079.43793495812	589.0545948563883	0.0	1183.8896618822748	638.9730809403159	0.0	1168.6375797361377	694.8736877916806	0.0	1183.1241075744542	692.5283839408899	0.0	1200.4334534641853	642.2402490826835	0.0	852.9921377404837	550.0099575312386	0.0	797.7103909302563	607.7033059436035	0.0	837.4066075144406	595.5917803581841	0.0	862.6255437589416	535.4823424261554	0.0	853.9789068986021	607.7315249222313	0.0	811.0366293020926	660.5716985830503	0.0	849.8248556872949	544.9675417666542	0.0	825.3146660472414	614.1215376471156	0.0	795.7412163484943	675.2248911036779	0.0
169	6.772114695340502	977.26813389414	518.7687637284247	0.0	970.989284558797	528.3208493060035	0.0	909.0421188763537	582.3813909932604	0.0	988.7967867475072	649.5100277830124	0.0	969.3658314432828	685.2632461964718	0.0	973.4884006710704	685.5484209436612	0.0	1007.9997447016747	662.298484307609	0.0	985.1458771631578	517.2359299249481	0.0	1079.729446999864	588.4206467411149	0.0	1183.8050551567344	638.7670727716021	0.0	1168.6908938185657	695.618427862038	0.0	1182.5507947788574	693.1201060690166	0.0	1199.7664316466712	642.0615281690416	0.0	853.4021151162988	550.7007407730658	0.0	796.9481155508021	607.6671822257921	0.0	836.8669953896181	595.0057995268829	0.0	862.8408117892467	535.4120872862305	0.0	854.080181387974	604.8021250409768	0.0	810.5458426022952	660.1102301951139	0.0	849.58513998075	545.5304457517976	0.0	825.1676295241107	614.9226330869651	0.0	795.7979534428455	675.085167994033	0.0
170	6.812186379928315	976.8785056006575	516.3151144814107	0.0	971.5053937364744	526.196082311389	0.0	908.5863298850326	579.59918419548	0.0	986.994039504715	647.0630335125102	0.0	968.471654368172	685.1674262063293	0.0	972.6259185129032	685.7459839951009	0.0	1007.6291290085878	659.9517362899848	0.0	985.3047136308337	515.8749330139841	0.0	1080.2819253087673	587.9071891132469	0.0	1183.2904914716487	639.0667770791846	0.0	1169.474189073937	696.7056176742456	0.0	1181.8947848041894	692.9630651094989	0.0	1199.0246260151937	642.5202029280475	0.0	853.1243157895506	550.9789639853293	0.0	796.1472019010961	608.3950301719738	0.0	836.4765120900008	594.8300264612428	0.0	862.8972719690598	535.5931327500778	0.0	854.9690301478499	601.4636270642792	0.0	811.1010318401333	659.761329326134	0.0	849.5832448046269	546.2556143297315	0.0	825.3181389369641	616.5211706322765	0.0	795.6313086468477	675.1942841016063	0.0
171	6.852258064516129	976.17954319474	515.2531510759118	0.0	971.8235571720936	525.1860512253729	0.0	910.4130826883961	579.0467599156733	0.0	989.0258519238205	642.4864423848356	0.0	971.4547200669181	683.1802062288511	0.0	975.1261479084703	682.7979153472446	0.0	1010.1218952891167	654.535444466823	0.0	985.4055981041175	514.5236606599592	0.0	1079.765957887601	587.3583712043499	0.0	1182.1616732305945	639.7267364557736	0.0	1169.1157804724749	697.720432885502	0.0	1180.8267379937556	692.0740906703967	0.0	1199.0270786817377	642.907246682264	0.0	851.4218729079981	550.3465219924133	0.0	796.6057727489267	609.5121043525882	0.0	836.3996380646859	595.1469110929044	0.0	861.6273713241155	536.2420158002313	0.0	855.2715349080139	601.4569895210984	0.0	812.6135817047727	660.5234872805897	0.0	849.6282135478716	546.6370671905815	0.0	825.2269167096458	617.4945570086962	0.0	795.4121081224469	675.4316763529887	0.0
172	6.892329749103943	975.49409355584	515.2787461764295	0.0	971.5458182691705	525.1615570844451	0.0	914.7157481627046	580.722276726585	0.0	996.7933284464225	634.7684988529825	0.0	983.8086423129969	677.5778052167655	0.0	984.6072691237705	675.123223794483	0.0	1016.9727318495527	644.608957848506	0.0	985.0964337819164	513.9827732072182	0.0	1078.516328490767	587.3022043902382	0.0	1181.1156021417091	639.9119334850405	0.0	1168.6052541272315	698.4482291443303	0.0	1180.3463881808334	691.7557971869887	0.0	1199.23094592513	641.9605779058186	0.0	849.7521678630217	549.6773636680056	0.0	797.4162108229418	610.8298824621256	0.0	836.2546246986534	595.8946633214923	0.0	859.4856105069796	537.0308686525906	0.0	852.8534999132576	603.7457067586577	0.0	812.5761732757812	662.9463872001662	0.0	849.7402553428831	547.0942063071479	0.0	824.986328010595	618.4977856680374	0.0	795.6220953309611	675.8684491967249	0.0
173	6.932401433691757	975.9202486341906	515.0335646066313	0.0	971.1544276047151	525.0816064686512	0.0	920.9694169936203	583.7618303623972	0.0	1010.0384316181141	624.8710988664732	0.0	1004.5830314355455	668.0254066099683	0.0	1001.3578759624397	665.8568887992996	0.0	1027.9714888160531	630.5405209773107	0.0	984.9813844211656	514.327528174	0.0	1077.7550702759686	588.0730336646373	0.0	1180.7632236712734	639.3834737054757	0.0	1168.4660610094431	698.2159339904217	0.0	1180.836062070001	692.1255002176854	0.0	1199.0357042298872	640.3931604296555	0.0	849.4692151408968	549.6593723463136	0.0	797.4808712350236	612.3132962755527	0.0	836.2052910661448	596.9749753857087	0.0	858.2640529853159	537.4580467926498	0.0	847.8623196493791	605.8938174166325	0.0	810.0402506383269	665.076524259447	0.0	849.9618433543926	547.8287056458989	0.0	824.6641997668503	619.7081718145614	0.0	796.1705674488762	676.16146437146	0.0
174	6.97247311827957	977.3882428247027	514.3649874315932	0.0	970.7501456361977	525.124131867313	0.0	930.1497359630317	588.8891661200594	0.0	1026.6583231821326	616.1286392742703	0.0	1027.5109346732208	658.2900945039848	0.0	1021.7947364166706	662.0122318808301	0.0	1042.8044946510183	616.7487906065157	0.0	986.519443904409	514.3309370640771	0.0	1077.735367525473	588.8498015424453	0.0	1180.8307058930554	638.7029454433396	0.0	1168.2623901462798	697.2191026303237	0.0	1181.2075493961045	691.9470802757734	0.0	1198.851435376826	639.7014834310651	0.0	849.7576337337273	549.8643562002371	0.0	797.2701302161901	613.3218396065132	0.0	836.370473951099	598.1253005533872	0.0	858.2450908649793	537.5771498122144	0.0	843.7798597962853	607.6125509994464	0.0	807.7302556545644	664.517124015304	0.0	850.103967696704	548.2412441330998	0.0	824.3849450493184	619.3571165902115	0.0	796.3752064146938	675.4228235711657	0.0
175	7.012544802867383	979.0963183961601	513.8621623499009	0.0	970.7115946579063	525.9355851338314	0.0	942.34695211592	595.8676153680195	0.0	1042.7723709261586	612.838413030496	0.0	1048.6643484331962	655.3158330390116	0.0	1042.1450638895878	666.01683552736	0.0	1058.9027991271687	610.4492387557244	0.0	989.4363205586801	513.1411911180871	0.0	1077.9768071177366	588.3333979063557	0.0	1181.1165785101716	638.1698319600059	0.0	1168.1172221915192	696.3622052503998	0.0	1180.8510781685336	691.0352264049432	0.0	1198.9575768288726	639.3328843913228	0.0	849.8248986166437	549.9089993032762	0.0	797.7009371120714	613.3559893469147	0.0	836.2784903196443	599.101184142314	0.0	858.4380491852452	538.0795213091686	0.0	842.3001592467845	609.3763811789996	0.0	807.5169874673525	662.2939020604297	0.0	850.245265041315	548.222294583627	0.0	824.5437786145325	617.4414371718594	0.0	796.208287562652	673.9331576343652	0.0
176	7.0526164874551975	980.9238509829258	513.5912250534241	0.0	972.4596603467018	526.812276271195	0.0	955.9372531769689	603.1346292250034	0.0	1055.629874600854	616.9854705065752	0.0	1066.0702072958206	662.0977674006701	0.0	1059.6554446909215	671.340969881783	0.0	1071.4001808343016	614.5928430977076	0.0	991.8844483036141	511.74885063940064	0.0	1078.2839071930925	586.7058363816784	0.0	1181.5328143848587	637.9535224730275	0.0	1168.2632974938724	696.0002216667398	0.0	1181.1486296936087	689.8866022287102	0.0	1199.2305347440229	638.6321492264562	0.0	850.4919304186741	550.121779892145	0.0	798.5718628500995	612.9903616021252	0.0	836.5988074132401	599.9752000699783	0.0	858.2955827322982	539.235757272631	0.0	841.272682990018	610.7851612094138	0.0	808.2980148907993	661.3188716217226	0.0	850.7920603476988	548.4646293547545	0.0	825.6983890507069	616.4354558588293	0.0	796.3642968602263	673.0742093791683	0.0
177	7.092688172043011	982.993778719683	513.4979906426278	0.0	976.1726486013442	526.9146079945818	0.0	969.7548465583288	609.6221787700191	0.0	1065.857235494456	624.990234835499	0.0	1077.9724437829732	673.3779773259088	0.0	1072.5352921423696	673.4169779956286	0.0	1079.503266353478	623.6310273952545	0.0	993.3218891316005	511.3795294122935	0.0	1078.7984219561956	585.4257194256815	0.0	1181.6981367212506	638.1837807836091	0.0	1168.5117175725354	695.8146541462067	0.0	1183.3259978950034	688.4904786134484	0.0	1199.5160918763781	637.9807587946121	0.0	852.06749311971	550.6441478396752	0.0	799.3917896417043	612.9814420813772	0.0	838.3062677198238	600.6171195792634	0.0	858.104795400136	540.6498002681242	0.0	839.503324102254	611.0677624747632	0.0	808.75965100418	661.9096078997201	0.0	851.7104187802179	549.4510738748497	0.0	827.342263393271	617.2873777707264	0.0	796.8969878469701	672.9995969941593	0.0
178	7.132759856630824	985.2182777085463	513.5004920440712	0.0	979.559361535305	526.7094086228901	0.0	981.5843875569633	613.8976773600164	0.0	1075.3238605366182	630.5137482592058	0.0	1085.487686731059	681.0120639162304	0.0	1080.0426045714069	674.165597911741	0.0	1087.7131896591616	629.6788312320289	0.0	994.5686470220764	511.3398447257676	0.0	1079.2500730238137	585.0335092354603	0.0	1181.673456802699	638.4051414890083	0.0	1168.6543098673126	695.262988238436	0.0	1185.8982749507245	687.0352767096786	0.0	1199.6891055919627	637.3815821787872	0.0	853.2410904615622	551.1890773183505	0.0	800.4382677057037	613.3572365789762	0.0	840.0231265223832	600.3475257373278	0.0	858.5787177014504	541.8238635086412	0.0	838.5923238167431	610.5656841189701	0.0	808.761828195978	662.4345389092673	0.0	852.3733675336475	550.7554632012843	0.0	827.9491806699122	618.7573496613047	0.0	797.1880333332527	672.7119536670815	0.0
179	7.172831541218638	987.3236035791322	513.0142311390916	0.0	980.8339264915503	526.4829913099505	0.0	988.045016680433	615.0393288041197	0.0	1083.1718069550589	631.1245373642427	0.0	1091.4758344658485	682.546778634681	0.0	1082.8720404840233	674.420325917799	0.0	1096.84097627617	630.8566715571296	0.0	996.0083488138391	510.34467315018844	0.0	1079.2586288523198	584.8644519908073	0.0	1181.9219896113361	638.2733085740576	0.0	1168.5727725284173	694.4569629489249	0.0	1186.6437145704665	686.0196491744783	0.0	1199.7841817834321	637.4355239464853	0.0	853.4729090411622	551.5165846719754	0.0	801.809331019467	613.8106310346943	0.0	840.4572958122145	599.2220429116833	0.0	859.6374033295951	542.3486243210899	0.0	838.893315146136	610.645151944169	0.0	808.5387294890764	662.4361489362873	0.0	852.6326604280159	551.5476287783952	0.0	827.5329148747772	619.8428157072776	0.0	797.1487761580427	672.153985265526	0.0
180	7.212903225806452	988.7066261583334	512.0604002454611	0.0	980.698258595928	525.8443364974321	0.0	988.8574483595803	614.2272088462494	0.0	1085.8188972334765	629.2913250974971	0.0	1094.7043746042186	681.4124774203374	0.0	1083.2882816868382	673.7511859454426	0.0	1100.5357518219712	630.0898326494711	0.0	997.1135925468234	508.92634268278044	0.0	1079.1608138629686	584.3097719478361	0.0	1182.4774239029043	637.90909934489	0.0	1168.2491961419937	693.892199998563	0.0	1185.7924596042626	685.5418178966117	0.0	1199.9138292049786	638.1084365208919	0.0	854.101754883085	551.6164796475814	0.0	803.0955767141388	614.133767928598	0.0	841.0475013756862	598.2572099384997	0.0	860.6432583041263	542.5135356412891	0.0	838.8437731529439	611.6520005522956	0.0	808.1455219169217	662.2562154801744	0.0	853.3570193013398	551.7349100510492	0.0	827.3699477803816	620.4323097841614	0.0	797.1603844695567	672.1598706041646	0.0
181	7.252974910394265	989.0188787807842	511.4619649051299	0.0	980.4457868514428	524.9864379336078	0.0	987.5710939241537	613.4111234556729	0.0	1082.9703331057426	628.1141321061623	0.0	1092.4887557059806	680.7597167315821	0.0	1082.841185602072	673.2718977422307	0.0	1096.6200763519064	629.3928119600516	0.0	997.317855631794	508.23951333843337	0.0	1079.1935269936935	583.5451311907981	0.0	1182.7722748338415	637.542215634081	0.0	1167.8437800595277	693.3780265025011	0.0	1185.246698609875	685.1562458365786	0.0	1200.0918838817702	637.7201702427051	0.0	855.9991293017623	551.7280113346847	0.0	804.2628756568251	614.2905004245957	0.0	843.0037183432403	597.8747577105348	0.0	861.739295523583	543.0961365422412	0.0	838.5347347997442	612.5138432171924	0.0	808.020972844412	661.6393828611217	0.0	854.8518158158329	551.8956679882099	0.0	827.7244881168319	620.7709755647288	0.0	797.3779777944283	672.4769875342568	0.0
182	7.293046594982079	988.9052109672407	511.4413236772065	0.0	980.6109249124236	524.6585121623092	0.0	986.7784512406892	613.4670301190579	0.0	1079.9965377446372	628.3022775762038	0.0	1089.7661210668703	680.8033401884816	0.0	1082.8811369775517	673.4624710714115	0.0	1091.9080110802283	629.0204050981943	0.0	997.1379556871406	508.17526681752025	0.0	1079.120150877966	583.3497610600332	0.0	1182.5790051153747	637.5195305461248	0.0	1167.4954031937875	692.8895496852343	0.0	1185.7285412568037	684.664195981587	0.0	1200.1288074472068	636.5069138763372	0.0	858.0492183104952	552.2051294381237	0.0	805.5432620792321	614.5187200559199	0.0	844.7685774931307	597.6995460367624	0.0	862.9118508132565	543.9406041843865	0.0	839.0202042519204	612.5415861238588	0.0	808.7349372830843	660.5510195151163	0.0	855.9214645301506	552.174090702541	0.0	828.0720534885724	621.0596089245879	0.0	797.6920311201443	671.9533516385139	0.0
183	7.333118279569892	989.2185755619062	511.64613753028095	0.0	981.3317685118404	525.0066162500785	0.0	986.2036394603217	614.0533346803458	0.0	1081.438704352989	628.6831216604187	0.0	1092.4965064273354	680.7117329690093	0.0	1085.002428680987	673.6169574089329	0.0	1091.550116664233	628.6948217571498	0.0	997.4712476015658	508.10297477101506	0.0	1079.0887640955768	583.7719823306522	0.0	1182.5120781837577	637.7521136106551	0.0	1167.2273832363524	693.0067796502142	0.0	1186.2737162695246	684.4696890687449	0.0	1199.9315844045154	636.058214993419	0.0	858.9610195500129	552.9148794200427	0.0	806.6421619852246	615.0195890950529	0.0	844.8491355357036	597.4310425282479	0.0	863.3813761742803	544.2359103760948	0.0	839.6749206722058	612.2710134330969	0.0	809.7252060105229	659.6552665427648	0.0	855.9008958101533	552.1413859732761	0.0	828.0291103090735	621.3455091152705	0.0	797.8107368891966	670.8251585848593	0.0
184	7.3731899641577066	989.6974286854825	511.79072339776144	0.0	981.980291977405	525.3016664361664	0.0	985.7222522984648	614.5119578389842	0.0	1085.1649029327784	628.5543812153796	0.0	1097.0483969709105	680.6657776592562	0.0	1088.1215653379877	673.5681101268502	0.0	1094.1335911751717	627.9490122510989	0.0	998.0741893587323	507.849607607424	0.0	1079.2724263717014	583.9433979776534	0.0	1182.8519882044877	637.7509435389634	0.0	1166.9732005932697	693.4767988262134	0.0	1186.286646698944	684.6703153262032	0.0	1199.9954182597867	635.9894325442652	0.0	858.9682426575682	553.1472530534512	0.0	807.0310771596764	615.634904580063	0.0	844.6761659853756	597.1541017605988	0.0	863.2613935299921	544.0062900040103	0.0	839.7264091482859	612.3658193831152	0.0	810.1368293975813	659.1398620711681	0.0	855.859067350917	551.787817750037	0.0	827.7240825424036	621.5432458495491	0.0	797.7475745748269	670.4765824070043	0.0
185	7.41326164874552	989.4467469748796	511.7546368952101	0.0	981.5883717960915	525.3965921388512	0.0	985.7512584507393	614.2545909139949	0.0	1085.6168779747393	628.5412376482348	0.0	1097.590701076649	681.2070089215092	0.0	1089.455378862374	673.6544972186209	0.0	1095.8450960216037	627.3378529741873	0.0	998.2245295103819	507.48015322034576	0.0	1079.2323248513544	583.7316708724783	0.0	1183.1661542458405	637.6445697654117	0.0	1166.7373337052513	693.6004493816148	0.0	1186.1435963930946	684.9460539385541	0.0	1200.518462051114	635.551214029276	0.0	858.9066483451882	552.8011003358417	0.0	806.6466801400819	616.2038637992614	0.0	845.3989396489492	597.3196140488001	0.0	863.3848398293385	543.9744958604247	0.0	839.7534014606813	612.7956943927902	0.0	810.305557850835	658.9638047614619	0.0	856.5165643164203	551.5328445916573	0.0	827.5449038357176	621.4330516361698	0.0	797.8449786741339	671.2377902162395	0.0
186	7.453333333333333	988.5839126664505	511.71962627253004	0.0	980.4119671388958	525.8647327008841	0.0	985.7359519522298	613.1381640308608	0.0	1082.0985086996698	629.0248937990195	0.0	1094.6518891508958	682.0734015247233	0.0	1088.0002526074336	673.9751393479941	0.0	1094.622404438623	627.761692805651	0.0	998.031354332659	506.9871316749819	0.0	1078.7189912239573	583.6597664021388	0.0	1183.2588450455926	637.7199125674616	0.0	1166.6997803867637	693.5245914943761	0.0	1185.7766740924797	685.342367649242	0.0	1200.693350905738	635.3153404906332	0.0	858.652763831081	552.4565005803988	0.0	805.790282720232	616.4692957495693	0.0	845.5418096432909	597.9007339428966	0.0	863.4903920000476	544.2932458510058	0.0	840.1850759274379	613.2266043409905	0.0	810.7124455490116	659.4746502264818	0.0	857.1219165010422	551.2821021980022	0.0	827.5056654649595	621.0043107264536	0.0	798.0051495593374	672.2104982382197	0.0
187	7.493405017921147	988.1171226843621	512.0178137453066	0.0	979.5073115832813	526.5835804454273	0.0	985.4664935372	611.9691107831391	0.0	1079.5122982283658	629.3955038976014	0.0	1092.227385446587	682.7167656365637	0.0	1085.938175004239	674.532422151684	0.0	1092.8210318674228	628.5057192884219	0.0	997.9386187562372	506.5905326202437	0.0	1078.188369265381	583.6325034017252	0.0	1183.1742825281174	637.6190018887118	0.0	1166.932684703709	693.4514973583529	0.0	1185.26251496519	685.8820480123939	0.0	1200.2875038795926	635.5178908556178	0.0	857.6789743674822	552.3214462838428	0.0	805.0354738820228	616.0725913810705	0.0	844.6812150993837	598.1893456490983	0.0	863.0909191803582	544.5226464269692	0.0	840.6558366264278	613.3906875639681	0.0	811.064551731925	660.2900553691536	0.0	857.0749836372775	550.7696821814889	0.0	827.5485113105224	620.5461221152646	0.0	798.0750504540077	672.6598873888399	0.0
188	7.533476702508961	988.4216264585682	512.5313087859689	0.0	979.4644664890378	527.1160044708109	0.0	985.6390356259336	611.8181841266036	0.0	1080.72202882596	629.7105590090606	0.0	1092.4217300268583	682.7918588370292	0.0	1086.0561960833843	675.1508257454052	0.0	1093.674894644693	628.9969624018592	0.0	997.958562098202	506.8746136065756	0.0	1077.9988730209382	583.4980404763347	0.0	1182.881799158655	637.220253528172	0.0	1167.2595229843919	693.3257254723173	0.0	1185.4495974465713	686.0548814605795	0.0	1200.1092660300355	635.5878263660641	0.0	856.7488186166436	552.6501437560462	0.0	804.8826303296495	615.5931329551036	0.0	844.1873958231188	598.4555942739719	0.0	862.8111982432354	544.5903132359322	0.0	840.9476436215824	613.2922615495588	0.0	811.3326080982264	660.6030416099909	0.0	856.7230995758935	550.5179047459496	0.0	827.7485629567516	620.3073586122676	0.0	798.2690554760597	672.4487432777587	0.0
189	7.573548387096774	989.0256623001696	512.6367475753116	0.0	980.1659033802548	527.27960218187	0.0	986.2912859479945	612.6343156077592	0.0	1083.3950795509259	630.5177306416184	0.0	1093.7555497568997	682.4928181051905	0.0	1087.7157919617334	675.5785531900987	0.0	1096.1400939550429	629.7435981796267	0.0	997.9561077058509	507.8886697831573	0.0	1077.9995510495087	583.5586982011955	0.0	1182.5987047469985	636.9266289766242	0.0	1167.3766404256824	693.3342464828428	0.0	1185.9253221440365	685.6709025173564	0.0	1200.369381739624	635.3903782984543	0.0	856.8088908452302	553.6449759095892	0.0	805.0464723555644	615.9070103283506	0.0	844.3699878537839	599.3841953229952	0.0	862.8221359937602	544.6656486066491	0.0	841.0567160416235	613.2093302410219	0.0	811.8173055612594	660.5208520593519	0.0	856.6577335922007	551.2187286764133	0.0	827.9271747439661	620.361402489799	0.0	798.5202646503662	671.7953573495621	0.0
190	7.613620071684588	989.3954911597866	512.2613055832555	0.0	980.7531980292265	526.9342813564181	0.0	986.7878366147268	613.3553733810678	0.0	1084.479054193683	631.2252268686125	0.0	1094.249321185522	682.3310213060153	0.0	1088.4913079736812	675.8690434124252	0.0	1097.5723829875665	630.389530522411	0.0	997.9488988834578	508.5799674339714	0.0	1077.974109985076	583.726828477987	0.0	1182.595132115	636.9300515820171	0.0	1167.278275857825	693.3673731455582	0.0	1185.418952679664	685.2324292110211	0.0	1200.5404603043257	635.3051642694799	0.0	857.2512388730919	554.3935495820386	0.0	805.0077829325015	616.5096841946096	0.0	844.777908428064	600.1127366946214	0.0	862.6033564454499	544.539884928256	0.0	840.9659332308375	613.2038970675978	0.0	812.2022667049094	660.4463059512087	0.0	856.9308309107262	552.2141734360825	0.0	827.9807587530523	620.5863871488082	0.0	798.5017575404647	671.3131943262334	0.0
191	7.653691756272401	989.4019013697421	512.084374289803	0.0	980.5553188879464	526.4120810143673	0.0	986.4812775748449	613.3485170941337	0.0	1083.530195682698	631.2797418272254	0.0	1093.6536194690611	682.25630387768	0.0	1087.6070926535085	676.0394210871725	0.0	1097.5213912204804	630.4344904359393	0.0	997.9289494163379	508.1336440616074	0.0	1078.029204367376	583.7016146329604	0.0	1182.6937555840889	637.184478905721	0.0	1167.6624350448349	693.2013715292624	0.0	1184.4784043328418	685.0754811997215	0.0	1200.430470900349	635.5310715118609	0.0	857.4403112290022	554.017819343427	0.0	804.898389140643	616.4778388539486	0.0	845.1010720957396	599.8352692088714	0.0	862.7350842253317	544.2533827831677	0.0	840.9814711574318	613.1311309423592	0.0	812.1975597895033	660.4181162990087	0.0	856.9752690790793	552.3232639503565	0.0	828.0715993102324	620.8425379058965	0.0	798.1770368411469	671.436148902997	0.0
192	7.693763440860215	989.267571081593	512.1477350345803	0.0	980.0163572426966	526.215299696469	0.0	985.4642447131728	612.6926138062752	0.0	1081.4469673468975	631.050678636566	0.0	1092.0573982692706	682.3930909745382	0.0	1085.5055313754983	676.1299552143399	0.0	1096.0865563695406	630.3461633452501	0.0	997.7361786351071	507.29840856987715	0.0	1078.4497445237653	583.6457438037318	0.0	1182.6303049455682	637.5286132414708	0.0	1168.659425419973	693.1223983253647	0.0	1184.5126792145504	685.0978730918381	0.0	1200.325290919136	635.8871545285475	0.0	857.6681639093168	553.0539891836972	0.0	805.0662256830232	615.835925194893	0.0	845.0597806930411	599.3040841218364	0.0	863.7057260657394	544.509158266884	0.0	841.3415376356842	613.0576192957933	0.0	812.1096361499975	660.4695577262997	0.0	856.6440372537568	551.9761677500962	0.0	827.9761489838451	621.0797468918288	0.0	797.7961608820071	671.8637445702193	0.0
193	7.733835125448029	989.1511800473038	511.94631088448193	0.0	979.9247338743171	526.2479480792834	0.0	985.2488605835463	611.844636163195	0.0	1079.5738236498682	630.6678972739105	0.0	1090.4138265601036	683.1174472220721	0.0	1083.5971780533034	676.285819337131	0.0	1093.8591019745363	630.3019452864222	0.0	997.3691180141161	507.19577791474694	0.0	1078.962130156905	583.6308764215521	0.0	1182.536458230481	637.7078995947209	0.0	1168.900690864415	693.2549681621516	0.0	1185.224132979006	685.2737941598407	0.0	1200.4605156920552	636.0710403197177	0.0	857.9405090590501	552.4532461479386	0.0	805.5285565014609	615.0108917846436	0.0	844.9618856373451	599.0449325140462	0.0	864.5386303293066	545.4530607381482	0.0	841.5359634075187	613.127448716418	0.0	812.023874390676	660.5508460230792	0.0	856.378407802777	552.2462441581358	0.0	827.3907774495457	621.3246482917134	0.0	797.512939048386	672.0904535483245	0.0
194	7.773906810035842	989.0911169388157	511.71948524659877	0.0	980.4647255978257	526.2596784220293	0.0	986.4404884901503	611.6714176642805	0.0	1079.9335200585626	630.139237004474	0.0	1090.9878040891067	683.5161379444851	0.0	1084.4703209321256	676.1802226442032	0.0	1093.0234170317324	630.0103699121208	0.0	997.3029140592141	507.47054449604474	0.0	1078.8918719155433	583.4239837981345	0.0	1182.5954555806106	637.6196330395728	0.0	1167.8959147297887	693.3046253925083	0.0	1185.4202778761148	685.6679243525324	0.0	1200.658710202764	635.9805460699017	0.0	857.9646943837773	552.5345793144779	0.0	805.9736395133147	614.4581982241612	0.0	845.2655833600185	598.9437081043767	0.0	864.6249939355105	546.2403305669957	0.0	841.1021463582422	613.3446797300014	0.0	812.1370011801127	660.5835133969395	0.0	856.2367605910708	552.7803831118197	0.0	826.689071726822	621.6180295386998	0.0	797.1417387017767	671.9632808281638	0.0
195	7.813978494623656	989.2068824720254	511.8966459680903	0.0	981.2153294639406	526.4220295966909	0.0	987.6078459721476	612.4862598530485	0.0	1082.936095359045	629.7933993952648	0.0	1094.019387238743	682.5310496848005	0.0	1088.538826901422	675.3333440736451	0.0	1094.3105318324072	629.6635162245934	0.0	997.8927905508892	507.2546972167454	0.0	1078.4378679515416	583.159482280563	0.0	1182.675239360058	637.3327195804487	0.0	1167.2588254770017	693.2839965662827	0.0	1185.3330343226196	685.8008757252813	0.0	1200.5664546313787	635.6939293489982	0.0	857.8812416943938	553.2558236535135	0.0	805.9070312187572	614.697800343664	0.0	845.56343361948	599.4074030845234	0.0	864.5229880059303	546.2733413011855	0.0	840.7238504213082	613.6432774034906	0.0	812.9968806930466	660.6169340964175	0.0	856.0585130210471	552.4799200989684	0.0	826.5028676031789	621.7362327994648	0.0	796.7496527284959	671.7938437539294	0.0
196	7.85405017921147	989.412368822025	512.3155111983264	0.0	981.6820658309105	526.7877805226353	0.0	987.9919647942327	613.2941000049029	0.0	1085.5997526162128	629.7166748197361	0.0	1096.561182346275	681.1215245204019	0.0	1091.7565018849195	674.1504421418831	0.0	1096.040925879944	629.6070254177216	0.0	998.5164891238625	507.0137749605043	0.0	1078.2954960171428	583.1225561497632	0.0	1182.6192321599988	636.8968929290742	0.0	1167.6710716190016	693.2472453938487	0.0	1185.6657661006536	685.0319148146255	0.0	1200.260731786438	635.2599726364755	0.0	857.9402072462128	554.3806032987029	0.0	805.5380757264902	615.6585808799798	0.0	845.4472376495694	600.4594910504626	0.0	864.4744602691248	545.84237505915	0.0	841.1909994354548	613.8448068526948	0.0	813.9213826274088	660.4654930513097	0.0	856.0189595399194	551.5753153551946	0.0	827.1091339055891	621.5756796321468	0.0	797.0859701817741	671.9804697874994	0.0
197	7.894121863799283	989.2503230027467	512.6000480532858	0.0	981.7479827923057	526.8309635266543	0.0	988.1016580604696	613.0699455278583	0.0	1084.8716468522728	629.7422382434047	0.0	1095.9193103816517	680.8754072014332	0.0	1090.4179562893733	673.7008637191166	0.0	1096.415682854886	629.7268514899765	0.0	998.4440514046056	507.2834139808748	0.0	1078.3283572653447	583.1728341266257	0.0	1182.5123132438216	636.5578881219727	0.0	1167.8025575334982	693.0885568653192	0.0	1185.7799580655433	684.0845915808843	0.0	1200.163709161638	634.9170785381676	0.0	857.9836034358984	555.1847990072283	0.0	805.7983268582511	616.5481492934521	0.0	845.4488557908774	601.2016169789731	0.0	864.0752435622755	545.4040018214929	0.0	842.1056023921227	613.6108127949113	0.0	813.661761713923	660.2021706988796	0.0	856.1304673396538	551.5236404690509	0.0	828.0373794251452	621.5170259589626	0.0	798.2011138661478	672.3565043112375	0.0
198	7.934193548387097	988.6348792770858	512.4410279961635	0.0	981.6357751769494	526.3172121676178	0.0	988.1483880476816	612.1662869657692	0.0	1081.639271138189	629.6685326149969	0.0	1092.8460845903153	681.4700582750943	0.0	1086.3501970334205	674.2207360099412	0.0	1094.907180029315	629.6884129747907	0.0	998.055744729176	507.439319997967	0.0	1078.1799106608207	583.1968750300184	0.0	1182.488212534086	636.690240138598	0.0	1167.5539913902576	693.192379404978	0.0	1185.5019283087572	684.493015992733	0.0	1200.3241175531007	635.0424681413385	0.0	857.8026993746074	554.9284768732745	0.0	806.5629841477005	616.8688200383374	0.0	845.84132068878	601.245214999719	0.0	863.5437697537204	544.8457420563309	0.0	842.7157741136009	613.0644466788531	0.0	812.9285152709191	660.521968050849	0.0	856.1697456254497	552.3227001251422	0.0	828.4057125841696	621.6101078748093	0.0	798.9457163629882	672.297699570826	0.0
199	7.97426523297491	988.1304983826664	511.91758655426764	0.0	981.5831855235585	525.8949124529317	0.0	988.0608398035645	611.713083394636	0.0	1079.6771414873576	629.4984198438634	0.0	1090.7060610253293	681.7199881694021	0.0	1084.042743673389	674.8677467545249	0.0	1093.1263767056196	629.5021581830098	0.0	997.9365455383756	507.3236359887401	0.0	1078.0424890714885	583.2922114265422	0.0	1182.5364810639053	637.0451673121402	0.0	1167.973034167746	693.6063975411683	0.0	1185.6030005330408	686.0406959363735	0.0	1200.463114543981	635.4236984803845	0.0	857.5435858840771	554.0583871447686	0.0	806.8519070501825	616.6456361795821	0.0	846.0764531494287	601.0058227801203	0.0	863.5379428546245	544.3176579853309	0.0	842.8872594733141	612.8233839448318	0.0	813.073347420024	661.2428533380304	0.0	856.1906843920045	552.4939203944575	0.0	828.1221754609917	621.3026506690869	0.0	798.8767960340585	671.6214873188635	0.0
200	8.014336917562725	988.0409893038792	511.51356623945287	0.0	981.6705489633084	526.15165236964	0.0	988.1339734676295	612.1129670578688	0.0	1081.2315066036606	629.5876255110365	0.0	1091.1413036436923	681.7701664411807	0.0	1084.8165876615285	675.0099334998079	0.0	1093.1998862946857	629.5721644533596	0.0	997.9559636506829	507.56648628814446	0.0	1078.0500455316587	583.402140593261	0.0	1182.5974949840195	637.1390446174573	0.0	1168.1687115167713	693.6319907054859	0.0	1185.5938546928405	686.851738573409	0.0	1200.5701118037327	635.6289886402221	0.0	857.3824029100131	553.8733189291632	0.0	806.6774093593756	616.0299484004092	0.0	845.9705342644594	600.8408119414544	0.0	863.8818763504692	544.7714868312185	0.0	842.8718848122364	612.898429876175	0.0	813.6056234551434	661.0021336470596	0.0	856.1567317494894	551.987733310242	0.0	827.8266702240961	620.5646292861686	0.0	798.6313580539929	671.0273816562723	0.0
201	8.054408602150538	988.1122205410379	511.51311809261085	0.0	981.6780906108445	526.7905663423134	0.0	988.5964925154428	612.8012147326597	0.0	1084.1909246255536	629.943804855247	0.0	1092.4854252246478	682.1207862291997	0.0	1086.557175838882	674.830157142564	0.0	1095.0650047624629	629.9389727780004	0.0	997.9117800876459	508.0922816578856	0.0	1078.0974490878202	583.4868727346521	0.0	1182.6973276874212	637.0974546599077	0.0	1167.3646678307505	693.1487723056596	0.0	1185.0516985875272	686.3175698469352	0.0	1200.662999129939	635.6374846281725	0.0	857.4401329681768	554.4125568076759	0.0	806.5935321613304	615.6403992213219	0.0	845.8505739574699	600.6776561289057	0.0	864.0413482804929	546.1474932886395	0.0	842.6687965873725	613.0634759309297	0.0	813.5865147645782	659.7819667291553	0.0	856.0285798226241	551.8106434645551	0.0	827.8061092734578	620.2812665493614	0.0	798.5198132136611	671.1010263694687	0.0
202	8.094480286738351	988.160863512456	511.69488669249847	0.0	981.1461459566519	527.1715909794798	0.0	988.9497337436396	613.0775980855442	0.0	1084.901647329398	630.1971447034974	0.0	1092.9860316998795	682.5239306870768	0.0	1087.2383785835582	674.737120906276	0.0	1096.5166113291655	630.2694834363252	0.0	998.0362045487163	508.2930199618686	0.0	1078.213482038208	583.4781287807331	0.0	1182.7974641979802	637.1395429261369	0.0	1167.001250365878	692.4766632996382	0.0	1184.8824126388101	685.7444745691085	0.0	1200.3588401760812	635.4367383099802	0.0	857.786910828677	554.5057790479214	0.0	806.5583062964868	615.7935863384889	0.0	845.7821511740373	600.2557295259039	0.0	863.8466571273474	546.832993006041	0.0	842.0950306958172	613.4353311667195	0.0	813.1507781886787	659.2110266726322	0.0	856.1820063885614	551.9884938908453	0.0	827.8108619442046	620.7053455899246	0.0	798.4114529538729	671.4459135438486	0.0
203	8.134551971326164	988.2926528486983	511.6997025783204	0.0	980.240033812197	527.1450006245184	0.0	988.7702045762508	612.6900322957395	0.0	1083.3139500086916	630.290915948681	0.0	1092.7300824548863	682.7726777215703	0.0	1086.7898465013884	674.7632063609132	0.0	1096.0327577034845	630.3446289000174	0.0	998.4096201612014	508.1846165822668	0.0	1078.309521690511	583.2909284765087	0.0	1182.7456798705646	637.1942400064215	0.0	1167.3059208933432	692.0767641323419	0.0	1185.0140004516293	685.9488114735141	0.0	1199.5930427387116	635.1426990387909	0.0	857.9553173420112	554.0715922832901	0.0	806.4138175960252	615.64683345701	0.0	845.6543083365627	599.7690374096358	0.0	863.3296433504557	546.0688475887174	0.0	841.5958664929615	613.6245971760152	0.0	812.6877599822001	659.4393814271067	0.0	856.4049820460391	552.1527218669435	0.0	827.6188314552568	620.7952174872094	0.0	798.3031055129653	671.5059024770262	0.0
204	8.174623655913978	988.5552617967942	511.5622478226902	0.0	979.8700846510847	526.9025679002791	0.0	988.4622100567775	611.9337201752611	0.0	1082.1628666816239	630.3682227148092	0.0	1092.5629256023149	682.9011711071805	0.0	1086.3355932149548	674.7574915983606	0.0	1095.0637300513029	630.100987494063	0.0	998.3505283709158	508.2593794416862	0.0	1077.9809853530717	583.1978354663804	0.0	1182.523455909431	637.2706328879946	0.0	1166.7381114351588	692.6524330259576	0.0	1184.6055354631833	686.3339622129414	0.0	1199.033445927656	634.9835402162171	0.0	857.6248919795112	553.9223287693897	0.0	806.1968188963184	614.8929754671487	0.0	845.5412370881265	599.6504724923352	0.0	862.9063477664178	545.0232852467693	0.0	841.7123547085869	613.2531638511396	0.0	812.4269912998922	659.1992001445354	0.0	856.144170626848	552.3470901961067	0.0	827.3700142295388	620.3899565392978	0.0	798.2282798405057	671.3607187824076	0.0
205	8.214695340501793	988.7771336672947	511.62995513057217	0.0	980.2401273387577	526.5206268574234	0.0	988.4091023526437	611.2948248770409	0.0	1082.6423681882611	630.5567387043336	0.0	1092.8801018453287	682.9642414203498	0.0	1086.4262023184397	674.7818125645235	0.0	1095.557515040703	630.0057267533462	0.0	997.5003447448067	508.5203073556629	0.0	1077.260517177667	583.3243226381117	0.0	1182.1591992487724	637.4016532739759	0.0	1165.391145467658	693.8869736890495	0.0	1183.8295186763726	686.4110687041551	0.0	1198.9207201140337	635.0258084903493	0.0	857.3731170744709	554.0955379745004	0.0	805.6885483417948	614.3838801383143	0.0	845.3661534097403	599.7904428985435	0.0	862.9410327028388	544.7775678510864	0.0	842.0278640631884	612.8092175813745	0.0	812.4765003967354	658.6322956771329	0.0	855.9845785405093	552.5738816167832	0.0	827.2705410835107	620.8507096848386	0.0	798.1022294480323	671.4608684830014	0.0
206	8.254767025089606	988.8191459854283	512.0432890352356	0.0	980.6266267784458	526.1984969193403	0.0	988.5085487112012	611.0334225268558	0.0	1083.9267799315148	630.8945002673048	0.0	1093.139061584448	683.010486148354	0.0	1086.6371696859762	674.9491768265596	0.0	1096.8771629791092	630.3637652375622	0.0	996.8684944891338	508.3812793483677	0.0	1076.7965331442954	583.3361805899924	0.0	1181.6955736118696	637.239583396779	0.0	1164.6711818915046	694.6333241974248	0.0	1183.0968831965274	686.3090883177874	0.0	1198.7475576310767	635.329429847909	0.0	857.335644116531	554.1665399513374	0.0	804.8054357478709	614.4329321393477	0.0	844.7674762294132	599.750148936033	0.0	863.0995843621341	544.9867514940984	0.0	842.0150222260295	612.7164239351551	0.0	812.6533674261949	658.8353173605781	0.0	856.2523152150145	552.5235164771495	0.0	827.2005419231282	621.7575414251392	0.0	797.9077828278855	671.985624171253	0.0
207	8.29483870967742	988.6910702741661	512.6049329965267	0.0	980.7187181088782	526.6685331857041	0.0	988.5686624311086	611.3063000505298	0.0	1084.8052252478096	630.8925561190115	0.0	1092.6758183810343	682.8916800368937	0.0	1086.7273403953557	674.8951490997406	0.0	1097.3501336767736	630.3917817706017	0.0	997.3466846778547	507.7244117743069	0.0	1076.8622877871974	583.3789171700259	0.0	1181.3243064418998	636.5702820289937	0.0	1165.1197682832628	694.3664012346734	0.0	1182.7207150502575	685.940052688244	0.0	1198.4947792669745	635.5242936068137	0.0	856.9959937982098	553.9829568108164	0.0	804.1371427548588	614.4916509498981	0.0	843.9052133756891	599.4858159089493	0.0	863.1091235870427	545.2277864341327	0.0	841.8696537703073	612.8848304713567	0.0	812.6582775353451	659.7561861979466	0.0	855.7754585228565	551.9206688858712	0.0	826.9919774392995	620.8111425083381	0.0	797.7588625091663	672.4042564366766	0.0
208	8.334910394265233	988.4620952353721	513.3153621076044	0.0	980.7840982757386	528.3016832986051	0.0	988.5306157327373	612.4537539093577	0.0	1084.551530117059	629.8329034981923	0.0	1092.0576423058155	682.3476464520456	0.0	1086.9234080598878	674.0528275628174	0.0	1096.8822352690438	629.6496068434406	0.0	998.3128725495453	507.7441417879751	0.0	1077.0366050705409	584.3380277656208	0.0	1181.1252422836621	636.4391714266584	0.0	1166.071923700483	693.6627901815325	0.0	1183.1026919882431	685.2911476279382	0.0	1198.4870357059121	635.2085210178103	0.0	856.5229581361826	553.5834704338736	0.0	804.2185963211671	614.1454884510767	0.0	843.4350013956857	599.5482581278333	0.0	863.1986620752845	545.6475683871315	0.0	841.8512561666906	613.0792900580342	0.0	812.2957355342869	660.3928175163381	0.0	854.4032930689775	551.1756560076897	0.0	826.8824531489283	618.5940581385964	0.0	797.7867776598787	672.1786424438162	0.0
209	8.374982078853046	988.3641422386272	514.3065165389341	0.0	980.9229899305071	529.7017579465	0.0	988.5283130177258	614.4211979087703	0.0	1083.9155929364385	628.6067633856592	0.0	1091.7308948799014	681.5502977471807	0.0	1086.7137523308386	672.9868103354503	0.0	1096.6673034343733	629.2294528003883	0.0	998.7256047913927	509.36656784103826	0.0	1076.4425074890446	586.8536320954656	0.0	1181.12999566001	637.8728309053063	0.0	1166.5757185788254	693.8923940434208	0.0	1183.8681363912622	685.213536701287	0.0	1198.5475072689098	634.960604358276	0.0	856.3545284124795	553.2347515589536	0.0	804.5020907697967	613.8127893513155	0.0	843.3327826038303	600.2601906300819	0.0	863.1137867208702	545.6747222188017	0.0	841.8275026989165	612.928112804795	0.0	811.8331708160741	660.3680244747785	0.0	853.795292490456	551.2463784383599	0.0	827.1593944586887	617.9651417713534	0.0	798.0975436148052	671.6781245951361	0.0
210	8.415053763440861	988.8944530979065	515.0197408661445	0.0	981.38068083899	528.8788896064007	0.0	988.6522221765806	615.0535533036095	0.0	1084.6084817640653	629.6613217343785	0.0	1090.477944019495	681.6929572388235	0.0	1084.8497954072898	672.8404741892124	0.0	1097.0596125419124	630.2373180496335	0.0	998.2815236354231	511.34047844634654	0.0	1074.3325833407134	591.2402755481727	0.0	1181.2666548065295	639.453195426586	0.0	1168.0162758117228	695.0539035719312	0.0	1184.5665468280433	686.393352734425	0.0	1198.411710494433	635.518899317546	0.0	856.5597757170789	553.4593577313532	0.0	803.4755765854065	614.2288891770032	0.0	843.1181475980627	600.8206322316205	0.0	862.0722296817139	544.73792811475	0.0	841.6207242124119	612.5294775768838	0.0	811.7361544973282	660.2999342187239	0.0	854.3257361783857	552.4498636922202	0.0	828.0185982264857	619.7855305949853	0.0	798.8156032291135	671.6324596389102	0.0
211	8.455125448028674	990.2765280029598	515.4255455474851	0.0	982.5547093531353	526.8846136874959	0.0	988.6183348522644	612.9273380677494	0.0	1085.964368284389	632.9802356742417	0.0	1087.7146329168975	683.1151177371786	0.0	1081.431983314767	673.1243134383465	0.0	1096.8073493621005	631.5745998322064	0.0	997.5104843979236	512.630582482042	0.0	1071.0173318574734	598.089297485436	0.0	1180.8548004552736	639.194845917657	0.0	1172.0670950541664	695.4777264447397	0.0	1185.3045295388042	687.564918078324	0.0	1197.747596684728	636.552095624991	0.0	857.2630319010314	554.496255014948	0.0	801.3122464059945	615.0297017040111	0.0	843.1319583207998	600.3179129412267	0.0	860.871825205243	544.4843042203213	0.0	841.347640856017	612.7195521675404	0.0	811.9376426478265	660.5134349814149	0.0	854.8651888644916	553.6406337838869	0.0	829.8755865599046	622.8394696131784	0.0	800.0020755583565	671.9800018315611	0.0
212	8.495197132616488	992.0669510049604	517.4203109201138	0.0	983.645382260045	528.3062619236682	0.0	988.0946852294378	613.0958871355051	0.0	1084.4177396102612	635.4806317662087	0.0	1083.9217802455516	683.6077798177714	0.0	1077.6298366887015	672.8432540668714	0.0	1094.5629280195142	631.6053216930381	0.0	998.0677384322755	514.8811826886841	0.0	1067.304234382066	607.2959410657802	0.0	1179.513146822426	638.2835920376306	0.0	1175.5240787473376	695.0856003214253	0.0	1185.9048669155602	687.1183094987274	0.0	1196.5512173506575	637.2690598037167	0.0	858.45314714507	555.9654751171475	0.0	801.2632200379824	615.4132916417344	0.0	844.1307371404462	599.7067984057785	0.0	861.8210681354574	546.4096796441662	0.0	841.429241384876	613.764258646478	0.0	812.0559882331399	660.8301157357895	0.0	855.7480241919544	553.6706285119859	0.0	832.2386463210402	624.7674715104198	0.0	800.9735511027902	672.1734897671199	0.0
213	8.535268817204301	994.0255837854768	522.2137193502265	0.0	984.0071175379969	534.8721515642324	0.0	987.5170593493926	619.8828617310085	0.0	1079.065665469378	636.1784248455439	0.0	1079.88661985393	682.1714162322561	0.0	1074.1673772583035	672.5005816024529	0.0	1091.3108939257854	631.3195416544922	0.0	1001.2024725706433	519.5258818483838	0.0	1064.1448104016924	617.0859752549997	0.0	1178.3694300255142	639.3231944333697	0.0	1175.8452455884267	694.9889188338594	0.0	1186.8842942501697	686.2028601018211	0.0	1195.7866284610318	637.5304410723808	0.0	859.6938095417087	557.4090214887073	0.0	804.4641867085936	615.6525997103276	0.0	845.8084931188698	600.7868670574704	0.0	864.8510352321102	548.5894523738881	0.0	842.1102110676673	614.7732678472687	0.0	811.5386395755676	661.6048362652795	0.0	857.894616087226	553.668513370415	0.0	833.6728137025209	624.3079545528419	0.0	800.5314316737113	672.5059806376221	0.0
214	8.575340501792114	996.4045050864363	528.1853673438573	0.0	985.1314689341682	542.3888608257531	0.0	988.0618177035321	628.0308314964292	0.0	1073.5220852515097	636.967943014351	0.0	1078.7082261038208	680.8979148324424	0.0	1073.0171465665976	672.850599818224	0.0	1089.525344807912	632.1927007186196	0.0	1005.612213026798	524.9123376057555	0.0	1062.8351192246932	625.6340271803667	0.0	1178.6147428174218	641.9848037173499	0.0	1176.0886767038214	695.0076979941954	0.0	1188.7692531590255	686.6760899395036	0.0	1195.8214379539188	637.6093303581509	0.0	860.9284815278903	558.426329229861	0.0	807.3741800535826	615.995430040084	0.0	847.0203232597252	603.0976913664912	0.0	867.5382387527064	549.0218310785865	0.0	842.7342255555948	615.0211980335771	0.0	810.1141761702589	662.4348044991423	0.0	860.3627662036782	555.0115353323051	0.0	834.1695785268297	623.2286999974668	0.0	799.0394300286754	673.0719127056929	0.0
215	8.615412186379928	999.0499929419213	532.9671709506101	0.0	987.8446769410857	547.059616105635	0.0	989.7803432116259	631.8630387163685	0.0	1070.596795973063	638.2573308700331	0.0	1081.8602524498788	681.3679255358545	0.0	1076.2576279560255	674.1559517506149	0.0	1089.112284296576	633.6795687789705	0.0	1009.304523499928	528.5094519632872	0.0	1063.1429459590872	632.4768431568806	0.0	1179.444587522988	643.9349860106363	0.0	1177.4916241281476	694.9150139213839	0.0	1189.8989600616633	687.8196156101536	0.0	1195.860912193234	637.6339372650225	0.0	862.8026715170915	558.4658710825358	0.0	808.0527459117774	615.7030058031545	0.0	847.3133923589304	604.2904281059024	0.0	869.2523595852458	548.4385876026987	0.0	842.7246948498603	615.156055976597	0.0	808.8665080021418	662.1917915877459	0.0	862.3682171392408	556.3106679044724	0.0	834.8923652386727	623.0873854832678	0.0	798.250900135346	672.813003356734	0.0
216	8.655483870967743	1001.7058431260741	535.1920011216032	0.0	990.747036771515	548.215680258693	0.0	990.0080163969343	632.2282203580585	0.0	1070.0237209595962	638.3319679904725	0.0	1085.424958797869	682.6749300655009	0.0	1082.6818807804357	675.856525085727	0.0	1088.8219423763187	633.9540641303197	0.0	1011.9888006564867	530.0842526066149	0.0	1063.2073260488899	637.5570327063518	0.0	1179.1685111121712	644.4263988429723	0.0	1177.8773420226803	695.22715190407	0.0	1189.4611389244915	688.1945907705916	0.0	1195.6071864200644	637.6828427077153	0.0	865.5863400204111	557.2815742137493	0.0	808.5176363036909	614.0348153963973	0.0	847.305967055782	603.0987288230199	0.0	871.0669824082362	547.5449435119842	0.0	842.889317634173	616.201692243437	0.0	809.0907434781798	661.9552568053613	0.0	865.2087862015028	555.677719080074	0.0	835.9791308687497	623.1737892687906	0.0	798.4134021771056	672.0923989887508	0.0
217	8.695555555555556	1004.6515920246081	534.7869790156908	0.0	993.0897320292588	546.3132115000923	0.0	988.4785424240172	631.1184581841544	0.0	1071.3551190219687	636.4707582819933	0.0	1087.5261976399415	682.9676947835876	0.0	1090.3779632128949	676.6976054705535	0.0	1090.2379361474163	631.2495380934597	0.0	1014.2153231344953	530.8077792005802	0.0	1062.2389891215757	640.9192712728375	0.0	1177.6984034025077	644.3418473792569	0.0	1177.2429436898608	695.8387102991121	0.0	1188.9455821085335	688.0348625011987	0.0	1195.1424430394034	637.7995652585228	0.0	868.4798362494412	555.0636866361704	0.0	809.7771202594486	610.9720733038934	0.0	847.7725248177036	600.4702754305097	0.0	873.0471984546231	546.0181080733507	0.0	843.8260621143977	617.4447269728101	0.0	810.3006950808435	662.6399904071818	0.0	869.3361266617585	553.3530044264753	0.0	837.1606972326194	622.4269350681433	0.0	798.7987859528666	671.8752040934496	0.0
218	8.73562724014337	1007.6252147932315	533.4616665777365	0.0	995.547993224421	543.6836381755749	0.0	994.6885270675186	629.815377302752	0.0	1074.139709699952	634.6560033094811	0.0	1090.2900266823276	682.482725904214	0.0	1097.588355733536	677.3587647108977	0.0	1094.0049453598695	627.5969079494367	0.0	1015.8836401012821	531.3303014721434	0.0	1060.890322781554	643.2314472098635	0.0	1176.3998538182946	644.2977374366878	0.0	1177.2124347484028	695.990151672315	0.0	1188.7782637774199	688.2027070387123	0.0	1193.7083198420462	637.8800808844798	0.0	870.39261655448	552.6965006701839	0.0	810.042077366063	606.3901745427369	0.0	848.3268376259783	597.645355350616	0.0	874.2119648658214	544.2794808536853	0.0	845.181841733227	617.1551822936065	0.0	811.254812315144	662.3523921739886	0.0	872.3456469607008	551.2806580608441	0.0	838.8798964219085	620.5020761194106	0.0	800.1183079914239	670.7960093658419	0.0
219	8.775698924731183	1009.3225905437764	533.4632731354667	0.0	997.9206994754147	542.7923719021136	0.0	1011.1292162701526	629.6768439925684	0.0	1074.8644908909237	635.710674171559	0.0	1093.1737186845983	682.7111908108343	0.0	1100.3558272898058	678.282724417973	0.0	1096.5395391529519	629.4436389725419	0.0	1016.603169213895	532.501336034329	0.0	1059.9085909975975	645.2183729068653	0.0	1176.1381177029386	644.2616094751041	0.0	1178.3744310163606	695.2982391293442	0.0	1188.777457466248	688.6415482918715	0.0	1191.1996446420264	637.8548212136312	0.0	870.9603959188794	551.0676981998446	0.0	807.732726044751	598.9007666284422	0.0	847.5095929780847	593.6118108794374	0.0	874.2238894644701	542.8134887376043	0.0	847.5000922902905	615.2992457339665	0.0	812.6764038768384	660.7936664271915	0.0	872.4232827649996	551.0448342095416	0.0	840.0454669459251	618.1469076653509	0.0	801.9151706892555	669.0127233145807	0.0
220	8.815770609318996	1009.3815195367963	535.3562651364207	0.0	999.3587958700158	543.0857930632599	0.0	1012.160315945383	630.0475462116117	0.0	1069.2182294529077	639.3216201888923	0.0	1094.7260224858678	681.9888530955957	0.0	1098.0688145239908	675.423325903803	0.0	1094.7549128372534	638.5154959100552	0.0	1017.1501642259277	535.0328476855266	0.0	1059.5579052425824	647.4137877237913	0.0	1176.5187263855976	644.177543751591	0.0	1179.8348854058977	694.0244968404985	0.0	1189.3499695575572	688.4841170354774	0.0	1189.7316258477836	637.7113290916151	0.0	870.2810927846002	548.9268625297401	0.0	803.8302710579051	588.1586742082725	0.0	845.4202043739241	586.9284243409396	0.0	874.2649887554312	540.2471524649026	0.0	852.6776774712293	612.7130684075622	0.0	817.8536091641488	660.2287584921002	0.0	871.1857257889085	551.1251545379284	0.0	838.07334766513	616.7675288091565	0.0	800.8293482963861	669.5803909557299	0.0
221	8.85584229390681	1009.2878924152783	538.1045987531851	0.0	1000.7021059792633	542.9233030221822	0.0	982.5341605853589	628.9697005661491	0.0	1058.3868291481413	641.8852044368479	0.0	1095.312731656285	677.1293785432913	0.0	1096.3723344518708	667.0250056123963	0.0	1088.9307223979808	646.5230864231312	0.0	1018.1290676889736	538.1826419131899	0.0	1059.432761925836	650.2819239932387	0.0	1176.337298087536	644.144351638291	0.0	1181.0756524357225	692.4656008143912	0.0	1190.3094834645028	686.9932736450452	0.0	1190.338080063995	637.3165167559191	0.0	869.0215698171751	545.2321317869356	0.0	800.9656705068289	577.3642843352183	0.0	843.8511900421265	579.4032698003303	0.0	875.9182864521525	535.3538694316679	0.0	862.8823634195224	608.3997128721271	0.0	830.6229961272065	661.1655251179654	0.0	870.9018655928471	549.2918833981948	0.0	834.4368304906975	616.7037970610959	0.0	796.5169305852307	672.3674666215062	0.0
222	8.895913978494624	1009.884624900872	541.101178943721	0.0	1002.7696254256166	542.8808273967195	0.0	954.7778802112077	627.1144831739291	0.0	1050.5386728897126	641.8228528408982	0.0	1093.7315565281945	670.6451539520008	0.0	1096.8248852080415	660.1302476452114	0.0	1082.1437037969204	646.5049958120427	0.0	1018.3887360819739	541.2168748217239	0.0	1058.8956854511864	653.9528334289619	0.0	1174.774588762737	644.1347200283749	0.0	1182.772182386391	690.894868155138	0.0	1191.1594781312838	684.9443158323099	0.0	1190.7949006281297	636.7433447342036	0.0	868.2016498656103	542.4659969365084	0.0	800.1320467717532	570.098313247374	0.0	842.8721886302221	574.7570559985946	0.0	879.2024243224292	530.1611504212369	0.0	877.8208095242367	602.2909242691126	0.0	851.8259987904228	662.231300071562	0.0	870.9190914372408	547.3909138035682	0.0	833.3434194338879	617.349205617221	0.0	793.4724879766546	674.5861485814394	0.0
223	8.935985663082437	1010.4580306448354	544.6035529035232	0.0	1004.2933689862753	544.8131239039179	0.0	955.8632847271126	627.501264697433	0.0	1052.3563554727007	641.4849452504093	0.0	1088.2826255624204	669.3990122402513	0.0	1093.8241950365493	661.5476769501513	0.0	1078.425873852586	642.3917260794309	0.0	1017.879014496677	544.291526381761	0.0	1058.0554856914662	658.3626176090032	0.0	1172.7239131655278	644.0809680724858	0.0	1183.943825157585	689.6471374623407	0.0	1191.3604233712538	683.869923618044	0.0	1189.1716838824757	636.3971759135404	0.0	867.8244186975624	542.7534159487351	0.0	799.9993084360224	566.7545832178876	0.0	841.7493011152187	574.2613780336976	0.0	882.5169081098584	527.8983665706545	0.0	892.6419360859993	598.6585084973469	0.0	874.9638091169769	662.9544110657265	0.0	869.7925857094009	548.4396359372149	0.0	834.4036122627016	618.2572315564821	0.0	793.7523159055681	675.8267905918856	0.0
224	8.97605734767025	1011.3536424867667	548.1289098203144	0.0	1004.9979637068695	548.3902650733957	0.0	965.5675579505639	631.1913174381665	0.0	1059.505309099708	642.7957678090056	0.0	1081.2965007091818	674.1870128633248	0.0	1087.4466826873572	668.5072500952733	0.0	1078.027745037736	640.8789189606612	0.0	1018.4386084887553	547.0125819363998	0.0	1057.6316944143787	662.8841755561319	0.0	1171.72119000883	644.3309221375546	0.0	1183.4013211208667	688.6427583363284	0.0	1190.8637728515475	683.1892065561849	0.0	1186.1469034529914	636.385632935825	0.0	868.4804388735378	544.8934561274173	0.0	800.6487770062126	565.7175128280605	0.0	842.267184179013	575.6953847263258	0.0	884.7001993494227	529.1789376279368	0.0	902.1258486221084	600.5681702421803	0.0	889.9001584445652	663.8282262841815	0.0	869.3181375954591	551.6232209540196	0.0	834.7629713587992	619.2383479515693	0.0	794.7488791286194	676.7233595676803	0.0
225	9.016129032258064	1014.0130819288422	550.7304251195424	0.0	1006.8082543297502	551.3044611553946	0.0	963.7918934275017	636.3956495529326	0.0	1063.6757766298306	644.7203730393421	0.0	1078.4854626073839	679.2280343477498	0.0	1085.3631572675401	673.8140280537882	0.0	1078.4582399360083	641.8970334512371	0.0	1020.5411367164982	548.8168449705656	0.0	1057.6382195686183	666.2643687186303	0.0	1171.7882292132463	645.1439131385195	0.0	1182.965067120026	688.0140670295668	0.0	1190.9171807904443	681.8840032641845	0.0	1183.8497462987784	636.4447104217031	0.0	871.6184831746366	547.3581441343705	0.0	803.8657493152889	566.2566302925027	0.0	845.9176139312331	576.9586344888722	0.0	886.4180956516416	531.9702744130151	0.0	905.7688748950843	604.6657143609906	0.0	894.558369678206	664.551345303662	0.0	871.7246870871624	554.3907046606514	0.0	834.5653123322273	620.481566087655	0.0	794.695484131923	677.1985694537188	0.0
226	9.056200716845877	1018.1828922268146	552.5292536186026	0.0	1010.1243625868171	553.057222738906	0.0	960.0027135564685	640.9787158011267	0.0	1063.9654361140972	645.7021009673678	0.0	1082.4842487922288	681.2992540971197	0.0	1089.483832013629	675.3495037341233	0.0	1079.682899457257	642.382753109942	0.0	1023.8390355626693	550.0447859765625	0.0	1057.5040621477704	668.2765910176946	0.0	1171.9691024971796	645.9306873900416	0.0	1183.85976080691	688.2916092839396	0.0	1191.978103135779	681.2035587799741	0.0	1183.4085142112067	636.4005259450214	0.0	876.4199200165526	549.2865297569721	0.0	809.0355480101017	568.4591705370987	0.0	850.9027326496648	578.2936949350452	0.0	889.3495275198551	534.029624540972	0.0	906.2660335213614	605.9430900762775	0.0	894.9315108093666	664.278511898646	0.0	876.0299629674555	555.7889258801681	0.0	835.5648696692477	621.863783858935	0.0	794.7711644091617	677.0696564778356	0.0
227	9.096272401433692	1022.651199101409	554.0269901560341	0.0	1013.5170033075627	554.9264055414259	0.0	962.3493022173803	643.1694150923803	0.0	1063.768341703138	645.959147278825	0.0	1088.802539771731	681.106728172865	0.0	1093.9120410859096	675.4462910981065	0.0	1082.3578400943072	642.6597877363092	0.0	1029.2094358469972	550.998023755925	0.0	1057.2953869860498	669.8642965004328	0.0	1171.9882231637018	646.100482396068	0.0	1184.459241719087	689.4023888092265	0.0	1192.6154459366433	681.93187299733	0.0	1183.5931413360104	636.2323577911725	0.0	881.2663665220318	549.7146138446684	0.0	813.8300025868944	569.9961610743308	0.0	855.4136108892006	579.6681670229347	0.0	894.2355308913047	534.6810462623754	0.0	906.1806744931794	604.1725851049273	0.0	894.8979477385467	663.6723061182852	0.0	880.9296641523551	555.9369948116839	0.0	838.2780256935926	622.5090992682195	0.0	795.9749774175486	675.7387464348902	0.0
228	9.136344086021506	1027.6940179618318	555.0802575722471	0.0	1017.5058316034276	556.5958644696171	0.0	965.300814356769	641.4762656424535	0.0	1064.3290546726798	646.1219414052605	0.0	1091.7595841883367	679.5633237447612	0.0	1095.0677469100337	674.8391962341354	0.0	1084.8864895517852	643.7386549716117	0.0	1036.439751995517	551.7824336654146	0.0	1057.3683854100707	671.0022953391298	0.0	1172.2227415827801	645.9536820366	0.0	1184.353092417714	690.7307043735378	0.0	1192.5683275591086	682.9034470413176	0.0	1183.4148781500205	636.1357973027043	0.0	886.2984993892134	548.7500935411788	0.0	818.0453194715896	567.4609189841192	0.0	859.6415882687585	579.5977303429939	0.0	900.3748082941945	534.654367765299	0.0	906.9168331310984	603.519626521356	0.0	894.4570530483884	664.2972595228058	0.0	886.2273841900428	555.6556427431491	0.0	841.9342241136741	622.3701351296156	0.0	798.1169275358595	673.1394314792109	0.0
229	9.176415770609319	1033.845229680378	555.4758375521938	0.0	1023.6033343536558	556.9622911884437	0.0	965.262665956096	636.7260162484413	0.0	1064.711893813249	646.2820145850387	0.0	1092.219534380851	678.2750540774654	0.0	1095.1803601407028	673.9485764682643	0.0	1086.3761389132246	644.7495956396141	0.0	1043.4523246643773	552.7726362199846	0.0	1057.5961703087683	670.594798667466	0.0	1172.8757175601386	645.9298815512094	0.0	1185.1523782515	691.747741734766	0.0	1193.1154051672004	683.5025578975203	0.0	1183.771407973054	636.3110448560586	0.0	891.8223232801091	547.2922382787231	0.0	823.0736109716279	562.1356186003915	0.0	864.4580046104323	577.6622415160222	0.0	906.9340174366685	534.0520310828596	0.0	907.9668529066012	605.672217177093	0.0	893.783550962287	665.7631658227584	0.0	891.3786766710452	555.6333351878046	0.0	846.5444300295201	622.0188988200211	0.0	801.7097294214489	670.0908936022637	0.0
230	9.216487455197132	1040.557852273397	555.3793750614566	0.0	1031.216332946118	556.2595246784747	0.0	963.3653422045176	632.4385161626091	0.0	1064.3206087183034	646.9728966415131	0.0	1095.2814171016348	679.1664272704028	0.0	1097.9800165609283	674.9662616260266	0.0	1088.6165175203112	645.4390863636464	0.0	1049.46806673977	554.1209607763695	0.0	1057.759329534315	668.6326145192663	0.0	1173.5991920142158	645.9929259777994	0.0	1185.7519644074782	692.3378530818868	0.0	1193.130383352188	684.6374136093457	0.0	1185.0012578571057	636.4788945788903	0.0	897.1830885777122	545.7265111714812	0.0	828.8088099462393	558.183085831409	0.0	870.3061378325119	575.2576531083871	0.0	913.0344888973932	532.1040133343638	0.0	907.4501157557544	607.3052388095426	0.0	893.031432530737	666.1417542022214	0.0	896.2084482307422	555.2776925942418	0.0	853.7959975962042	621.2649956945374	0.0	808.3353291859672	667.4000508989234	0.0
231	9.256559139784946	1047.0613994468508	555.0232622867289	0.0	1038.8804420363658	554.9286340757396	0.0	963.4980463939113	631.0064270092575	0.0	1065.2605241383276	647.7204805179337	0.0	1101.7873873927133	681.1836049627291	0.0	1103.7391783656153	677.272173461032	0.0	1093.0155808450359	644.8433846396857	0.0	1055.0673150481396	555.682503571184	0.0	1057.8514319773144	666.3066773287362	0.0	1173.52001993641	646.1867471225514	0.0	1182.3324517656404	692.5998902622098	0.0	1189.7800700240905	686.9010843788157	0.0	1185.6704403548056	636.3767431903485	0.0	901.8292631990819	544.3093211773859	0.0	833.8061054717023	556.32014854408	0.0	875.9479315510957	573.3695076699388	0.0	917.1458929653058	529.9418261879667	0.0	905.3364643665683	607.3877400160006	0.0	890.909692801574	665.0687842443555	0.0	901.5212431019536	554.4716462516909	0.0	865.8941603218005	620.824180748219	0.0	821.7396137867825	666.765857615791	0.0
232	9.29663082437276	1052.238965657335	554.7439451576804	0.0	1045.3140768262792	553.5850635559516	0.0	971.0473713994693	631.7172041377637	0.0	1070.9583344509829	645.9865252275154	0.0	1105.8833273434411	680.2047240940559	0.0	1107.6438431466313	676.10969936387	0.0	1098.3982096753566	639.9900766600804	0.0	1059.9854967931174	556.77639487266	0.0	1057.8058007868754	664.5884150429654	0.0	1172.0371132313007	646.615816921747	0.0	1175.5773841626476	692.5811457719732	0.0	1184.2612365919167	688.9597005262128	0.0	1184.5312979545772	636.3572116566705	0.0	906.132326825933	543.0589990026605	0.0	838.0145245395889	554.7647249093209	0.0	879.9608459670411	571.6012182379385	0.0	919.0254343871612	529.3590195004243	0.0	905.557191961167	608.2785324385267	0.0	888.4625820109486	663.9813687980486	0.0	908.1693234334466	553.2572665869245	0.0	883.7367218507313	620.6386084273698	0.0	845.5392139352937	668.4218537700511	0.0
233	9.336702508960574	1055.2836529047904	555.4106665893586	0.0	1049.1554778979457	553.8410956849696	0.0	982.1534301855561	631.8452960373845	0.0	1079.3833858243347	641.4256093894119	0.0	1103.8830557061513	674.3235972964197	0.0	1106.4350691152613	669.4088508846733	0.0	1102.071734142954	631.7715001835567	0.0	1063.8275087910715	557.0329624992537	0.0	1057.434751208529	664.5055014810777	0.0	1169.9368138202344	646.9057359482955	0.0	1171.2652661622833	692.5109648801681	0.0	1180.9057913489355	689.0716918486903	0.0	1182.3502320356833	636.6797556125144	0.0	910.7157372861551	541.2426337305217	0.0	842.5889333019352	552.9270718942946	0.0	883.2186603832976	569.6981703204037	0.0	921.108312945048	528.9967310199228	0.0	911.8256347241738	608.7625466694475	0.0	890.4681832454316	663.5406711659184	0.0	915.9047517773702	549.826863872952	0.0	903.9463654684075	615.7462216925334	0.0	873.1064554770468	667.8883491104727	0.0
234	9.376774193548387	1057.4417257516563	557.761176353978	0.0	1050.3114406795123	556.606469759022	0.0	985.5596975701808	628.7968166705361	0.0	1083.499479498565	637.7674040032996	0.0	1100.2967108841935	667.8493268489207	0.0	1103.5879231899767	662.7577779076955	0.0	1102.3449643325243	626.1796656594893	0.0	1067.346506588553	557.7730528654487	0.0	1056.7344071749492	666.8463053033174	0.0	1168.4276362551254	646.7774560875146	0.0	1171.2888191142388	692.6758869826598	0.0	1179.8180230106145	687.595549235879	0.0	1180.9520517303354	636.9916243963276	0.0	915.8373290408971	538.891537330558	0.0	848.0946977751294	551.012320249145	0.0	887.4772991858154	568.0247857501955	0.0	925.5540183545689	527.6803740254895	0.0	920.862867582628	607.2869839209964	0.0	896.5732180442986	663.3278898363906	0.0	923.8624802318644	543.5041206366632	0.0	922.8716488072163	604.099756848458	0.0	895.3766866885868	661.0300869703069	0.0
235	9.4168458781362	1061.2025475505297	561.032674918679	0.0	1051.8381251310025	560.5874683132477	0.0	986.4548541122441	626.3254777338285	0.0	1083.1680013026707	637.4685281845606	0.0	1103.620531532141	665.5501270729434	0.0	1106.2752197446941	662.3866485863111	0.0	1104.2378347922622	625.7385092214345	0.0	1071.4819282748074	560.1300931372562	0.0	1055.983374363429	670.5333384063813	0.0	1167.0813721327083	646.5925587463992	0.0	1172.4150260777483	692.6237129783327	0.0	1177.9559205949845	685.7662438834195	0.0	1180.3195976623474	637.0051947606617	0.0	921.6179634804878	537.3794941929439	0.0	854.4744860741617	548.9376840713243	0.0	893.0916175382472	566.3811900733008	0.0	931.8250673005067	527.482906595984	0.0	926.2124770007467	606.8117473138227	0.0	899.7602360046843	663.5824717605667	0.0	931.9844786542099	537.2849786228667	0.0	943.5127870994794	594.4590761092362	0.0	918.8121309764028	649.7825853184246	0.0
236	9.456917562724014	1067.742116838458	563.8413034742725	0.0	1058.3389934605634	564.1571640279712	0.0	1004.5771493929467	632.8808439579366	0.0	1089.127287899795	639.2589050139211	0.0	1120.167875134342	666.3033459534173	0.0	1121.2548584168283	666.1627040661666	0.0	1117.6908730082487	627.1340682591258	0.0	1076.3695043516113	563.5309342399297	0.0	1055.3326071504002	674.0111898058078	0.0	1164.5440685295898	646.5393897415098	0.0	1172.9519900929263	691.3408084838624	0.0	1175.9670251130592	683.6370001593478	0.0	1178.0427663710268	636.7328337723918	0.0	928.017260977208	537.218823390535	0.0	861.0399964281866	546.6261528497726	0.0	898.8586913418528	564.3755514576917	0.0	938.4744850936513	528.5392751717217	0.0	927.954105776482	608.5868876537581	0.0	898.4665702936784	664.5159739864769	0.0	940.2929860885326	534.2620428016041	0.0	966.0227333003351	594.2012478664402	0.0	947.0199076292528	642.5949147006551	0.0
237	9.496989247311829	1076.0089039209859	566.1618784453187	0.0	1069.9799515158793	567.5158504023211	0.0	1036.6370376070727	646.1823803280342	0.0	1109.5058613252588	641.1628180714197	0.0	1144.3884681729246	667.7073110394041	0.0	1144.8626358017768	668.5419682233289	0.0	1140.2825559855362	627.5916018615449	0.0	1081.794539296351	567.4229832401764	0.0	1054.6881080648404	677.2418230956503	0.0	1160.97191937305	646.2033285892194	0.0	1173.2653769817637	689.2269596819918	0.0	1175.8533619274358	681.6933301746483	0.0	1173.4586018172324	636.2617196894934	0.0	934.8903809977611	537.4945848809189	0.0	867.2263539137394	544.3090927673528	0.0	904.0292843442919	562.952465658558	0.0	944.8786033125548	528.7057663854932	0.0	929.9492019628108	610.1398788458939	0.0	897.3548368010426	665.2537312318152	0.0	948.2347407268528	534.5766661298462	0.0	980.9701066515263	599.0386871463177	0.0	965.7277851965837	647.298716638018	0.0
238	9.537060931899642	1083.9493017662717	569.0799737650104	0.0	1081.829005064715	571.5610446103215	0.0	1057.5348575998464	655.6419491777576	0.0	1135.6755309499588	642.1781477925364	0.0	1161.9879615936766	670.7044154296849	0.0	1162.6344608961667	668.8836905823406	0.0	1157.1909463549669	627.350642977357	0.0	1087.271548236604	572.1026513274594	0.0	1054.1090408466125	680.370662952751	0.0	1158.153499341939	645.5323194759521	0.0	1173.4428510535572	687.9096921017643	0.0	1176.3292381528192	681.2451659811309	0.0	1169.9296300868953	635.9848126676682	0.0	942.19437844714	537.6498294111805	0.0	873.6073419493755	542.7327053974305	0.0	909.7503281286718	563.1281348627012	0.0	950.9310977856843	529.0152378813472	0.0	932.9227714657839	610.9020705108728	0.0	897.7696779542273	665.3620375700448	0.0	955.8548930328895	536.2188411877858	0.0	984.4500015704367	602.4570392349158	0.0	969.2174309384329	658.5105580351808	0.0
239	9.577132616487456	1090.0496387557137	573.0117289407395	0.0	1090.3562070693188	576.1711805198835	0.0	1061.2124316982124	660.8113609910166	0.0	1151.602156035654	642.3968906031694	0.0	1168.9568581828185	675.3421720555172	0.0	1168.862306565262	669.2814475052887	0.0	1163.5339757746938	627.1818941160425	0.0	1091.8823346311653	577.0859788630671	0.0	1053.6608645925246	682.8649461528131	0.0	1157.0852839273375	645.0487075417025	0.0	1173.1225037049132	687.3131537230257	0.0	1175.5589201824416	681.6680794899954	0.0	1169.6143519060656	636.0408169964835	0.0	949.6630025585016	537.816939604979	0.0	880.6290448579326	542.0692655864659	0.0	916.6462584105877	563.6263505730898	0.0	957.0186927007544	531.5036356383453	0.0	936.2398114762211	612.4951021204242	0.0	898.1505510267574	665.5197733207731	0.0	963.5915807029642	536.4013247718564	0.0	983.7135658787365	603.6266931641633	0.0	968.0172402544358	664.3615096399976	0.0
240	9.617204301075269	1094.6419507121336	576.6310483767793	0.0	1096.3740242635615	580.1956230602278	0.0	1060.385146791354	666.4431861599909	0.0	1154.2626708512898	642.4866311963763	0.0	1171.1153767510364	678.0853430423389	0.0	1170.087822289598	670.6777925168153	0.0	1164.792549199879	627.0737404537663	0.0	1095.4751414683465	580.7064813935767	0.0	1053.1786645746834	684.3055681592732	0.0	1156.6296743683533	645.0492716298181	0.0	1171.5007328771858	685.8070853459126	0.0	1173.914706632788	680.8831490023435	0.0	1169.7978525080036	635.9916274809918	0.0	956.8050832380443	537.4914598260696	0.0	887.8960913577303	540.2197427215381	0.0	923.0685868305054	562.1740121405285	0.0	964.0594549181508	534.1831825818437	0.0	939.6319647132059	614.3435285744513	0.0	898.1266092191834	665.6995720828212	0.0	971.1235764300563	534.0704457764584	0.0	984.2447759916336	604.1868813964738	0.0	968.5697824957019	664.4180881972081	0.0
241	9.657275985663082	1099.1674053968964	578.7378287757	0.0	1101.9173468754366	582.7519305792387	0.0	1060.2363684851491	670.5377577143613	0.0	1151.5808144636028	642.5427390370716	0.0	1171.5104916528132	676.6694367923408	0.0	1170.456802269863	672.2455298281777	0.0	1163.4357521240797	626.7148968135908	0.0	1098.902328090662	582.8973891838713	0.0	1052.5695764370664	684.9532784795848	0.0	1155.3912429281986	645.5664609010839	0.0	1168.9800666133206	683.3115050593358	0.0	1172.7160840885472	678.8849436969809	0.0	1167.8676128734842	635.7863847297523	0.0	963.4609930554175	535.5547108589228	0.0	894.9759233831467	534.8927907288405	0.0	927.8193839004766	558.1149004771028	0.0	971.7782447004095	533.1889414673847	0.0	942.3409585196127	613.3340255238684	0.0	897.7274641070828	663.9489783551535	0.0	977.9474188397999	531.1813875506554	0.0	985.3039736882796	604.9191790433523	0.0	969.6943063774014	665.146835227173	0.0
242	9.697347670250895	1103.3906753129859	580.037032976255	0.0	1106.1545256973538	584.3498478019753	0.0	1058.901054840344	670.2670056973119	0.0	1148.3850096590736	642.5723915201787	0.0	1170.8261001732028	671.9628119074491	0.0	1169.6469577458674	670.9566009418113	0.0	1159.596763644012	626.0081580525502	0.0	1102.6141586931112	585.3434504001889	0.0	1051.8696531736232	685.6257475595703	0.0	1153.9098198101628	646.3598496308057	0.0	1167.3821407658265	682.3124313869862	0.0	1172.5080151216753	677.9490772925144	0.0	1165.4137059175694	635.6994963432829	0.0	969.464210376412	531.8449370879208	0.0	901.5591011147526	526.6617922160106	0.0	931.7140582130006	552.4477109704006	0.0	977.8127589821052	528.5003945932749	0.0	943.9343663541699	608.2225570560336	0.0	896.935153111155	658.490929058771	0.0	984.2445254138304	529.3342642142891	0.0	985.9206373475646	605.7257175468355	0.0	970.1624038871973	667.7287425302422	0.0
243	9.73741935483871	1106.0798210382213	581.0685892472153	0.0	1107.4608671005778	585.6718231801572	0.0	1058.0550680171527	668.5175152056476	0.0	1145.5777802623159	643.3424556703737	0.0	1170.129540485712	666.0399889595367	0.0	1168.8159020134055	666.4733042630992	0.0	1154.9196608861685	625.5152037505302	0.0	1106.2065421452876	587.9017091372763	0.0	1051.3455011809679	686.4906585269086	0.0	1153.6899256527975	646.8944997497754	0.0	1167.1329151815041	684.4067130133977	0.0	1172.8473667363958	679.1561942850517	0.0	1164.7823177419477	635.7544190966801	0.0	974.3725550806028	527.2609622704126	0.0	907.2103184514194	517.265527211326	0.0	935.5684648557858	546.1211695936397	0.0	981.5059252978704	523.341429085593	0.0	945.569142663265	601.6059594035565	0.0	897.1019203230792	650.8013450166998	0.0	989.8722369341717	528.2855186248189	0.0	986.4955619487966	606.5062179909398	0.0	969.9516651133056	669.7058868352882	0.0
244	9.777491039426524	1107.7852735808633	581.394920899574	0.0	1108.2309898771985	586.1389066037276	0.0	1061.00151437076	670.4695733546955	0.0	1145.0576939658647	645.0566946281542	0.0	1170.512119016063	662.045050113064	0.0	1170.033075813979	664.0177454138274	0.0	1153.3246529774367	625.5954923013977	0.0	1108.489925406032	589.1666470635057	0.0	1051.1438054176995	686.9702625557394	0.0	1154.4478887322502	647.0444420794896	0.0	1167.3016523125375	686.9587589406415	0.0	1173.1461439377617	680.9063985325781	0.0	1165.2829263329975	635.848160774496	0.0	978.4057518469016	522.4103493214362	0.0	911.4600392490266	507.7442007580757	0.0	939.2199628603563	539.4240211688971	0.0	985.9081511944244	518.6459076669964	0.0	949.6756643033476	596.5052025910971	0.0	900.4707479435114	644.2998333944699	0.0	993.8141020170789	528.0615710535225	0.0	986.628991370111	607.2356849393464	0.0	969.3338769772888	670.0810764280703	0.0
245	9.817562724014337	1109.2415295022608	581.2433784492691	0.0	1110.1127902671192	585.1776810326519	0.0	1061.2044128076152	667.8511097270238	0.0	1146.624854746653	646.6346600861464	0.0	1171.4746743699536	660.0953549228426	0.0	1172.3060099211011	664.9152169738578	0.0	1156.3776554421029	625.3980712766061	0.0	1108.6454578884748	589.4726674646381	0.0	1050.663757631515	686.9969727691459	0.0	1154.2221416224486	647.1874726608822	0.0	1167.5711948309624	687.5212771732367	0.0	1173.2533653073467	681.7148988299182	0.0	1164.8670541082988	635.7856030322296	0.0	982.2018413572696	517.3871178650522	0.0	914.6032592115344	499.0408685510164	0.0	942.1883978827141	532.8056903335589	0.0	992.6658247853958	513.574550454904	0.0	957.4475915290034	593.0195747489439	0.0	908.2928716543693	640.3541737014502	0.0	995.9747159173153	528.0512527317306	0.0	986.0200043976995	606.8999748940437	0.0	969.0063942832846	669.360706037239	0.0
246	9.85763440860215	1109.5505579999424	581.4681619172939	0.0	1109.6517164599954	583.6892015005654	0.0	1044.5895788782182	639.9994694374626	0.0	1144.1064498266267	647.107619020135	0.0	1168.0125237231389	658.1780802814237	0.0	1170.1060192248056	663.0372541839442	0.0	1157.8708660377226	624.9595903780372	0.0	1108.0797070910655	590.1374812266512	0.0	1049.6800696868477	686.7533098529019	0.0	1152.6732607229278	647.6310237125595	0.0	1168.0909237447015	687.8431128198604	0.0	1173.2932902637885	682.0818432773794	0.0	1163.781617906195	635.7231669959126	0.0	985.8083841565312	512.5334386169839	0.0	918.0027305631302	491.148952466883	0.0	944.4725876577854	526.237569541826	0.0	999.8979036780746	508.5149165691156	0.0	968.9729140830993	589.4447057630991	0.0	922.0197088851554	638.1551470143243	0.0	997.538248431093	526.6959967423597	0.0	985.4779078330771	604.4178026051121	0.0	969.0678103258398	668.2560676129921	0.0
247	9.897706093189964	1108.7404368434663	582.4136659571639	0.0	1106.1707076805512	582.8724207552264	0.0	1016.1015627680456	594.3047864082994	0.0	1132.5782350090233	646.8762925565675	0.0	1158.1300648913975	657.8928129592789	0.0	1159.7891782590305	656.0601094366475	0.0	1152.2431793135806	626.4094105610533	0.0	1108.5112156468313	591.3611245725389	0.0	1048.883737593353	686.1771619215192	0.0	1151.4872629105212	648.371079022218	0.0	1168.542282007641	689.0369472175388	0.0	1173.3161130804888	682.6174519518264	0.0	1163.7377993842729	636.307397495332	0.0	989.0942702809127	508.46790052275077	0.0	922.3222285051997	483.6623730554858	0.0	946.8866382112874	519.2023269346312	0.0	1006.0735141181092	503.9170530461382	0.0	983.4123736856545	585.5036336447912	0.0	942.1473992548787	637.2956212164381	0.0	998.9429475711804	524.6080772114129	0.0	985.386244609375	601.3634440705323	0.0	968.4536168577902	668.2584577241865	0.0
248	9.937777777777779	1108.3097910166628	583.288123739716	0.0	1104.5474061559808	582.7329276259138	0.0	999.796521647595	566.3970905778793	0.0	1116.0713851732735	647.7032880388344	0.0	1150.7537180187128	660.8296345368444	0.0	1146.132753871941	650.0731909272628	0.0	1143.828223965131	630.5452672216588	0.0	1109.4183327767169	592.2196220558717	0.0	1048.46613294889	685.7530524189576	0.0	1151.3175550630954	648.9293950934064	0.0	1167.93126774171	689.6624911614026	0.0	1173.1503706487101	683.0253561250137	0.0	1164.1005161057683	637.395378306526	0.0	991.8948838846525	505.36670488239474	0.0	926.2043367650583	477.84686494898096	0.0	949.6498974148116	513.2469965720923	0.0	1010.9669050604934	500.0799128540052	0.0	995.1119780434035	583.0280261743101	0.0	961.9070275906186	637.5709500474192	0.0	999.9334053639153	523.5650534757474	0.0	985.6921491526343	600.3503100048038	0.0	967.0361833219174	669.6640788251492	0.0
249	9.977849462365592	1108.570977488471	583.5266378294851	0.0	1106.558690871195	582.7972569587355	0.0	1001.9036513050215	564.9006113382779	0.0	1101.2811860861766	650.0850817065487	0.0	1143.3355784930036	665.8458923996762	0.0	1135.092011913656	649.6995417414499	0.0	1139.1355960626088	634.9384854955074	0.0	1109.886849517766	592.5038428905865	0.0	1048.1701955272406	685.92788873818	0.0	1151.3760877202112	648.7048621909482	0.0	1166.2470216773645	689.413369273657	0.0	1172.70006717807	683.2061544888669	0.0	1163.4317302181994	637.9573009661638	0.0	993.9609582415897	503.1224098423469	0.0	928.641712819978	474.4801110956711	0.0	952.0257976424541	510.3826053090488	0.0	1014.6312791505932	497.68924011242575	0.0	999.1572637464808	582.7808373050577	0.0	972.5860836085151	638.1187673010132	0.0	1000.901197120188	523.4266855415444	0.0	986.6960261318271	600.7887396804655	0.0	966.351867875564	669.8146877540082	0.0
250	10.017921146953405	1109.0330545225202	584.1007596967547	0.0	1109.0211315366041	583.106455183455	0.0	1007.0745078129813	569.3769763233187	0.0	1089.8293162576083	651.6934713558305	0.0	1113.6920862683237	669.0935955937211	0.0	1128.8141964274632	652.1182324218853	0.0	1138.5955900131094	637.1760603773862	0.0	1110.1501197695002	593.0888341913122	0.0	1048.0728340365017	685.9086795802688	0.0	1151.2482896458364	648.0522791591385	0.0	1165.6636157988914	689.1888057209881	0.0	1172.4121634851099	683.5275545897953	0.0	1162.6627369923845	637.9236501218695	0.0	995.6024594818429	502.14241835728933	0.0	930.7884154440419	472.20133220793366	0.0	953.9457612392969	509.12011094173954	0.0	1017.378528792191	496.65516625488965	0.0	999.3137260844387	583.1285181858532	0.0	975.6961434705448	638.7780809368116	0.0	1002.0571969139551	523.4868468461119	0.0	988.0648245991786	600.606430735118	0.0	967.1809060691936	668.193465171362	0.0
251	10.057992831541219	1109.8138860429708	585.5934375061504	0.0	1109.6096535700626	583.7158339302443	0.0	1006.7110165484839	569.7090603722922	0.0	1081.4752788540886	651.2733225561996	0.0	1067.204829707122	669.4250634751453	0.0	1125.197585167846	653.4250995661628	0.0	1139.3549429079353	637.4468495680462	0.0	1110.633223093498	593.9738975919784	0.0	1048.146485004127	685.1171377029966	0.0	1151.1396047447615	647.8260992289279	0.0	1167.2455240001743	689.2358177433816	0.0	1172.5613191806647	684.0703067934796	0.0	1162.8104403486486	638.0419942421946	0.0	997.0932107399824	502.65916987336664	0.0	933.2640357788392	470.4175903928237	0.0	955.5129741339572	507.32242455422795	0.0	1018.9340865897004	496.6741179057611	0.0	1000.2445418294118	583.3642652645724	0.0	977.6003454205157	640.0453154717876	0.0	1002.9760373069673	523.8788636471783	0.0	989.1371091666114	600.118240111047	0.0	968.4691371900904	667.5913698535392	0.0
252	10.098064516129032	1110.6474554114575	587.0972042251024	0.0	1108.6478837668506	584.443526308033	0.0	1004.9184301475749	567.9826424791702	0.0	1077.436572391112	650.5737394656422	0.0	1039.8177321377536	671.3174882638378	0.0	1118.1589648119398	652.494035857959	0.0	1139.1981799026607	637.2881762854619	0.0	1111.6123191592956	594.351930017852	0.0	1048.1798566414827	684.4528451194788	0.0	1151.152974721756	647.9501805211767	0.0	1168.6631170419446	689.3104400203589	0.0	1172.683796497022	684.4345139815815	0.0	1163.3727541415326	638.3083301380071	0.0	998.0961801634396	503.77986666726315	0.0	934.9099689941261	469.92803366520116	0.0	956.2992825242884	506.1361947903872	0.0	1019.1126712197288	498.2155018935995	0.0	1001.3362202492531	584.4584654103942	0.0	978.9900702484299	641.8641736124177	0.0	1003.8109619261177	524.4276835253801	0.0	990.204545821404	600.1310975610781	0.0	969.2218894071116	668.3632981909298	0.0
253	10.138136200716845	1110.9358873956262	587.900749699128	0.0	1108.1082205009748	585.5090930777834	0.0	1006.376399510037	564.9886046630991	0.0	1078.5459545470562	650.610506449294	0.0	1039.8691945064484	670.8690506826986	0.0	1114.4488997838293	649.585017421569	0.0	1139.3247047654258	637.3859212814868	0.0	1113.0780123775594	594.276387677253	0.0	1048.063037034071	684.4606732054534	0.0	1151.1496368483358	648.0453690023394	0.0	1168.2198969872466	689.462311197364	0.0	1172.5888460621438	684.4414017632952	0.0	1163.7318089810371	638.468705993685	0.0	998.7528410796708	504.69901646661805	0.0	935.427990074769	470.8074156878703	0.0	956.6640978569874	507.201007152294	0.0	1018.8885580727413	501.144816451112	0.0	1001.3932120163439	586.797570558678	0.0	978.2157627065451	644.3402140819151	0.0	1005.0907288368337	524.6439766188378	0.0	991.4832540004995	600.1680581521425	0.0	969.6386462820917	668.6695955904045	0.0
254	10.17820788530466	1111.0734265434369	588.023824337727	0.0	1109.5659741932259	586.8472853280758	0.0	1009.7286910223212	563.9073609584034	0.0	1082.9192255998105	650.5072373912283	0.0	1047.6269021829487	663.9206485786209	0.0	1126.0196254100726	649.7142227678524	0.0	1142.1133976874125	637.239034149597	0.0	1114.5734726863343	594.23446561237	0.0	1047.7969246620855	684.4899751936141	0.0	1151.2373372073723	648.2542334150438	0.0	1167.3295555203326	689.9987511752647	0.0	1172.6066303873793	684.3268336490877	0.0	1163.6426851225328	638.5323519232077	0.0	999.7242842800626	505.90418324880386	0.0	936.0058963764757	472.3675077444933	0.0	957.2908787006086	509.40841777515897	0.0	1018.6940152217331	504.000467302481	0.0	1001.0407798107462	589.713758170458	0.0	976.6754690358164	647.7276162096007	0.0	1006.4428081015083	524.684042346629	0.0	992.461319164724	600.3234813515634	0.0	970.0853431934712	668.2452434040356	0.0
255	10.218279569892474	1111.7299702785872	587.6049174543898	0.0	1111.5651562801481	587.362743554083	0.0	1010.9786019156757	569.851616646393	0.0	1085.7455763506855	650.2909684329471	0.0	1052.3424819198397	659.9850872816987	0.0	1140.663147660067	659.3758842519564	0.0	1145.2621633226956	637.1850439558674	0.0	1115.568580989201	594.1939135097108	0.0	1047.599694923799	684.427124955389	0.0	1151.7005377586097	648.5465636252497	0.0	1167.1479014188178	690.6766595079943	0.0	1172.7751034900498	684.2691983849975	0.0	1163.2526738479198	638.3433683493103	0.0	1000.775315971357	507.76494542979503	0.0	937.0913944817065	474.0544885154485	0.0	957.766899450502	510.7273055966871	0.0	1018.0241541552361	505.60034574507415	0.0	1001.4584394197798	591.9883476465915	0.0	976.5327852341038	650.7829169750134	0.0	1007.0563883677673	524.9685755807451	0.0	992.9961083172359	601.0822164708817	0.0	970.4780950049335	667.8701528843161	0.0
256	10.258351254480287	1112.2877225552531	586.9669363047203	0.0	1111.6891979755083	586.5616889775746	0.0	1009.9372032906442	577.5382545072836	0.0	1084.1632202839064	651.1350399848703	0.0	1053.910983500749	663.1243841970631	0.0	1141.6701271057473	673.8668127838723	0.0	1144.7969668423102	638.7682567813083	0.0	1115.7029748495481	593.9521616743698	0.0	1047.8118095924106	684.7421019510113	0.0	1152.2988539872872	648.5834421828797	0.0	1167.0380018594028	690.5372850371566	0.0	1172.7774877607453	684.2521948042047	0.0	1162.9471011287633	638.128899390887	0.0	1000.9640064255382	509.09195931683917	0.0	937.7592231035912	475.307870689465	0.0	957.4699417539646	510.83560075385645	0.0	1017.338344819487	506.26677780695104	0.0	1002.4736897303334	593.0412729983082	0.0	977.2621375235101	651.6239018622848	0.0	1007.1008123494607	525.2018825980309	0.0	993.2256219183836	601.8859461877728	0.0	970.625818661587	667.5151836898332	0.0
257	10.2984229390681	1111.6881689495979	586.5746784554456	0.0	1109.9180670107116	585.4935494012419	0.0	1009.1277556043699	578.7821768618779	0.0	1080.650568666664	652.9815614734423	0.0	1053.6097131011159	669.3991039150862	0.0	1135.2030654674534	681.9301572032155	0.0	1140.9669423477699	641.197435044816	0.0	1115.1940564414444	593.626970292943	0.0	1048.4628635127292	685.1909880182636	0.0	1152.4876006414763	648.3095773173058	0.0	1166.6301897050387	689.5861671199532	0.0	1172.598397166474	684.2368712598392	0.0	1162.8920914437033	638.2298890167885	0.0	1000.406078341552	508.5853869918959	0.0	937.9233006336765	475.08790395647424	0.0	956.8250852925041	509.94835700277895	0.0	1017.63823717173	506.52516388249245	0.0	1002.5959528061713	592.8832273205282	0.0	977.3987789128805	650.3907328731395	0.0	1007.317779861105	524.5329386408812	0.0	993.2036441406287	601.7588446956082	0.0	970.6758136009157	666.6493355579672	0.0
258	10.338494623655913	1110.2473636862019	586.7696177833036	0.0	1107.6667907028245	585.0429322129462	0.0	1008.9932806675635	578.6749271660456	0.0	1079.8214497524864	653.9552776016844	0.0	1052.750369623383	677.2746557145447	0.0	1130.5861345762653	682.4552805411794	0.0	1136.853372108012	640.3147521206804	0.0	1114.5855457050873	593.2913924033983	0.0	1048.9990940639836	685.3613315829691	0.0	1152.187148929278	648.0404765663371	0.0	1166.4526724739349	689.1208082294179	0.0	1172.5733915438939	684.2471743519812	0.0	1162.9053846615102	638.2490487549028	0.0	1000.4151949422967	506.53989561791866	0.0	939.3486438521398	472.3418452910128	0.0	956.8094828762576	506.9205083038247	0.0	1018.5487956896086	505.7327676256771	0.0	1002.0493223347472	590.684874166536	0.0	977.7172862092796	648.705403761296	0.0	1007.8375408771502	522.5871647843082	0.0	993.6089873375134	600.0149285576557	0.0	971.5180499280834	665.5108007993658	0.0
259	10.378566308243728	1109.0719713641643	587.4625403556722	0.0	1106.0708661252092	584.8758110872169	0.0	1008.9603624111544	582.67385157904	0.0	1083.8838292549706	652.7212030154063	0.0	1052.0729646150203	681.1556076638429	0.0	1120.0271700732171	681.5771085513737	0.0	1134.7751712112115	634.8199810199193	0.0	1113.7160669289324	592.563936351275	0.0	1048.768471028466	685.3966758266769	0.0	1151.7760978169429	648.0825015432924	0.0	1167.2506453637916	689.2788267725	0.0	1172.8371942751596	684.2491565092739	0.0	1162.6724699870529	638.016775514947	0.0	1001.5357869771578	503.7661244588645	0.0	942.7575212027662	467.1350607764256	0.0	957.5787166469977	500.7952590464945	0.0	1018.9647166405168	503.26206671494464	0.0	1003.4201377420998	586.4845301061122	0.0	979.3265418911238	646.9939787084761	0.0	1008.4241515179947	519.4188366969067	0.0	995.4036236727211	596.3811837912679	0.0	973.8151636448448	664.3002901827139	0.0
260	10.418637992831542	1108.4254559411775	587.9972250744114	0.0	1105.4602757345885	584.6193234577179	0.0	1009.1642717362533	584.7519300588652	0.0	1089.073842438627	650.7744372727205	0.0	1051.0691584071426	677.9731441199044	0.0	1100.766666592207	680.599403859966	0.0	1135.8760378745064	630.1910057831765	0.0	1112.2148507727668	591.37372270111	0.0	1047.9350791468719	685.376323720282	0.0	1151.5725018477162	648.4864157524814	0.0	1169.2088206606727	689.1483287886415	0.0	1173.3817703408924	684.111397553811	0.0	1162.2683531713028	637.9519209278003	0.0	1002.8028487721663	500.2912845359694	0.0	946.2775519447694	460.61303270281263	0.0	958.1374203205366	492.8274016523851	0.0	1018.5573082721328	499.99524186985036	0.0	1007.3234056229935	583.2849843298998	0.0	980.7913766334946	645.8219325570024	0.0	1009.0370967808003	514.7718383406983	0.0	998.8423996235204	591.8808030997976	0.0	976.4727518763509	662.4034942695833	0.0
261	10.458709677419355	1107.4215665072113	587.7933358304707	0.0	1104.3212711463593	584.6706664487913	0.0	1008.406220846548	583.0319273376023	0.0	1089.868032213416	649.5254036170061	0.0	1048.1473784069285	673.5995218996292	0.0	1099.2617925245497	677.6974315093228	0.0	1141.4235288238874	630.1379805257168	0.0	1110.2237574262215	590.0682459232675	0.0	1047.3616696499457	685.1505447563637	0.0	1151.3152978703677	648.9093759869895	0.0	1171.4482661263578	688.8153307329106	0.0	1173.8922137672112	683.829434364214	0.0	1162.109832263746	637.7889780766363	0.0	1003.2691474127669	496.2032535798164	0.0	948.6573469339598	453.92149396216683	0.0	957.9748479020054	485.3914729279354	0.0	1016.7996235791686	498.0502907211346	0.0	1009.5282687624936	583.5783354408737	0.0	980.6356676296251	647.7873116616909	0.0	1010.0053643269831	508.7675226445863	0.0	1005.0070644482112	587.8871136257849	0.0	980.2898884251431	658.1885253818893	0.0
262	10.498781362007168	1105.0994984822587	586.8358359149848	0.0	1099.7835030078743	584.9834155666316	0.0	1005.1600260131642	585.634938837946	0.0	1087.4208671354916	647.4700192498443	0.0	1043.5269729354395	670.9603158046694	0.0	1128.2723860841984	674.0880778189443	0.0	1149.5696356764188	630.2795136624718	0.0	1107.7859716952335	588.5398656259368	0.0	1047.3629337496045	684.9807554342879	0.0	1150.6307662740476	648.5876156551542	0.0	1172.8621624506732	688.6958707344086	0.0	1173.8526071134122	683.7002347227665	0.0	1162.2770321072937	636.6221600364969	0.0	1003.1328649377547	492.20717257646504	0.0	951.1637802231902	447.82076246697625	0.0	958.1466848898232	479.75094378547146	0.0	1012.8869736431517	498.5766784945074	0.0	1006.5443107579943	585.1724518059432	0.0	979.804809275874	652.5337300072986	0.0	1011.6939926695744	502.536336320651	0.0	1016.2102619502218	583.2446198059246	0.0	991.9372420962686	648.1572131602337	0.0
263	10.538853046594982	1101.574002594164	585.6373570151793	0.0	1091.382667673989	584.6769896120272	0.0	1000.5832160032921	594.7565722458639	0.0	1086.1296328340006	644.5989066752805	0.0	1041.3169097300174	668.4843741440902	0.0	1155.2358848666818	672.8354052383588	0.0	1153.4726029368014	626.8954290693168	0.0	1105.0682578989506	586.9404938403454	0.0	1047.5825436216487	685.4657728401236	0.0	1150.3050965782818	647.2014754365576	0.0	1172.6617461652318	688.6034418929696	0.0	1173.5273732159653	683.9760161760845	0.0	1162.5566982894288	634.5057143418838	0.0	1003.1018809906516	488.61944001364793	0.0	954.6385562192415	442.67387027579025	0.0	959.4267806821879	475.5283521734018	0.0	1008.2428201195553	499.7276919073936	0.0	1001.303872632421	584.8795432156012	0.0	979.3337769474037	655.5614029306078	0.0	1013.773041585016	497.33021099136556	0.0	1031.317301477738	575.6532124762588	0.0	1014.3871123266358	632.8652966640002	0.0
264	10.578924731182795	1097.4538326043635	585.0870031485119	0.0	1082.0917323844292	584.1830291538486	0.0	996.8051494406747	603.0946471219579	0.0	1086.209897287161	643.9315842383654	0.0	1044.5153886996125	668.6675925636333	0.0	1158.552351070501	675.2006736893424	0.0	1150.3843420380922	622.7912799459116	0.0	1102.622731306401	586.2645163163202	0.0	1048.0555900634265	686.5568995646007	0.0	1151.2398949817948	645.6142480113524	0.0	1170.6188032995312	688.4705246226362	0.0	1173.3937234558518	684.4546849993258	0.0	1162.9307449310204	632.8999416054172	0.0	1003.1023627311747	485.10032975616866	0.0	957.4835156536454	438.2337696379226	0.0	960.7511762528204	471.71523857664044	0.0	1005.289990278869	499.597209368416	0.0	998.1492519912326	583.5256310627157	0.0	978.954860691817	655.7093778087624	0.0	1015.5648976923261	493.6071686434858	0.0	1045.5238732728465	565.2571801963966	0.0	1039.083822334429	620.3374001673408	0.0
265	10.61899641577061	1093.435449434554	585.5999111568304	0.0	1074.842357756207	585.0643258612369	0.0	994.3958077403005	606.3150122931788	0.0	1085.807758449779	646.1868398429692	0.0	1050.2826498086865	674.0348435098324	0.0	1153.7086258914087	679.9078449370809	0.0	1145.9051535987894	621.1089303224081	0.0	1101.0732792403596	586.9655856834481	0.0	1048.7520061631003	687.3443474114471	0.0	1152.3509294746916	644.9538583046183	0.0	1168.0105276621855	688.5601938129628	0.0	1173.3005478065143	684.8273511150733	0.0	1163.3980044831605	632.8556895707587	0.0	1002.4010828943776	481.85163985428613	0.0	958.2518675437814	434.3603008649138	0.0	960.9452439417614	468.0942296211018	0.0	1003.9033380883552	500.2659506387479	0.0	997.1050873710064	583.2197737284527	0.0	978.5302135711052	655.3716299452747	0.0	1016.6817224510442	490.76711069539203	0.0	1056.6757775400206	553.8582362415548	0.0	1058.0686859554262	614.1560404459327	0.0
266	10.659068100358423	1090.5078225337356	586.5098745002199	0.0	1070.6792868825992	586.8480378805865	0.0	993.3306051540237	606.6239179313475	0.0	1085.659294306718	648.0928623720406	0.0	1059.190184351857	680.2348256547809	0.0	1154.9827848668242	684.4364718658736	0.0	1144.744269354447	621.2715352102273	0.0	1101.0616418923908	588.0124253320165	0.0	1048.7419629409574	687.340201402646	0.0	1152.0555155618804	645.4663547338346	0.0	1167.196145172459	688.9010409274712	0.0	1173.212805228698	685.3334483290263	0.0	1163.4688001957643	633.5115905846155	0.0	1000.9971493084877	479.83327166763013	0.0	957.6412275809809	431.6196061930667	0.0	960.1794738734347	465.56009170803014	0.0	1002.8193594085833	503.92616610642926	0.0	996.3799184794068	584.0925704381102	0.0	978.281869594337	655.3001889211182	0.0	1017.0321116679156	487.8995132928375	0.0	1065.789224918231	543.0695080736388	0.0	1072.3880578913363	608.6409954657951	0.0
267	10.699139784946237	1088.6112801942204	586.939053001201	0.0	1068.5766486395514	587.6434622785439	0.0	993.4552422082268	607.2462513613252	0.0	1087.7211182530616	647.3321901980263	0.0	1079.2925382689202	683.0025262865823	0.0	1160.2786223521089	687.3833469479664	0.0	1145.6621441189143	621.6135632068159	0.0	1101.8522844245008	588.1685577923903	0.0	1047.726849922767	686.9158113188065	0.0	1151.0635910375468	646.4186789244457	0.0	1168.8981134479109	689.2007089932993	0.0	1173.2880270950354	686.5034830805158	0.0	1162.880686480632	633.5502247517786	0.0	999.6754639786548	479.3555592004417	0.0	956.5830513319213	430.2194182046617	0.0	958.8592585681786	464.55411928444187	0.0	1001.8089198196083	508.1177794064364	0.0	995.355040700309	585.1295589042728	0.0	978.0354167637249	655.3545837942819	0.0	1016.9456213920271	485.019846294879	0.0	1073.0883843485137	533.8807440701923	0.0	1084.9434023053584	600.6900747193956	0.0
268	10.73921146953405	1086.8773235058795	586.6840072246295	0.0	1066.930835157815	587.3363550806865	0.0	993.6592039505955	609.063471200445	0.0	1091.1036525587433	646.0055060375342	0.0	1104.8784763840863	683.6099342410598	0.0	1161.7366950062972	688.6710317193376	0.0	1145.8212223315024	621.6765451361397	0.0	1101.3042222502072	587.7524444024821	0.0	1046.947482153816	686.3066834678255	0.0	1151.383291400622	646.6534783981306	0.0	1170.580280575382	689.129221323061	0.0	1173.4621815681655	687.4875873410289	0.0	1162.8219852208413	633.3076317531218	0.0	998.8080182237497	479.53719622466645	0.0	955.0922848312226	429.6399865931902	0.0	957.3543692839006	464.3262295461992	0.0	1000.7136505819914	509.8497957899276	0.0	994.3370027503481	585.3690977824547	0.0	977.6647483829781	655.7121805251711	0.0	1016.8793324351533	482.9999200592684	0.0	1078.0448399426095	526.0771431901803	0.0	1095.8431516274577	593.3490938590982	0.0
269	10.779283154121863	1085.3521727597674	586.1657155039095	0.0	1065.7470075919537	587.1771458250992	0.0	992.8783089557112	610.5907258491367	0.0	1093.1959546585117	645.8643396127618	0.0	1114.9241868106556	683.3921783703559	0.0	1157.251910697264	687.3252147835626	0.0	1145.0251767894988	621.7012885771819	0.0	1099.333001989437	587.7436964997104	0.0	1047.0990781319865	685.6771777610709	0.0	1152.8494172520984	645.7682245755173	0.0	1169.695882072081	688.6034955561518	0.0	1173.5982149570746	686.466631539157	0.0	1164.202163996782	633.6959679909097	0.0	998.020633122399	479.50447625016886	0.0	953.5975750323432	429.48542859201314	0.0	956.4973255533905	464.3223975173564	0.0	999.5101208308821	509.7756847888262	0.0	993.9590139441634	585.0719099352963	0.0	977.6458929806171	655.9217325004411	0.0	1016.8760308888639	482.22242261979085	0.0	1080.9948298363402	519.2189673335344	0.0	1103.3398009777488	588.0732978368902	0.0
270	10.819354838709678	1084.315855080918	585.8465654180759	0.0	1065.1155737000574	587.4466631928035	0.0	991.6446127454542	610.6940972525995	0.0	1093.4536700350568	645.3470364763459	0.0	1107.8146468893806	681.7395417339495	0.0	1152.533019913812	683.1866779914061	0.0	1145.0978265754104	621.7398169654397	0.0	1098.3819272820517	587.7361601406691	0.0	1047.3059853783927	685.5203429926253	0.0	1153.342397821033	644.7249469902812	0.0	1167.4230061678675	688.35072170028	0.0	1173.3276616657727	684.3776597104422	0.0	1165.2879048115792	634.340350529792	0.0	997.0484075071734	479.3048633468942	0.0	952.8514404983005	429.3834778541053	0.0	956.4128657548433	464.6210640603681	0.0	998.8280591236148	509.90124775885545	0.0	994.2898172298944	585.2540828499501	0.0	977.990784196832	655.633850897824	0.0	1016.6177840015397	482.063407936129	0.0	1082.7778470725184	514.1450361602406	0.0	1105.74544331379	583.7511018021505	0.0
271	10.859426523297492	1083.51222909026	585.6463417233709	0.0	1064.2986764801901	587.4460293435532	0.0	991.1165476405554	610.2696783261038	0.0	1092.859597882601	644.1319260928037	0.0	1104.4068907398332	679.2739553023547	0.0	1150.8653412364588	679.078738128521	0.0	1145.932952645791	621.7216619084759	0.0	1099.0382252918785	586.8054523552383	0.0	1046.984133957916	685.9018865281125	0.0	1152.444634414023	644.5311937601635	0.0	1166.6173144039017	688.9751178544814	0.0	1172.6284742152288	683.8122515430626	0.0	1164.3123374442102	634.5437598813697	0.0	996.1976064426331	479.2799989460311	0.0	952.7784113201194	429.04223455736167	0.0	956.2999565842572	465.0062620070833	0.0	998.7763902341239	510.9611227386956	0.0	994.5034327903143	585.9405105914208	0.0	977.9012557687784	655.3604689779366	0.0	1015.9353088145219	481.9137721195091	0.0	1083.6494098706646	511.98287210236174	0.0	1103.5601909528232	580.5196920970743	0.0
272	10.899498207885305	1083.02639042823	585.3451136103396	0.0	1063.6934226380608	587.0821998981377	0.0	991.233830329483	610.1083520649826	0.0	1091.9814632162802	643.5375895912322	0.0	1115.2260241304207	677.5074762147185	0.0	1150.3878865505887	677.0248115525814	0.0	1146.0476549828338	621.7235680477437	0.0	1099.0006982578823	585.6609133924542	0.0	1046.7834059373213	686.2549754997331	0.0	1151.482876066511	644.9503935626303	0.0	1167.158269052189	689.3441010783214	0.0	1172.1413885132388	684.138836565464	0.0	1162.4973998158314	634.4555696394472	0.0	995.7728225339956	479.37628266497916	0.0	952.7340048028651	428.890523365724	0.0	955.9053644249061	465.16187674944615	0.0	998.6701645983896	511.7933956616191	0.0	994.2042128846384	586.4976158105309	0.0	977.4312852985538	655.4776830635178	0.0	1015.2547498178287	481.8500422777871	0.0	1083.2842623844708	512.4383964696319	0.0	1099.1178811386237	579.2667351885572	0.0
273	10.939569892473118	1083.2078365543343	585.137953856055	0.0	1064.3114008491095	586.9461550916939	0.0	991.3144303965091	609.9519575522504	0.0	1091.300399557926	643.5007691626906	0.0	1132.2543691322146	676.5342808579333	0.0	1150.0029227705686	675.9348661307018	0.0	1146.2605827533564	621.8414287885704	0.0	1097.2363913948093	585.5805724328482	0.0	1046.9861296790593	686.2426217202878	0.0	1150.9596823274571	645.2583394953379	0.0	1166.7200865791442	688.6877833209621	0.0	1171.9114231750639	683.6859669216694	0.0	1161.4820663693204	634.4454203205241	0.0	995.6235801741764	479.40792181032594	0.0	952.1961208855978	429.40797699458346	0.0	955.5085753050198	465.13987831766707	0.0	998.2345769686244	510.7532322185301	0.0	993.8642836345607	586.4612715211077	0.0	977.3644191095731	655.5955485081223	0.0	1014.8871506467854	482.18035863234564	0.0	1081.6294257852699	514.1427646815405	0.0	1094.7127965013838	580.1297853559747	0.0
274	10.979641577060931	1083.7143490874907	585.2022711266559	0.0	1065.684626876474	587.0083925066583	0.0	991.3692902145707	610.1053435324583	0.0	1091.4899304944056	643.1299083515794	0.0	1144.7393961666826	675.9241166615328	0.0	1150.1198261795835	675.0388591857597	0.0	1147.212673132291	621.9418439243714	0.0	1095.6665832662727	586.0540625353276	0.0	1046.8830642505268	686.1508591472498	0.0	1150.6819936781542	645.3609857435276	0.0	1165.6931521127842	688.2796439982606	0.0	1171.5438763673217	683.3930977143243	0.0	1161.0511073465407	634.5246493455465	0.0	995.2980033336519	479.38311187540546	0.0	951.2879663134454	430.2214018098931	0.0	954.9923749539201	465.2010382168936	0.0	997.7774757140104	508.62231776863166	0.0	993.71677822731	585.929537638495	0.0	977.5731332745927	655.435282210106	0.0	1014.369656775242	482.7555369743127	0.0	1079.1612146565158	516.1000098455663	0.0	1090.9382829919891	582.0298986176954	0.0
275	11.019713261648745	1084.2125148667646	585.351249764369	0.0	1066.6140129301743	586.6583843482026	0.0	991.6489643483771	611.0437946331729	0.0	1092.08773486384	642.4545843043247	0.0	1149.5069838165805	676.3116375427574	0.0	1150.7403845111496	675.690954589477	0.0	1147.3319086000702	621.9225873682248	0.0	1096.0206999629738	585.8375626123637	0.0	1046.3988736831589	686.2205010977873	0.0	1150.8791987968598	645.4755996982287	0.0	1166.5109174809277	688.8170577313857	0.0	1171.2686579260107	684.1409828530695	0.0	1160.9721309068566	634.5509019671047	0.0	994.7704513082685	479.4229572112846	0.0	950.564956441086	430.8861152168268	0.0	954.200291135221	465.7956108836611	0.0	997.5165473550542	507.6531513782967	0.0	993.6518348763723	585.742943117768	0.0	977.5974736276899	655.271446758856	0.0	1013.5608260870811	483.0686947200202	0.0	1076.6984465695173	518.2280598936096	0.0	1086.4872301941953	583.648698335894	0.0
276	11.05978494623656	1085.34908796618	585.3098443591994	0.0	1066.9548595172753	585.9652969866637	0.0	992.0097016323812	611.9787493321617	0.0	1091.253687826695	642.843163185437	0.0	1151.313766734973	677.9548916466828	0.0	1151.734696844898	678.4224919210668	0.0	1146.7475460665823	622.0522721300596	0.0	1097.4988591783615	585.1374196460337	0.0	1046.374224690264	686.2009855435452	0.0	1151.4770387916503	645.5258873054713	0.0	1169.0166417470061	689.4914650379177	0.0	1171.556063526142	684.9913458949206	0.0	1161.6364523319917	634.4854612870087	0.0	994.5621482254991	479.6023724842404	0.0	949.904275723351	431.87193263757877	0.0	953.5336774312807	466.9884677286891	0.0	997.4810692371448	508.27974345667974	0.0	993.7164134170371	586.1182824112218	0.0	977.5685030194965	655.2727957769516	0.0	1013.0251684027447	483.1969557926275	0.0	1074.9631794501179	520.9088605597967	0.0	1080.6718157237026	585.9021763377671	0.0
277	11.099856630824373	1087.118845563089	584.8652008048182	0.0	1067.160822237417	585.4584695777619	0.0	992.221160097062	611.9080302676521	0.0	1088.6554269758642	644.8815299824407	0.0	1156.1298390792633	679.6960753594093	0.0	1152.9729716810716	681.2577725395499	0.0	1147.5480750360182	622.4170104936115	0.0	1098.567821712516	584.7386714977273	0.0	1047.0666810365062	685.9479921854935	0.0	1151.5917662939742	645.493820609011	0.0	1170.2260334154846	689.6215347204231	0.0	1172.2435711657083	685.0790406210388	0.0	1162.757450237706	634.2628818474282	0.0	994.6706010713492	480.045503602697	0.0	948.6939066283577	433.6520489821465	0.0	953.2900022243928	468.30417092797353	0.0	997.5258781243149	509.406262804872	0.0	993.8433909328144	586.3590860940795	0.0	977.547714841923	655.4100289875512	0.0	1012.9766232603349	483.6497393907428	0.0	1073.663586310554	524.2738872308165	0.0	1074.5679614409487	590.3350642198056	0.0
278	11.139928315412186	1087.8947764330562	583.9030894619762	0.0	1067.0008271595796	585.0059972585568	0.0	992.164525418445	611.2740739385135	0.0	1086.4183839157565	646.922735041769	0.0	1159.1793457392453	680.6898071351146	0.0	1153.7902848829667	682.4366617508522	0.0	1149.2896541307123	622.6221112330189	0.0	1098.9216495380836	584.5004900050081	0.0	1047.8837372841497	685.8463476726939	0.0	1151.0112527832484	645.6982892134308	0.0	1168.615826077893	689.377009669241	0.0	1172.4410017602866	684.8648268778859	0.0	1163.3544568263019	633.7662092511391	0.0	994.6170670398644	480.8490736243723	0.0	947.1475095865786	435.63483620846785	0.0	953.1899592182378	469.7954919583309	0.0	997.5153713951555	510.208573792032	0.0	993.8481800781994	586.2951533952477	0.0	977.4132490846056	655.7602635272405	0.0	1013.1225948560398	484.2227421469727	0.0	1071.883168894951	528.0373658421702	0.0	1068.7244951391226	595.6240261121654	0.0
279	11.18	1087.0463216055955	582.7525515101773	0.0	1066.1337266654073	584.3247411159617	0.0	991.7595728703229	610.9288584160626	0.0	1085.6769110158023	647.4442128406768	0.0	1142.3624062943766	680.145848688889	0.0	1153.1598755807208	682.0626009592777	0.0	1149.4158070913973	622.4587735457285	0.0	1098.8316831829197	584.2217541144638	0.0	1048.3036695122164	686.2522607970976	0.0	1150.5682913918831	646.113305115026	0.0	1167.0511565555923	689.3294963390882	0.0	1172.2427966808177	685.1122152293934	0.0	1162.9205506641194	633.1311124959061	0.0	994.3801816113813	481.7177064694904	0.0	945.8631583252379	437.42607169503435	0.0	953.0059712707135	472.0161903347446	0.0	997.6347719544835	510.4808496907513	0.0	993.877106893015	586.2199202677363	0.0	977.3267969424641	656.130176110997	0.0	1013.1103001509218	484.3915915590975	0.0	1069.5404993308287	532.1140171859818	0.0	1062.5570314006277	599.513676101306	0.0
280	11.220071684587813	1086.436082796139	582.0755368669504	0.0	1066.1145637283082	583.8047243222532	0.0	991.4377861828351	610.7689628112198	0.0	1085.2486221119584	646.9569893509591	0.0	1099.4105439791238	676.922998115419	0.0	1150.7150267380891	680.9973118093379	0.0	1148.201937514086	622.088449190293	0.0	1098.636472522006	584.1647361200693	0.0	1048.1331021018807	686.6708440740979	0.0	1150.612539776207	646.254676656955	0.0	1168.6077460519646	689.5597986496574	0.0	1173.1552462936968	685.2472915909117	0.0	1162.2913986390354	632.8976658392811	0.0	994.0595788580035	482.3167313661715	0.0	944.0847314965528	439.78300273336947	0.0	952.6709427278352	474.8919786835502	0.0	998.0107609912404	510.3181840266268	0.0	994.1604484188458	586.2199644592528	0.0	977.4053339785728	656.1781835802317	0.0	1012.8928660821014	484.59873137557327	0.0	1066.666016596016	536.9911859911829	0.0	1056.231541658247	602.0695683957065	0.0
281	11.260143369175628	1087.7676215219633	582.1101565806441	0.0	1069.5187633846626	583.9758726583715	0.0	992.5200535487046	610.6790022496758	0.0	1084.6719286864293	646.8959326886464	0.0	1055.2790782521117	673.1282397480954	0.0	1148.487433001153	680.1714474521522	0.0	1148.3414150192993	622.1217228703508	0.0	1098.6942567749895	584.2476326917555	0.0	1047.4242517090117	686.2097689854687	0.0	1150.6957845359068	646.2841922913589	0.0	1171.5511217461385	689.7825251687815	0.0	1174.8756614977876	684.4617149366629	0.0	1162.4259909225646	633.5820238114204	0.0	993.583843140734	483.0193073803691	0.0	940.7940498170974	443.01147982751513	0.0	952.2130127185109	477.9706096513993	0.0	998.3838735827248	510.14549864515925	0.0	994.4869018152649	586.6665364604324	0.0	977.3231522899737	656.2908997204356	0.0	1012.9839785324937	485.69397202383385	0.0	1061.7167134832816	543.451940343527	0.0	1049.7151453954332	604.5866482799571	0.0
282	11.300215053763441	1090.1025329889771	582.4484176089888	0.0	1075.3828056545492	584.6284290377265	0.0	995.3915151662366	610.6387397452604	0.0	1085.4357777903442	647.6761867922468	0.0	1036.5278248952677	671.8942320424441	0.0	1149.0002001900311	679.3428127215307	0.0	1149.6038766702384	623.3192915810523	0.0	1098.9691469845404	584.1764181660828	0.0	1046.7808194663924	685.1205046917233	0.0	1150.4928251477418	646.9607754512276	0.0	1172.4888940508679	689.831505325436	0.0	1175.138249229322	683.4025358631741	0.0	1162.7594084796476	634.5212571315973	0.0	993.1148933011901	484.385297690593	0.0	937.206461494251	446.3793890435426	0.0	951.9445248827917	481.20104061919426	0.0	998.4615086654364	510.6501360452152	0.0	994.5994099369786	587.8846079355847	0.0	976.8086176350072	657.1157874666691	0.0	1013.4815420155204	487.4840024924315	0.0	1053.6971641736723	551.8356473927531	0.0	1040.2244423344675	606.3731358943355	0.0
283	11.340286738351255	1091.7022564418385	582.6543051286142	0.0	1080.0954287531729	584.9489094182976	0.0	998.6687593938726	609.990480129568	0.0	1088.2167222436037	648.3713198981762	0.0	1039.42220728247	672.1201114618577	0.0	1150.8013595963298	677.2391312517418	0.0	1149.7623407761425	625.3735718674353	0.0	1099.3143017498123	583.945293831597	0.0	1046.7726285392823	684.5261087918585	0.0	1150.1661174002818	648.1528693285691	0.0	1171.1743209269057	689.7045687906051	0.0	1173.6817177485243	682.9807317913547	0.0	1162.5225004590625	634.5645730419153	0.0	992.8074146416342	486.1441621203518	0.0	934.9864466828053	449.5270768696722	0.0	951.905995426134	484.4201819980693	0.0	998.1321637902037	511.2028177783571	0.0	994.6346992443375	588.8917632044975	0.0	976.4255151733555	657.8859009315559	0.0	1013.2910508446442	489.127961220885	0.0	1044.3569030618144	561.1021360085629	0.0	1025.6933894245526	607.7661754865661	0.0
284	11.380358422939068	1092.761521768367	582.9534787155053	0.0	1083.4704483157475	585.0214075372834	0.0	1002.5439934685094	608.0113975465197	0.0	1091.3337422668926	648.4220978276076	0.0	1044.8597559598509	672.4926390705162	0.0	1151.5522067710904	674.5065386075963	0.0	1149.7437765421078	627.5200759157159	0.0	1099.7309053521658	584.0724970600738	0.0	1047.0631648823112	684.6905781231915	0.0	1149.9950418836042	648.9334350615011	0.0	1169.584519563232	689.5608346766912	0.0	1172.350605364025	683.1485518573397	0.0	1162.2280216695412	634.6708364258379	0.0	992.5229654651174	487.6171851295993	0.0	933.2643348031033	452.6772752944488	0.0	951.8390775828923	487.3694177097747	0.0	997.6326310377453	509.1757492642008	0.0	994.7702258073044	587.9742623251598	0.0	977.3794794546845	656.5487339832607	0.0	1011.6719497229967	490.4993810755243	0.0	1034.378181495549	569.2032659992516	0.0	1010.038530179846	615.7279811217619	0.0
285	11.420430107526881	1094.0995842809884	583.4901532906058	0.0	1086.185588790965	585.5762008138028	0.0	1007.653173305416	603.5010214187669	0.0	1093.2851293824535	648.1165313694271	0.0	1044.4197323311591	672.9995935399977	0.0	1151.7446410957914	672.6716460792763	0.0	1150.0976230690258	629.3376094574678	0.0	1100.2243443018065	585.11776160742	0.0	1047.3799015974207	685.0038635033743	0.0	1150.2526192131	649.0566768662707	0.0	1168.7241560057523	689.311379378191	0.0	1171.9806813831988	683.4749964659349	0.0	1162.4235608762347	636.2507662735918	0.0	992.0080205450415	488.61576443486615	0.0	930.4531589452292	456.13402130916216	0.0	951.7575330662186	490.381339920456	0.0	997.9660087663027	503.4953337574011	0.0	995.2807066580999	584.6669695121341	0.0	980.0987276452383	652.3228013902258	0.0	1009.2710810301868	492.489149888561	0.0	1022.330042887583	574.9799276277855	0.0	998.4490714885433	632.9734413538332	0.0
286	11.460501792114696	1095.070800938281	583.5159507706045	0.0	1085.6750125810925	585.7217803520907	0.0	1010.5014559063914	596.7361127066206	0.0	1094.5926116045769	647.3807985980785	0.0	1042.8946960106548	671.9410885930995	0.0	1150.766827478739	670.8573343266569	0.0	1146.7443712703987	630.1496131898136	0.0	1100.8615581978809	586.4873219269341	0.0	1047.9667125685646	684.9926585318651	0.0	1150.9219495458503	648.9511775454846	0.0	1168.0773199152432	689.0437417725944	0.0	1172.0287775231225	683.6547194992716	0.0	1162.410860558471	637.831746846098	0.0	991.1651232096597	489.4230671524881	0.0	927.2483974141106	459.9907328563204	0.0	951.5829807500274	493.6288970857308	0.0	999.9686112164652	497.0049964296476	0.0	996.4368347630871	580.7789378796823	0.0	982.8970253717043	647.4496431105244	0.0	1006.9949193936616	495.7649723674341	0.0	1010.0105449670724	578.755467031853	0.0	990.9041498221868	648.2812335376411	0.0
287	11.50057347670251	1094.5782212611364	582.7927624525613	0.0	1082.202380793471	584.1753803321187	0.0	1007.903997719142	592.127167333596	0.0	1094.6464490888038	647.0253796945435	0.0	1044.3280775585088	669.8860105329113	0.0	1144.3539754858323	667.5642018517364	0.0	1138.497560537678	630.2387606039657	0.0	1101.4715040373642	587.0523055956336	0.0	1048.3366016282873	684.7704933847826	0.0	1151.3157455009896	648.7537162440382	0.0	1167.3068559746184	689.25882100536	0.0	1172.0664135815182	683.43493417083	0.0	1161.4911169308448	637.6631887703114	0.0	990.1777505508244	490.2104793254258	0.0	925.1344312415523	463.52422048563045	0.0	950.9595340329561	496.441195846175	0.0	1002.5896843414075	492.78899406540245	0.0	997.4756762352239	578.4691115407961	0.0	983.1204216382873	644.9804928839942	0.0	1005.2298477950767	499.38991128369724	0.0	1001.2163859359116	581.1024239294875	0.0	985.0922895946735	653.0521237941964	0.0
288	11.540645161290323	1092.869888473934	581.9994781993996	0.0	1079.8334993052254	582.1843205177164	0.0	1002.6433190841001	591.8061420378144	0.0	1091.6494113053004	649.3799384798963	0.0	1044.2691489737158	670.3509875082178	0.0	1127.1063642825338	663.2310790443826	0.0	1131.8622096823408	630.9058975543501	0.0	1101.3505902190846	586.8257959116188	0.0	1048.0624135331598	684.8899654151287	0.0	1151.1854989658332	648.3095554562567	0.0	1166.4910442510193	689.2339021532125	0.0	1171.9475100314355	682.6647393822609	0.0	1160.5406728911325	636.7517061620105	0.0	989.0190970655567	490.9957453482554	0.0	923.4655037670207	466.2086197491989	0.0	949.8650422346514	498.64541777081763	0.0	1003.8875881517636	491.3534947052633	0.0	996.9497935303707	577.6458316946163	0.0	980.2674103646386	645.0851134508774	0.0	1003.6967578060148	501.9404063646456	0.0	996.0674631412801	582.3618653445716	0.0	979.7238803954388	652.5533678033228	0.0
289	11.580716845878136	1091.1376412027626	581.4353506593785	0.0	1079.1989997012374	581.746019511743	0.0	998.6703258174291	592.6091673901356	0.0	1087.6973952423468	653.8262942154506	0.0	1039.6127862464434	673.8556191608213	0.0	1098.1421507770888	659.2619498775587	0.0	1131.4156750094735	631.8934534717466	0.0	1100.2487092071065	586.7099829489491	0.0	1048.040624132053	685.3953555208273	0.0	1151.0312567125266	647.7450630561675	0.0	1165.6571968681594	687.9645002246764	0.0	1171.6584124582098	681.6200480085766	0.0	1160.356260836783	636.5684616143079	0.0	987.3625522646095	492.10493878207103	0.0	920.9177536428883	468.7558337702289	0.0	948.4409108417046	501.19529112957156	0.0	1003.3589747228701	491.9833236185061	0.0	994.6366021082728	577.50599734188	0.0	976.3560343314123	645.907510503572	0.0	1001.7821273055624	503.5131669540815	0.0	992.4876278643495	583.0898865815929	0.0	974.5568132812978	653.3025489109399	0.0
290	11.62078853046595	1089.9970855109573	581.0768165508898	0.0	1078.175699773004	582.2872906368021	0.0	995.6885810042338	593.4848703771781	0.0	1086.0849589986685	656.4675758703689	0.0	1034.6467633230297	677.1767921143987	0.0	1059.2707113405952	656.0802538411081	0.0	1133.2388448639708	631.459710634164	0.0	1099.1813187201813	586.9476742074323	0.0	1048.6244439081102	685.5922672785453	0.0	1150.8350616709383	647.5102972430964	0.0	1165.391189962134	686.6357429476446	0.0	1171.61462353325	680.9120568765666	0.0	1160.2778868738783	636.7778804111916	0.0	985.4683445807602	493.7640806620385	0.0	918.3996047687519	471.3867823357109	0.0	946.6173379420297	504.02553518989396	0.0	1001.7572728820571	493.51042610226716	0.0	991.7751199113518	578.3965533765	0.0	973.1843153587924	646.6479285040709	0.0	999.4956013300346	505.0424544348424	0.0	989.7132632111689	583.8466633695875	0.0	970.7333634776336	654.801249587786	0.0
291	11.660860215053763	1089.556443974677	580.8598652944726	0.0	1076.972669382953	581.8688237656346	0.0	992.4799865659439	595.3804295677367	0.0	1086.1291602434976	656.4999018333626	0.0	1032.9549998505565	675.9697098904978	0.0	1009.8316328346489	652.9682970782852	0.0	1133.0006393000301	629.111875102179	0.0	1098.952864014391	586.8147126091176	0.0	1048.748698718746	685.2663298979834	0.0	1150.4532248426979	647.8694025959024	0.0	1166.1841477215562	686.5569689309657	0.0	1171.9498656246267	680.7812427188596	0.0	1160.033434958129	636.6456240344394	0.0	983.9802781539664	495.6656868518447	0.0	917.3484106910032	473.3551048924823	0.0	944.7386867309228	505.82039414267524	0.0	999.9724551062211	494.72542356825966	0.0	989.41336200381	580.2549047136592	0.0	971.0947937938965	647.375638713806	0.0	997.3319351990693	506.75736915848734	0.0	987.5369714435574	584.6675012813473	0.0	968.8453088097478	655.2280139940199	0.0
292	11.700931899641578	1089.6656318721384	580.4786377419047	0.0	1076.9326195682584	580.5733901901581	0.0	990.3665834217499	596.9904245576624	0.0	1086.743200081188	656.2427447272444	0.0	1032.9108589340565	667.8818241983604	0.0	974.6911614776884	649.7807603118193	0.0	1132.0898851028483	626.9031571290543	0.0	1098.797501166911	586.023163788102	0.0	1048.1845188997809	685.2098479997821	0.0	1150.230450883083	648.507622649902	0.0	1167.2447694039251	687.1173087968741	0.0	1172.0656256447503	681.0077961840159	0.0	1159.8991766667739	636.3849721268366	0.0	982.6055797318304	497.42627716260534	0.0	916.529658734764	474.9647196140867	0.0	943.0690642883039	506.91856513117557	0.0	998.7253914401952	495.47701823658144	0.0	987.8366250797487	581.9560263516546	0.0	969.8334477517204	647.985992788756	0.0	995.2991423714318	508.4535841488754	0.0	985.4201583291259	585.5841851819104	0.0	967.4854419098847	655.5091563410627	0.0
293	11.741003584229391	1089.6412364171974	579.8082488150264	0.0	1077.6255483175814	580.1583888326959	0.0	990.4728235394583	597.3099467299237	0.0	1088.65161862166	655.6127788735714	0.0	1031.530049072613	657.220549029298	0.0	1006.5370899514518	647.6559946006358	0.0	1133.4471858441643	626.8906632520111	0.0	1097.8624852446032	585.306680838151	0.0	1048.0031921249295	685.9696373461302	0.0	1150.2126546142797	648.8538000487831	0.0	1167.702220467553	687.5496932882654	0.0	1171.8447243340247	681.2730804040634	0.0	1159.5104732119776	636.1588418326747	0.0	980.6223802865013	498.8318780189623	0.0	914.1353236004179	477.2196861804036	0.0	941.0368917792528	508.86121179956444	0.0	998.0611420581592	496.30496432660357	0.0	987.0795472559637	582.7760708980504	0.0	969.2337693058881	648.4905235606695	0.0	993.1189804329101	510.01865526274696	0.0	983.4470484810573	586.8501699881989	0.0	965.5395474634906	656.7284121104841	0.0
294	11.781075268817204	1089.1783425851431	579.1515647570995	0.0	1077.946989854012	580.6661958392549	0.0	991.3613448357113	597.0285686181376	0.0	1091.0086757333806	653.3441946727243	0.0	1028.6961056290843	651.0655365978495	0.0	1094.4639509838064	647.2561895204508	0.0	1136.7833307103213	627.7063033120106	0.0	1096.7647865194858	585.116366781897	0.0	1048.4580178646008	686.8505595786695	0.0	1150.1466030496667	648.8172066468179	0.0	1167.772880063942	687.8664033569685	0.0	1171.878714129754	681.2895286707238	0.0	1158.8175830930602	635.804977123638	0.0	978.6129498114477	499.82557409079857	0.0	911.6114886437194	479.5835752596854	0.0	938.9784722345898	511.25437066753875	0.0	997.2258042545084	497.19727001903846	0.0	986.6187814163538	583.4158782062835	0.0	969.1585029508346	649.0846527323232	0.0	991.1132085695288	511.3793166173852	0.0	982.1597793792959	588.2537509087157	0.0	963.5543692802755	658.2128630774512	0.0
295	11.821146953405018	1088.6959555516642	578.7610693988619	0.0	1077.8247046794745	580.3859434822264	0.0	991.1228763189654	596.7277387435911	0.0	1091.716805947578	651.0066180469454	0.0	1026.8981006734616	650.1846085040265	0.0	1154.3536020208544	647.664597194403	0.0	1138.496939803454	626.7208620686536	0.0	1096.2956199746952	585.0285925495756	0.0	1048.6761887194734	687.0155893286495	0.0	1150.0729825261883	648.7360030829367	0.0	1167.7445570344935	688.2048099136077	0.0	1172.1683100104779	681.1974576472312	0.0	1158.4147797837898	635.4873509646951	0.0	977.5699827773553	500.6246159753737	0.0	911.0618193226205	480.88146627984736	0.0	938.2615143351362	512.6891161261094	0.0	995.6498997069594	497.6506515496658	0.0	985.6799558824544	584.9135341878152	0.0	969.1677164870177	649.8339970500901	0.0	989.7636298892836	512.5859975330815	0.0	981.3658139287807	589.5865269275	0.0	962.2959686831332	659.1880846410583	0.0
296	11.861218637992831	1088.4606122662094	578.5508076466436	0.0	1077.7809938404812	579.180784056466	0.0	990.2113608771417	596.4189678989128	0.0	1090.8515520021297	650.1579565190182	0.0	1027.1166246120818	650.7087390760964	0.0	1148.1329620838906	648.1432285040764	0.0	1136.8964528049833	624.5657582064409	0.0	1095.9172544525532	584.766670276256	0.0	1048.3785208566244	686.68162256083	0.0	1150.1756654937517	648.5974088968767	0.0	1167.7564962560482	688.4853901663149	0.0	1172.3144370584243	681.1615726834491	0.0	1158.5301518668725	635.042094772086	0.0	976.8179047467963	501.67501512101876	0.0	910.9611090505016	481.9072940370352	0.0	938.4102329326913	513.5848870018344	0.0	993.8917063470999	497.77107440005716	0.0	984.7546608488476	586.5152792435465	0.0	968.9169193112637	650.5415923143172	0.0	988.723821560463	513.7468188893954	0.0	980.4492549182928	590.8780078010584	0.0	961.6560779767275	660.2823825535678	0.0
297	11.901290322580646	1088.368651742377	578.4548066335075	0.0	1078.076432048435	578.6684586879942	0.0	990.1391447794931	596.0834137905356	0.0	1090.0517615739705	649.4471438931419	0.0	1027.4204852290768	650.6086861702256	0.0	1101.6094265874697	648.7248138013999	0.0	1135.4475663463315	623.672446020618	0.0	1094.9683509056727	584.6555787580155	0.0	1048.0975527946284	686.6093737662934	0.0	1150.3952249735144	648.138084810136	0.0	1168.2042282734415	688.2735877597986	0.0	1172.3823142551946	680.5186694660713	0.0	1158.895101039364	634.1661758354128	0.0	975.3912966448527	503.07991027748	0.0	909.0563703216714	483.90370636673106	0.0	937.5609551043767	515.0102748229591	0.0	992.9428127295735	498.15932352629557	0.0	984.8198091027703	586.8442739558556	0.0	968.9157790634356	650.9213507997897	0.0	987.351951952696	514.9919700778946	0.0	979.3623053389592	591.7588152424102	0.0	961.0213757007419	662.1615665869467	0.0
298	11.94136200716846	1088.405085581053	578.4028912851757	0.0	1078.448042040025	579.1297881691662	0.0	990.67261238655	595.8868498970078	0.0	1089.9252582077079	647.5652284749771	0.0	1026.3882604488076	650.2426517836839	0.0	1049.2399997956438	649.1168443007198	0.0	1136.8859406453064	624.408113833159	0.0	1094.036127400912	584.8297353884129	0.0	1048.040549229652	686.9236422177154	0.0	1150.4742863641538	647.6557611403632	0.0	1168.9019353877384	687.4409609982629	0.0	1172.3786501196687	679.1729848201537	0.0	1159.0259518496555	633.4534200967174	0.0	974.0335139146703	504.31013291772297	0.0	906.7355094272352	485.77439820065274	0.0	935.8718376709066	516.5215735336479	0.0	992.621813872524	498.8715057554764	0.0	985.3836247254637	586.5220555433023	0.0	969.6333495862373	651.1645372594953	0.0	985.7353708000476	516.4240752009616	0.0	978.2139255453867	592.3963976049606	0.0	960.0018053414092	663.746849551317	0.0
299	11.981433691756273	1088.703392320094	577.9834504769212	0.0	1078.6541849610858	579.035696529078	0.0	990.9063974840274	595.8179015603278	0.0	1090.1439172469788	645.4928176114063	0.0	1025.2689756462617	650.3462793813226	0.0	1021.4534454356497	649.4394390721375	0.0	1138.9634208195562	624.6775949666794	0.0	1093.7822938830511	584.7471221327359	0.0	1048.0145069071086	686.9307618728084	0.0	1150.346150658366	647.5686733163573	0.0	1169.1779905416806	686.8046992403762	0.0	1172.0480235124876	678.493375711312	0.0	1158.671990292159	633.3554321016923	0.0	973.4094720350914	505.0390968540893	0.0	906.0432948212659	486.24423648420066	0.0	934.8748079852651	517.4871939209119	0.0	991.9023468648518	499.58311168556673	0.0	985.5103987671487	586.7102132507296	0.0	970.4026786522461	651.7011680356133	0.0	984.3423675929632	517.6809289075225	0.0	976.7453453090484	593.5258452206133	0.0	958.8432613016364	663.7698125336606	0.0
300	12.021505376344086	1088.921963195647	577.1697564507679	0.0	1079.0298138047672	577.9267969306443	0.0	990.9375900018331	595.0408220793897	0.0	1090.4360894400843	644.6524745266416	0.0	1025.0452323587872	650.9278176392777	0.0	1021.0812924967702	650.133565062395	0.0	1139.5379229039322	621.948837216934	0.0	1093.6717720909103	584.0253675669463	0.0	1047.9549902003164	686.5897554459813	0.0	1150.0693035643476	647.589964819635	0.0	1169.0275947508344	686.707525291039	0.0	1171.603487255377	678.6409595782974	0.0	1158.1963587388768	633.3556552239177	0.0	972.5713639338053	505.50804999445916	0.0	905.4874350259074	486.3100909205614	0.0	934.1940673303891	518.3116197578233	0.0	990.5722823423449	500.09559291632615	0.0	985.1410447026202	587.072743506951	0.0	970.4789419205536	652.309741630388	0.0	983.0962250782438	518.1805645218869	0.0	975.3045490055499	594.6052540482116	0.0	958.301541407507	663.1984442229823	0.0
301	12.0615770609319	1088.5077216453649	576.6193065290624	0.0	1079.9022158372868	577.1698519540606	0.0	991.0281261573878	592.5947897556334	0.0	1090.631893196024	644.7747814229579	0.0	1024.257599618231	651.4480131110026	0.0	1024.3639764554102	650.8034024400822	0.0	1139.3554199329585	617.3601480485747	0.0	1092.9356574037874	583.2922678597835	0.0	1047.9464167220285	686.7249258310043	0.0	1149.6117576685656	647.4686273625148	0.0	1168.8571577313671	686.4784989803854	0.0	1171.411920617757	678.2827832808773	0.0	1157.9677204706388	633.1315653679258	0.0	970.9328003556722	505.9787952033073	0.0	903.2560841608796	487.03349018521834	0.0	932.583614821622	519.2401434944937	0.0	989.3135800850155	500.2747119933431	0.0	984.4697433287924	587.0277409427749	0.0	969.8436998248369	652.6442934009193	0.0	981.5397066245906	518.2008558660818	0.0	974.6118727782584	594.8133639580138	0.0	958.6526746173429	663.8972585950454	0.0
302	12.101648745519713	1087.9250280217325	576.4766643852863	0.0	1080.6127062311257	577.2771024609739	0.0	991.0452417386396	590.4760925367617	0.0	1090.634245416596	644.8541499676419	0.0	1022.3543193712499	651.6875776996708	0.0	1019.2039618481538	651.213959654157	0.0	1139.0473746937205	615.1179878154436	0.0	1091.9034935469385	583.332033884285	0.0	1048.0186759363837	687.2283311277457	0.0	1149.2270113576596	647.5366989101014	0.0	1168.5811488693353	686.3839652754605	0.0	1171.319672248206	677.6635462575931	0.0	1157.9289807796683	633.0158330342729	0.0	969.5431661791235	506.4940639398555	0.0	901.110002678166	487.81998575704597	0.0	930.7855969932014	519.8449488865019	0.0	988.5932804723968	500.2146874198211	0.0	983.7084329432681	586.865284536415	0.0	969.1745240438297	653.1841729047976	0.0	979.7728452275562	518.5018188169493	0.0	974.2483332010574	594.9065652813431	0.0	959.1405993220918	665.6749152927332	0.0
303	12.141720430107528	1087.9672287235492	576.2525093222395	0.0	1080.0048198572497	577.1671825885726	0.0	990.8827151157794	591.9054203184583	0.0	1090.5137818141848	644.634160131491	0.0	1021.4029081472099	651.6613889249235	0.0	1019.8780366235535	651.5772937316686	0.0	1138.6664543431189	615.496022077567	0.0	1091.500632487294	583.8294821534612	0.0	1048.0870552871297	687.3260079244635	0.0	1149.2663872366973	647.8947095467548	0.0	1168.0101920543088	687.0086965122579	0.0	1171.1284210413087	677.6864032662636	0.0	1157.9942054428045	633.1863280492538	0.0	968.9950496467939	506.8640700737454	0.0	900.8351412722044	488.1858457084842	0.0	930.0354756592344	519.972737185876	0.0	988.026137213061	500.17197917540295	0.0	983.0158173806146	587.1161524993213	0.0	969.4723648007257	654.5227852870179	0.0	978.4699838450338	518.8705662070806	0.0	973.5853088777443	595.5943399818357	0.0	959.1059223005075	666.9281260514542	0.0
304	12.181792114695341	1087.9006124428	575.8875538088212	0.0	1078.28366546786	576.6771641828894	0.0	990.4184753974328	595.2634770486596	0.0	1090.2513401913811	644.280907901536	0.0	1021.7962319273427	651.7618582369613	0.0	1049.5618493728743	651.69431595065	0.0	1138.2649308981104	615.4941183322258	0.0	1091.702847867793	583.9215592466844	0.0	1048.1266455447683	687.1560710573958	0.0	1149.5943358900806	648.111856133272	0.0	1167.5518616095603	687.5554613142122	0.0	1171.0473716194078	677.9439395023469	0.0	1158.1420561428768	633.3797085519946	0.0	968.1351295955167	506.8938896191157	0.0	900.5215076803736	488.74519053660373	0.0	929.573590487008	520.1475086535552	0.0	986.7886360669047	500.2762804441828	0.0	982.1350066906173	587.6302204954545	0.0	969.8329201531717	655.5893759457018	0.0	977.734226918297	518.7105762192849	0.0	972.9367823861817	596.269322354744	0.0	958.7661840381776	667.1741358233412	0.0
305	12.221863799283154	1086.58021870648	575.6625410504693	0.0	1076.6864821226573	576.8564157092417	0.0	989.3369288471583	597.8736459975144	0.0	1090.027486747914	644.2048692478297	0.0	1020.7621271904704	652.8099601947506	0.0	1101.001120635773	651.7673641043051	0.0	1137.499334498615	614.6416109039066	0.0	1091.4935318447872	583.525731873149	0.0	1048.1769778309306	687.2024303895878	0.0	1149.9448661314696	647.9606268003345	0.0	1167.594920835858	687.5633013833327	0.0	1171.3102117402582	678.1798108354433	0.0	1158.245992528833	633.4471435923233	0.0	966.4406570979261	506.6802850882329	0.0	898.262553715582	489.81708318580445	0.0	928.3056324095974	520.8867100247991	0.0	985.0689273490696	500.49386932244954	0.0	980.9630767635306	587.5448206104265	0.0	968.2971967515452	654.740065501571	0.0	976.9691315017291	518.3404446829406	0.0	972.3866824151467	596.4288684809578	0.0	958.529527298385	666.9349820830693	0.0
306	12.261935483870968	1085.070174809886	575.476942387289	0.0	1075.6650928207519	577.2370491871651	0.0	987.7429197056018	600.7973688672372	0.0	1090.3607776478254	644.719434631162	0.0	1017.6550172000357	654.1732717693179	0.0	1138.5669643135964	652.023012383439	0.0	1136.7655673036902	614.0168684590369	0.0	1090.548833785726	583.1990493071748	0.0	1048.0953457631317	687.2756601727338	0.0	1150.2362881586366	647.7259161682304	0.0	1167.5505217627237	687.4890878595342	0.0	1171.457364887557	678.6178429292834	0.0	1158.203140471508	633.5164021417067	0.0	965.3543787040342	506.54186633589774	0.0	895.9750878803618	491.03850829967394	0.0	927.0833439974612	522.0993379823128	0.0	984.2754639024188	500.4389131774876	0.0	980.0632630586961	587.0753732519564	0.0	965.9470193403686	653.4815577734751	0.0	976.1796273093121	518.193501274158	0.0	971.382416367224	596.3515408253888	0.0	958.2143578650018	666.6188058279629	0.0
307	12.30200716845878	1085.057520620135	575.1252274267295	0.0	1074.6457398366765	576.4989380266748	0.0	986.4650836890195	603.5008776180573	0.0	1090.8096455761038	645.1871265355999	0.0	1015.4732439343409	654.3600857904938	0.0	1149.0883324693536	651.6495266739712	0.0	1136.7082718769757	613.5081043554915	0.0	1089.7683807129915	583.1271093732976	0.0	1047.7629437352125	687.1199030643354	0.0	1150.3909857225397	647.6013097268478	0.0	1166.9628369316342	687.4088428823663	0.0	1171.0865745003173	679.166969127816	0.0	1158.079822733378	633.5113642098565	0.0	965.6140130297588	506.79153071994165	0.0	895.8683358424302	492.3550076658755	0.0	926.9919664808473	523.3726218227573	0.0	984.6112539016292	499.9164283936622	0.0	979.7542556327279	587.8286886586862	0.0	965.2932870919706	654.6765863195927	0.0	975.9116211853225	518.0649170099681	0.0	970.0633039286963	596.3288415924463	0.0	957.2422793239257	666.768280180782	0.0
308	12.342078853046596	1085.7243843860435	574.9600617695995	0.0	1073.3392123260116	575.6294310461947	0.0	986.1060173618253	603.9706375218925	0.0	1090.4910295869843	644.9698233191482	0.0	1015.4855150562622	653.7946574489956	0.0	1147.728286893388	650.8688771132117	0.0	1136.8887220721563	612.1180493925415	0.0	1089.7740332560888	583.0996566076046	0.0	1047.4468130637392	686.95644546868	0.0	1150.409394547789	647.4785847629869	0.0	1166.8926012408783	687.3904698687834	0.0	1170.8972738864957	679.530866347367	0.0	1157.984743353827	633.3240583025557	0.0	965.8446448998615	507.34343608496295	0.0	896.4734363227923	493.75640506352585	0.0	927.2611301451511	524.570554741232	0.0	984.5282591320412	499.547780908463	0.0	979.612991163052	589.3562539049635	0.0	966.1394998426766	657.3552307156976	0.0	975.9626290725402	517.8656721974336	0.0	969.3943691039249	596.377392123778	0.0	955.7692388358164	667.6599087681111	0.0
309	12.38215053763441	1085.800136485647	575.4198744896053	0.0	1073.1328031850953	576.2096636359754	0.0	986.3635760771107	603.2851920143646	0.0	1089.9897930230068	644.9167026546858	0.0	1015.843195972401	653.9179916536265	0.0	1146.627799216978	651.351999271538	0.0	1137.0653179508095	610.5697195933978	0.0	1090.1799092566707	583.1667089519534	0.0	1047.382931921361	686.9719061785232	0.0	1150.2697847124027	647.3636321916883	0.0	1167.9203827398258	687.5321044276766	0.0	1171.2332683505995	679.5047821616964	0.0	1157.9278358148688	633.2896271242046	0.0	965.2118078042695	507.73607297099295	0.0	895.8246772139664	494.8509830802053	0.0	927.147425339409	525.7727881777901	0.0	983.7121959468229	499.60219453306377	0.0	979.4163775391937	589.2415276433667	0.0	966.5764456975551	658.6820062967402	0.0	975.6042528062394	517.7915529441915	0.0	969.452976929406	596.4717832184608	0.0	954.808959328061	668.4669996472256	0.0
310	12.422222222222222	1086.097313285305	576.1365348506172	0.0	1074.2034550226595	577.2337730856842	0.0	986.5716448638088	603.1452933675198	0.0	1090.1902046499808	646.0769746057267	0.0	1015.5552190188671	655.0120812262705	0.0	1147.2375573865443	653.0931739124807	0.0	1137.3472599827728	612.0189556275557	0.0	1090.7660154492328	583.511375742499	0.0	1047.393406393787	687.0937280200064	0.0	1150.0198552159038	647.3407331594143	0.0	1168.6867381463314	687.6916543613816	0.0	1171.5391269897452	679.6092623921115	0.0	1158.0409932135044	633.529729387143	0.0	964.9730227653943	507.8376276127733	0.0	895.366167809175	495.35220889457855	0.0	927.5276186861008	526.6549013543213	0.0	983.49663524368	499.59952962153096	0.0	979.2831581913199	587.7491780677474	0.0	965.8899423659532	658.6186789904157	0.0	975.0137629639269	517.7940317971995	0.0	969.4076166178122	596.5769092472481	0.0	954.8019579487441	668.4538737214432	0.0
311	12.462293906810036	1087.248342043032	576.3787282704793	0.0	1073.7622177083297	577.0091592193139	0.0	986.4855305229217	603.484299352333	0.0	1090.603201392818	647.7981907932242	0.0	1015.6197536948254	655.8571647523532	0.0	1147.9985160864092	654.3575594579033	0.0	1137.7711665967186	615.5421293107668	0.0	1091.9258823322716	583.6994660315546	0.0	1047.2827158916734	687.1775478157114	0.0	1150.0895714566825	647.4095266446786	0.0	1168.4148678052902	687.8152121740538	0.0	1171.726620643095	680.2459832671755	0.0	1158.5571637697085	633.567520745703	0.0	966.1213452699644	507.83524985986304	0.0	896.7689547454623	495.01779734346877	0.0	928.7146744550736	526.5933324202031	0.0	984.0701770506269	499.576539982144	0.0	979.1106553587191	587.2285038288912	0.0	965.0770583762275	658.3763865788771	0.0	975.2570525545015	517.6765497207026	0.0	969.3785145896229	596.602263375848	0.0	955.1621447308293	667.9914351927348	0.0
312	12.502365591397849	1088.4031062019903	576.0360769368984	0.0	1071.8055682451534	575.9418012954487	0.0	986.4361693521697	603.3999134587975	0.0	1090.4813794121635	649.0022528393249	0.0	1016.4678323109924	655.4067878113365	0.0	1148.8212211376688	654.4608651448603	0.0	1138.9638933018293	615.1845936566821	0.0	1093.528606943035	583.2978778727448	0.0	1047.1368928463173	687.0868734094182	0.0	1150.5325593766843	647.6156946144198	0.0	1168.1851813415067	687.8679253618326	0.0	1172.110013653335	680.7139832784484	0.0	1159.2408780094142	633.2227451087774	0.0	967.4946526132596	507.6583126240341	0.0	898.2565371763687	493.9864753180325	0.0	929.4563288304491	525.8223074525965	0.0	984.248441988251	499.71148530123526	0.0	978.8346465637038	587.9050683625517	0.0	964.9196996208082	657.7025552216918	0.0	976.4232183214488	517.5649279137224	0.0	969.9688396506036	596.5380358293417	0.0	955.3363241077045	667.685559228598	0.0
313	12.542437275985662	1089.0976235270589	575.6585012372725	0.0	1071.8088549940044	575.3490515993061	0.0	986.8299936212002	601.9720791592182	0.0	1090.2388110218897	649.9744188475006	0.0	1016.9132314297763	654.7677901945369	0.0	1150.1341743656576	654.2491244351697	0.0	1140.947149884025	612.6231296089215	0.0	1094.723852621494	583.157005668585	0.0	1047.1891765805117	686.8888715497569	0.0	1150.7617823234896	647.9214133156104	0.0	1168.5846620369741	687.9325178860305	0.0	1172.658550281415	680.6204834691061	0.0	1159.602868117473	632.9185737890799	0.0	967.8722395192383	507.2787184576712	0.0	898.1169732958094	493.2450540614117	0.0	929.3685462403323	525.3687056360212	0.0	983.9571990821	499.6383814991931	0.0	978.7086222401219	588.3171941208483	0.0	964.8169939866818	656.4171277250075	0.0	977.38876293283	517.7504635552061	0.0	970.7251390022989	596.6903304476153	0.0	955.4183502380286	667.7290623613371	0.0
314	12.582508960573477	1089.7807498667528	575.7569702428342	0.0	1073.88086344916	575.3821841794954	0.0	987.2760424873163	599.9395411844472	0.0	1090.8128814629752	650.9430594153582	0.0	1016.5608880800737	655.0887642055648	0.0	1151.353844555299	654.3919991945183	0.0	1142.5593983465196	615.7376012303931	0.0	1095.160134695429	584.0867532677157	0.0	1047.3259077939126	686.8900525141182	0.0	1150.7237445281994	648.1378645785466	0.0	1168.737164501759	688.0557832425865	0.0	1172.9458107375178	680.4451207727773	0.0	1159.6382562380413	633.0057152193529	0.0	968.1423677946356	507.0680541617957	0.0	898.0286819861878	493.30484484711246	0.0	929.8304429980744	525.3548012236087	0.0	984.5170576100248	499.28127901118717	0.0	978.9561166139664	588.1461004585595	0.0	964.5799984974738	655.5760554036143	0.0	977.899016285868	518.1726233118737	0.0	970.9249128228262	597.3468504302427	0.0	955.5337070768584	667.7692026215324	0.0
315	12.62258064516129	1090.7608651409257	576.1754328794323	0.0	1075.116785534703	575.5013741821357	0.0	986.9998624795534	599.121709962457	0.0	1091.614984560709	651.0413070097436	0.0	1017.0057166193227	655.1639735371332	0.0	1151.8420139115624	654.416563660683	0.0	1142.8834705517972	620.6803855516995	0.0	1095.402895034244	585.2137990241856	0.0	1047.0937408755212	687.2865297978434	0.0	1150.8898048755768	648.1857377659996	0.0	1168.3987086768102	688.0474852877257	0.0	1172.8816003036518	680.3986437087067	0.0	1159.6538697844107	633.3280539880778	0.0	969.2687347720506	507.2285473852237	0.0	899.5105001534473	493.470430153658	0.0	931.3798261912609	525.1877337279296	0.0	986.0676077163434	498.98381696941067	0.0	979.2872639619453	588.2187587842021	0.0	964.7887065151118	655.6335295211716	0.0	978.7033683621173	518.5488619462914	0.0	970.6550427862937	598.0405494012599	0.0	955.2888318118135	667.6343637726059	0.0
316	12.662652329749104	1091.752684969061	576.4017328997135	0.0	1075.2218996033612	575.4977907763783	0.0	986.5147238111158	598.4417581507871	0.0	1091.076680717279	650.3567535681108	0.0	1018.9180247001409	654.0689915749595	0.0	1151.7025796722867	653.764184340319	0.0	1142.188200097526	618.7067707669214	0.0	1095.9150431945427	585.6340817215769	0.0	1046.6460550556612	687.8497483285887	0.0	1151.103959839044	648.0979336517546	0.0	1168.3737591007093	687.9525979830826	0.0	1172.9875153712746	680.2568194802897	0.0	1159.7708837805558	633.5072673064695	0.0	970.3704330514817	507.57582246156846	0.0	901.0970987219168	493.27447791612417	0.0	932.5582063920679	525.1983037460932	0.0	987.1668691966158	499.076415592415	0.0	979.1792734807832	588.5918757812917	0.0	964.4740245326152	655.7542287211805	0.0	979.7277947545713	518.7691775964745	0.0	970.4518676996893	598.2291386712642	0.0	954.5582150170223	668.1532390598685	0.0
317	12.702724014336917	1092.4723659144156	576.3924745100123	0.0	1076.1817914708688	575.4158051791269	0.0	986.9190873956504	595.3641430435732	0.0	1089.7934992180553	649.7736769385357	0.0	1021.0796608809144	652.9963097453419	0.0	1151.5312834267215	652.8315639242282	0.0	1141.718486823158	614.019066333595	0.0	1096.501337154979	585.761563968866	0.0	1046.4863590985024	688.178259141838	0.0	1150.9138490320227	647.9341317375664	0.0	1168.5681762042798	688.02034254571	0.0	1173.1665163971816	680.0720584405823	0.0	1159.9206047931987	633.4550698493754	0.0	970.6789715395535	508.1374688940154	0.0	901.3883242305686	493.1669672696697	0.0	932.648599492275	525.9773153595577	0.0	987.3261985664285	499.68369176850604	0.0	978.5389728790336	588.7341540648251	0.0	962.3311574540883	655.4673670606206	0.0	980.3215650371963	519.0394305484265	0.0	970.7699691658431	598.389119611846	0.0	953.9785240552604	669.6551206295968	0.0
318	12.74279569892473	1093.1619789931028	576.6490619968483	0.0	1078.1974741407412	575.4846909035359	0.0	987.8300812800884	591.4792163962409	0.0	1089.7247652843962	648.9988033478278	0.0	1022.8018853549997	652.5731394525309	0.0	1151.580145769345	651.8400353528732	0.0	1141.9515397265272	613.7247908417728	0.0	1097.2990559747154	586.0024217187146	0.0	1046.508640388733	688.2054480446554	0.0	1150.7130482301357	647.7740934498929	0.0	1168.3993745040339	688.2274333837706	0.0	1172.741169664008	680.249667990387	0.0	1160.0972654239977	633.3965073399233	0.0	970.8386366162405	509.08057251752444	0.0	901.1173546382345	493.86014222559925	0.0	932.9117229447612	527.2169900482296	0.0	987.410711276991	500.49089333143814	0.0	977.5733818187998	589.1255166433604	0.0	959.6214708417217	655.3066169602848	0.0	980.7562868280945	519.4398429485308	0.0	971.544927515353	598.9598197417364	0.0	953.9087990079609	670.8643063187315	0.0
319	12.782867383512546	1093.8942612770081	577.4269808203835	0.0	1079.298664204351	575.991096378149	0.0	988.2647308176397	590.5069540544291	0.0	1090.573245676028	647.986580785292	0.0	1022.3960964504945	651.999808037202	0.0	1151.5931541562122	650.3804090680675	0.0	1142.024769050307	615.8699618384944	0.0	1098.7349753952756	586.1823280251331	0.0	1046.5478331574782	688.1690601696969	0.0	1150.9966814920544	647.6143124937662	0.0	1168.2802862138967	688.3197472600845	0.0	1172.0653174042143	680.5883205999423	0.0	1160.2939125993385	633.4806800181585	0.0	971.2568474434142	510.20972048052977	0.0	901.0509693060849	495.98777113040904	0.0	933.9533625799922	528.6859182596303	0.0	987.7052872623271	501.23205729133315	0.0	976.708696871378	590.3647490097834	0.0	958.3330203976038	655.6445245918294	0.0	981.6719755152453	519.4486505611812	0.0	972.1891099108389	599.2827216200265	0.0	953.9980288061467	670.7272457775448	0.0
320	12.822939068100359	1094.2502051208362	578.0923551922843	0.0	1078.5043853511763	576.9061438156307	0.0	988.3194151904147	592.3078316030902	0.0	1090.8887497432372	647.4879453706747	0.0	1017.1986074828594	651.3694044104113	0.0	1151.7392633900886	649.1146402801645	0.0	1141.9415733315998	616.2698449184171	0.0	1099.8698683203584	586.2877821682321	0.0	1046.7767983640542	688.2733618864665	0.0	1151.2298290865426	647.4500985630775	0.0	1168.3779126366417	688.1275823229032	0.0	1171.978178606737	680.2623234293419	0.0	1160.3060447654236	633.5806687937741	0.0	971.5051182430359	511.1718977033147	0.0	901.0157348966304	499.3454442158911	0.0	934.7816504948592	530.6562310840311	0.0	987.8621135277729	502.0339264117049	0.0	976.5394554744464	591.5773756012011	0.0	958.650029083663	656.1900016516647	0.0	982.7491355917537	518.9520858193254	0.0	972.5537876969403	599.0169543857158	0.0	953.952357969423	669.8772298402052	0.0
321	12.863010752688172	1094.1643873028588	578.0959393776449	0.0	1077.059607731293	577.9095801375375	0.0	988.4182875183988	593.98791086787	0.0	1091.3359494647602	647.2575152967147	0.0	1018.8522348326238	651.5182619681184	0.0	1152.649201955953	649.1918159844605	0.0	1142.8107710912022	614.3781987119249	0.0	1099.634853112587	586.4135817470483	0.0	1047.1940973774504	688.4441801811955	0.0	1150.8260872933736	647.3780589629914	0.0	1168.1564591302126	687.8252591143489	0.0	1172.2238199987482	679.373139272165	0.0	1159.9925331705397	633.6806196181235	0.0	971.5697256012991	511.7501257234111	0.0	900.9158085745762	502.2741067082526	0.0	935.0317012353855	532.6688231278031	0.0	987.9705517235484	502.91321796402906	0.0	976.963183167462	591.6651055206456	0.0	959.6560897649642	656.6174430037263	0.0	983.2634917621026	518.8251794022326	0.0	973.0028514319438	598.8881061948655	0.0	953.9851735471351	669.3247698119765	0.0
322	12.903082437275986	1094.0626699270074	577.9713447903795	0.0	1076.366863551343	578.5913438575066	0.0	988.1207663880082	594.4945032357801	0.0	1092.825485470658	646.6823391916722	0.0	1051.178693319253	652.0630888823674	0.0	1153.578595534928	649.7888492044243	0.0	1143.9721641441863	612.2232873823041	0.0	1099.1858581675895	586.5324844084598	0.0	1047.5996222696501	688.3234579331653	0.0	1150.095296243553	647.4105993899556	0.0	1167.607208523825	687.7417783798276	0.0	1172.2962816714353	679.158081692451	0.0	1159.4451901760885	633.9483960729342	0.0	971.9130068190786	511.94547256958185	0.0	900.8360170563586	503.3487801799397	0.0	935.3506930716628	533.7216067817224	0.0	988.0865069324861	503.4711179376758	0.0	977.1153428232334	591.2612295559219	0.0	960.3468122162822	656.8049967041851	0.0	983.2614596611626	519.2589252106648	0.0	973.4642768721712	598.9634857966691	0.0	954.5371967094652	668.8862874806174	0.0
323	12.943154121863799	1094.0834946254697	578.2160018356986	0.0	1076.3539213268878	578.6681557875502	0.0	986.7846246449733	594.9801560250266	0.0	1094.1502103478113	645.636386422434	0.0	1105.715884513373	651.7823782767764	0.0	1152.809155218755	649.152572486677	0.0	1143.2503509272312	611.0533887359817	0.0	1099.6068075313678	586.5816696227938	0.0	1047.7316729205993	687.8311880559733	0.0	1149.7555318814648	647.4252072171697	0.0	1166.8199701960978	687.9477834160522	0.0	1172.3732238783732	680.171638517752	0.0	1159.0338173869118	634.2471257150987	0.0	972.333992388614	511.97100356854656	0.0	900.6825473450114	503.09138442098447	0.0	935.5699765295647	533.7935698569925	0.0	987.8741744679423	503.2279751849087	0.0	976.556451851882	591.5984525371672	0.0	960.2084084041128	656.7955797353414	0.0	983.1413866134022	519.3306112056827	0.0	973.6283776379667	598.7189026012825	0.0	955.4046220027944	668.234611974818	0.0
324	12.983225806451612	1093.983842283037	578.5236678874987	0.0	1076.3376402474366	578.4003750325007	0.0	985.3165720562358	595.9749981638462	0.0	1094.3698415882545	644.2369923574948	0.0	1141.9738235021362	650.5748357749251	0.0	1150.8131637121376	647.662063066694	0.0	1140.8768938753738	610.0250643418351	0.0	1099.6126325293856	586.3807586906205	0.0	1047.4496776876174	687.4354973904597	0.0	1149.9824895606569	647.3921878534779	0.0	1166.0288011919943	688.2377541327751	0.0	1172.3985909430253	681.102908103772	0.0	1159.0153118267303	634.3699023028423	0.0	972.0048581428246	511.9262556406295	0.0	900.3858016214032	502.8548302867372	0.0	935.0643014849694	533.6432825056063	0.0	987.306675184397	502.5653441342173	0.0	975.8255220238609	592.0324849132876	0.0	959.7163981866684	656.7350389069209	0.0	982.8126396232635	518.8749829885587	0.0	973.6791584956093	598.6332707613283	0.0	955.6861162462554	668.1425232170303	0.0
325	13.023297491039427	1093.6584293883316	578.4862571413572	0.0	1076.267452267017	578.4051965051178	0.0	985.2218171736617	596.1529429750283	0.0	1094.093737980445	643.1923902912258	0.0	1147.8115680032856	649.6929840049662	0.0	1149.8550995671123	647.1220968637604	0.0	1139.4517323609039	609.3049428296474	0.0	1098.3146320583787	585.9477858439445	0.0	1047.0711072958165	687.4841986782765	0.0	1150.0495697324793	647.3597576032945	0.0	1165.8958126741995	688.3179640068147	0.0	1172.1604707193142	680.646554174192	0.0	1158.8833748798952	634.3768027413682	0.0	970.8870187939121	511.7649397649551	0.0	900.1617113773293	503.1319892492739	0.0	934.397756197146	533.6312939462761	0.0	986.8603485883993	502.50208334448376	0.0	975.5638665431711	591.2986424432503	0.0	959.6520511947042	656.648537204668	0.0	982.1690604872314	518.6919653739612	0.0	973.8543782500014	599.0427582133779	0.0	955.2283531377187	668.9831064176379	0.0
326	13.06336917562724	1093.1118682598149	578.2190187002213	0.0	1076.3312357237746	578.6916323054966	0.0	985.9736204816504	596.028436911655	0.0	1093.961297991531	643.0248090024157	0.0	1143.4142844087396	649.8868688889138	0.0	1150.2239589593846	647.6659332999615	0.0	1139.729222930147	609.9525688458057	0.0	1097.0367816045932	585.6438921333353	0.0	1046.883591243842	687.6863047038594	0.0	1149.610309185699	647.3100422354752	0.0	1166.1079054718707	688.2341689969041	0.0	1171.744861040312	679.8265345759343	0.0	1158.397292728453	634.3216409827139	0.0	969.8764657837673	511.60676835437556	0.0	900.0627997550805	503.49541633722686	0.0	934.0934021182265	533.6152223605571	0.0	986.7255715164092	502.9819814202953	0.0	975.5625032006842	590.39774357866	0.0	959.8928612370314	656.5658191590245	0.0	981.4544052366675	518.9720343224401	0.0	973.7716875420914	599.1468334923834	0.0	954.8659216800904	669.5753781768022	0.0
327	13.103440860215054	1092.4060623500247	578.2356972020546	0.0	1076.4317895226231	578.7540114790517	0.0	986.2168260255493	598.2989200738612	0.0	1094.005096429611	643.2082361734929	0.0	1141.1652399606273	650.5545299617598	0.0	1150.0952169493569	648.0233640753764	0.0	1139.9751858291895	611.1103641859647	0.0	1096.6677227902555	585.5267259389622	0.0	1046.6473188633279	687.5809665905417	0.0	1149.2963214615288	647.3515717255495	0.0	1166.005074195658	688.2859453365097	0.0	1171.1789897731317	680.062679578343	0.0	1158.206438117483	634.2311344656471	0.0	969.3076849369309	511.4934022399549	0.0	899.6113523592644	503.6101743540044	0.0	933.3592792902471	533.4698527303093	0.0	986.291688943064	503.18533057723494	0.0	975.3981108043386	590.8592760789315	0.0	959.8309332113778	656.5408006173797	0.0	980.7254632548654	519.2239874980326	0.0	973.0679601321997	598.5860255520614	0.0	954.9451148165208	669.0033398208564	0.0
328	13.143512544802867	1091.551247890793	578.4237563060221	0.0	1076.2832128301977	578.6474589756209	0.0	985.9749458472913	601.5286084669709	0.0	1093.8267040676144	643.0523253920727	0.0	1140.694045065885	650.933516324344	0.0	1149.1275192774892	647.8798278999625	0.0	1139.2131972696225	611.3463781565551	0.0	1096.1727392334233	585.3614044388873	0.0	1046.4087052471978	687.4335724581343	0.0	1149.3395673936184	647.6851542919412	0.0	1166.20146068254	688.2503900218084	0.0	1170.965673278299	680.6835576303024	0.0	1158.5091283715165	634.1897381981497	0.0	968.5864858486702	511.3411103730599	0.0	898.4976095820251	503.9697146943397	0.0	932.0102818031964	533.4762197071997	0.0	985.1036162872406	503.12175510784533	0.0	975.314184581529	591.4956429711727	0.0	959.625941520932	656.2038059077286	0.0	979.8195002020518	519.3976171341727	0.0	972.1566867696325	598.094831123642	0.0	955.0283979635456	668.1083827097717	0.0
329	13.18358422939068	1090.1300569828775	578.1500846480731	0.0	1075.1960891958436	578.6682945506543	0.0	985.634714404483	602.8508864334523	0.0	1092.9937709688727	642.5567613318897	0.0	1140.5141641027503	651.0588837701459	0.0	1148.56736723203	647.7922085834638	0.0	1138.003856232888	610.4350346466264	0.0	1094.7526892970084	585.1705658877045	0.0	1046.626402095744	687.876005225671	0.0	1149.3226384267514	648.0897204925957	0.0	1166.829719230291	687.9274279168441	0.0	1171.3849770914812	680.6906536781879	0.0	1158.719534056845	634.219962161176	0.0	967.3372558803028	511.41631350976854	0.0	897.1515916269959	504.88673257141784	0.0	931.0571204940088	533.9536377436538	0.0	983.7487499425854	503.19296784165897	0.0	975.4442436317596	590.5039998866162	0.0	959.679605693995	655.1899987711989	0.0	978.7288085092267	519.6769964110923	0.0	971.6729169903297	598.0979884686424	0.0	954.9460195732504	667.7304487217601	0.0
330	13.223655913978495	1088.2648639252966	577.5825896885272	0.0	1072.9858429895671	578.651683339888	0.0	984.8522906432084	604.3467213268744	0.0	1091.8305114193718	642.022478591957	0.0	1140.2057558638826	651.2203613286935	0.0	1148.3152698512774	647.8818741754835	0.0	1136.8515543209546	609.2156843150908	0.0	1093.220399960349	584.7950905756657	0.0	1047.0464323597557	688.5658519352323	0.0	1149.2155861490971	648.1337126814261	0.0	1166.7355067494652	688.097594892045	0.0	1171.4137880384699	680.3964709368609	0.0	1158.3018172879729	634.2743348362393	0.0	966.0505869238883	511.9136072499903	0.0	896.196539828889	505.57062015039685	0.0	930.760794556302	534.6059284468231	0.0	983.0010837866116	503.3551220225262	0.0	975.1824885067077	589.0108587887129	0.0	959.8665487172428	653.9795727209133	0.0	977.6944480402974	519.762820603491	0.0	971.4863986975445	597.829230057258	0.0	955.0842585632774	667.063854863267	0.0
331	13.263727598566309	1086.8132907873764	577.3245310927286	0.0	1070.5922942755737	578.5236241998232	0.0	983.5960491278393	608.1106672765221	0.0	1091.6175416852432	641.3676972649084	0.0	1139.7330866725965	651.2624829559882	0.0	1147.4730915648595	648.053634209662	0.0	1136.0139966904596	609.0514944002061	0.0	1092.3096031645393	583.8537841011953	0.0	1047.1633358723145	688.6102721940358	0.0	1149.4503527980753	647.966847703688	0.0	1166.1419222821996	689.0894123617358	0.0	1170.8241228646762	680.1974548161181	0.0	1157.6840929805376	634.3444750896426	0.0	965.082280847518	512.4209002952942	0.0	895.6026993576497	505.52208806578574	0.0	930.38901909344	534.9092691410018	0.0	982.5675814869528	503.4161895656914	0.0	974.2289715972009	589.0357665367593	0.0	959.9605521038291	653.2137526428178	0.0	976.8853854967383	519.5582548973364	0.0	970.9668073840146	596.8253429481101	0.0	955.5654575052305	665.4315292452853	0.0
332	13.303799283154122	1085.4016553927072	577.3539686122622	0.0	1068.5101322346009	578.4433341209264	0.0	982.8009395715119	612.4351071624963	0.0	1092.6948190774199	640.477072372414	0.0	1139.6523556549382	651.0295014747344	0.0	1146.414236556302	648.3345418366775	0.0	1135.569907891917	610.1616538449567	0.0	1091.398916546878	582.8208503059363	0.0	1047.179469212354	688.2173422002815	0.0	1150.1007660284079	647.9987523535884	0.0	1166.2582315477068	689.6147521167112	0.0	1170.762182901965	679.8937596514546	0.0	1158.0614462654175	634.5444951732177	0.0	963.7468294081496	512.5075879633606	0.0	894.7119875920224	505.5449948946962	0.0	929.4176525398796	534.8249032877741	0.0	981.4428501987761	503.3517723184632	0.0	973.2844576202924	590.0233657273591	0.0	959.7397364075271	652.861888889397	0.0	975.9995237248334	519.5036148253282	0.0	970.19350340144	596.065764489017	0.0	955.8969365367864	663.97805303479	0.0
333	13.343870967741935	1083.0705821429574	577.3670688593883	0.0	1066.6495571182172	578.4086590621532	0.0	982.8647981709549	615.3070780377803	0.0	1093.2852606997649	639.8060067863696	0.0	1140.2122266370923	650.8921590215134	0.0	1146.0755961442246	648.5925265144724	0.0	1135.122367379591	611.2250142417283	0.0	1089.9604378914282	582.4567070559322	0.0	1047.3649483976312	688.2946741658503	0.0	1150.5490236366788	648.0857910792686	0.0	1166.7840630119229	688.9299258676743	0.0	1171.2094958866146	679.376719728443	0.0	1159.3756552306331	634.9031119361823	0.0	961.6438675490613	512.3322628087819	0.0	893.2038213276907	506.46705893304687	0.0	928.0083286352314	534.7389995927014	0.0	979.5310127786345	503.3748461412863	0.0	972.8761514689639	590.3999697574408	0.0	959.096590018567	652.6498362278685	0.0	974.7525862840783	519.761307918001	0.0	969.6662522804124	596.4839614384745	0.0	955.6568203464676	664.0183090780372	0.0
334	13.383942652329749	1080.704928452926	577.3013717840988	0.0	1065.3428760518561	578.4291599888085	0.0	982.8632420997519	616.3483739585491	0.0	1092.4719483643025	639.8604958415541	0.0	1139.7638582276477	651.2134098669792	0.0	1146.2660031279588	649.0727861685809	0.0	1134.423711508498	611.4272433118988	0.0	1088.6155287992956	582.4050722427244	0.0	1047.6038319905929	688.8618671670139	0.0	1150.3227322548016	647.914120690817	0.0	1166.9876398293147	688.106255503056	0.0	1171.2204970363412	678.9873640647968	0.0	1160.242212964094	635.176076078945	0.0	959.8371305470853	512.3555040229024	0.0	891.6270195090281	507.7928321533717	0.0	926.7568483870532	534.9143902458867	0.0	977.9238849973552	503.6366041075514	0.0	972.4687259698359	590.3035706872688	0.0	958.3829622410258	652.5146523529642	0.0	973.4096485140171	520.0986119704532	0.0	969.1700969860567	597.6098350076256	0.0	955.0196240403986	664.8440265523419	0.0
335	13.424014336917564	1079.5162901803246	577.1488780468661	0.0	1064.5650666007277	578.5323499462929	0.0	981.9396143996914	616.5381473579962	0.0	1091.5835239897838	640.4405878088271	0.0	1136.8337888575231	651.785517418458	0.0	1145.875701436646	650.1060952235832	0.0	1133.6538172146263	611.4228008021017	0.0	1087.716634363999	582.1410150231511	0.0	1047.5921732401393	689.2597680955447	0.0	1149.702267897731	647.6174752735727	0.0	1167.0506148318218	687.8651973827523	0.0	1170.827199041818	679.0014217975938	0.0	1160.1636328745385	635.1738053306565	0.0	959.1228858345728	512.6578122419107	0.0	890.5695555532233	508.5303817486298	0.0	925.8531799719683	535.296874359871	0.0	977.1512092580706	503.9058032124069	0.0	971.7020117224765	590.44819666607	0.0	958.0467556756059	652.5215231243543	0.0	972.2683885958229	520.2422808576691	0.0	968.2343230105664	597.9400859762501	0.0	954.5060128167855	664.722948207057	0.0
336	13.464086021505377	1078.4083219853576	576.9196145374483	0.0	1063.3738676124244	578.5186188205743	0.0	980.304321194486	617.0907576220411	0.0	1091.258383680335	641.0324592447421	0.0	1134.0276917945687	652.3479058669451	0.0	1144.991537033867	651.1544044248519	0.0	1133.1361338491602	612.2520420064428	0.0	1086.5382093280268	581.9658104317108	0.0	1047.1986919233877	689.3206708102927	0.0	1149.1782806391193	647.410655432591	0.0	1167.072288916544	687.627246868427	0.0	1170.5046754737125	679.1188815583995	0.0	1159.6907103420272	634.9639955325672	0.0	958.3841850901549	512.9677002061122	0.0	889.8172800811674	509.1126630268601	0.0	924.72204660689	535.9151239515049	0.0	976.2611667233878	504.1979040282241	0.0	971.229722304165	590.6379533425956	0.0	957.8835124156135	652.5730805612499	0.0	971.1490199182388	520.1460640151994	0.0	967.0132740676964	596.917215337159	0.0	954.2338370829987	663.4772581829761	0.0
337	13.50415770609319	1076.23745863829	576.8099030301128	0.0	1061.3399556670822	578.4759435190899	0.0	978.9186039284514	618.1937092939386	0.0	1090.9881641590464	641.3953897432982	0.0	1134.3612068231491	652.94893066429	0.0	1144.637559488233	651.7398377896204	0.0	1132.9003397996294	613.9524884039928	0.0	1084.835650843613	582.0109913794848	0.0	1046.817056735967	689.4792311316187	0.0	1149.052568157738	647.2663333895016	0.0	1166.6916855109532	687.0417624551026	0.0	1170.4109375615121	678.9084891127554	0.0	1159.1293879732646	634.6851046824025	0.0	956.4880597843854	513.2692008893039	0.0	888.8323444186317	510.77892100022524	0.0	923.1749405158944	536.8133024777412	0.0	974.554032281316	504.8021121218054	0.0	971.3509935785071	590.6131943195285	0.0	957.3512601548969	652.4532588750944	0.0	969.7069055309667	520.1060819042765	0.0	965.8904358759482	595.8528397540872	0.0	953.8050102664297	662.2285891265574	0.0
338	13.544229390681004	1074.462217180486	576.8918755543483	0.0	1059.7402499733914	578.9120361894225	0.0	978.4926120728373	619.4569994306916	0.0	1090.8381424792879	641.4193245177263	0.0	1135.3067980658573	653.1446260180263	0.0	1143.1850277072726	652.0545464760833	0.0	1131.696018175815	615.3817711560251	0.0	1083.4991509657407	581.9674093460312	0.0	1046.7811511253635	689.8964547487286	0.0	1149.3791696675366	647.1206796639941	0.0	1166.0328540971104	686.4472549791951	0.0	1170.8447458663202	678.4151749744707	0.0	1158.4804540851424	634.4409125352563	0.0	954.3557507674618	513.6585170104851	0.0	887.553892043123	513.2496303345762	0.0	922.2308847923485	537.7204896451384	0.0	973.0004488291423	505.3178937854001	0.0	970.8874246602725	590.4424627497152	0.0	956.6499391410357	652.3559908254008	0.0	967.9751485597442	520.1921001142525	0.0	964.8087089614868	595.6829221395249	0.0	953.1442063695933	661.6213786792086	0.0
339	13.584301075268817	1074.1427934034914	576.9258105162717	0.0	1059.689503929496	579.5827622759492	0.0	978.7863138805387	620.6220232613125	0.0	1090.7468867262207	641.2987793408129	0.0	1133.4777860912673	652.4730394666092	0.0	1138.6453275552617	652.283269583555	0.0	1128.4817585226342	615.9681931852933	0.0	1082.930880164113	581.7385426469863	0.0	1046.880582199304	690.1205218708614	0.0	1149.8936979766486	646.9616534380204	0.0	1165.706549904137	686.0684328893848	0.0	1171.4612531613066	678.0546543770654	0.0	1158.1059226864245	634.2406559681687	0.0	953.152576092773	513.9237721013444	0.0	886.2716874383073	515.3231804434173	0.0	922.4292185084338	538.4499633605751	0.0	972.3421470837534	505.27817449069823	0.0	968.9380202298088	590.1881035504302	0.0	956.2530459666011	652.6896009603939	0.0	966.4513630893248	520.1682404093631	0.0	963.6603083135435	595.9754064084138	0.0	952.6362324133856	661.7986435816048	0.0
340	13.62437275985663	1073.57746216543	576.9020999993402	0.0	1059.598631795442	579.7997432479998	0.0	979.162041306374	621.8687838661941	0.0	1089.8490164587429	641.674610566869	0.0	1130.2526295798514	652.5432311807587	0.0	1134.4939697409	652.9038540432774	0.0	1124.9683956252074	616.3890733442406	0.0	1082.5085396505922	581.3617843794639	0.0	1047.037109523415	690.0762575010328	0.0	1150.5168892700112	646.8104252110764	0.0	1166.0345850504982	685.6094090557967	0.0	1171.1946582504627	677.9971534721244	0.0	1158.7073021125625	634.040982014432	0.0	952.2731795262207	513.9356619189996	0.0	885.1772276233579	516.8716847743999	0.0	922.2456635504469	539.0940992682581	0.0	971.349258475585	505.1074117143995	0.0	967.2640689006907	589.983540997335	0.0	955.9020330694473	653.3166265154441	0.0	965.5785115821338	520.1072130713094	0.0	962.9208879618793	595.9969100933113	0.0	952.5113899976019	662.4992779684999	0.0
341	13.664444444444445	1071.725858963054	577.0978686553465	0.0	1057.7228235806128	579.6841331181718	0.0	979.3126842573195	623.7636760267931	0.0	1088.3310257011358	642.5024737066358	0.0	1127.9734416390352	655.1496387824984	0.0	1133.9483656412804	654.4605054559727	0.0	1123.2514073567577	617.1483613741264	0.0	1081.9170093780226	580.913214308322	0.0	1047.4269575378546	690.271753020399	0.0	1151.3443847469773	646.7013825489211	0.0	1166.8669298893583	684.7582122468791	0.0	1170.3634838655844	677.9091739163717	0.0	1160.1606060394174	633.8860541522758	0.0	951.0320163283	513.8281612500573	0.0	884.3345752191435	518.4116609912717	0.0	920.5836889107857	539.7055242751346	0.0	968.928709331356	505.18004875098984	0.0	967.5986112860187	590.0595789912421	0.0	955.2840614088336	653.9969520400175	0.0	965.0295271666203	520.1638345581333	0.0	962.931497010127	595.32975360197	0.0	952.6030233100014	662.7960356936696	0.0
342	13.704516129032259	1070.3517301550844	577.3807170376522	0.0	1055.931946164764	579.2847652421647	0.0	979.1741030760106	625.8271830465856	0.0	1087.8487775872627	642.5006378637661	0.0	1126.6339256341876	658.3045873176848	0.0	1133.727656059038	655.7554290466267	0.0	1122.944097181347	617.9986995446347	0.0	1081.3891278145338	580.5716116641113	0.0	1047.8436751418903	690.5769250519286	0.0	1151.7985470866597	646.633555912205	0.0	1167.4637390988005	684.0058416043852	0.0	1170.0575759784915	677.6314792375588	0.0	1161.1881478885268	633.8199767212392	0.0	950.111009181184	513.8300704599777	0.0	883.5929564914543	520.0689231440053	0.0	919.2820041144704	540.4759756441576	0.0	966.5576897859645	505.04654731470873	0.0	968.0798642072434	590.5217324101052	0.0	954.6776921658984	654.6810405764539	0.0	964.0220029492704	520.2810838976661	0.0	962.8212421854485	594.5489052868685	0.0	952.4066330947628	662.1081832675353	0.0
343	13.744587813620072	1070.532877372415	577.3729104990381	0.0	1056.1276954046666	578.470546139016	0.0	978.7421802931995	626.6707080550116	0.0	1088.437912539188	641.43848971198	0.0	1125.8234840174562	659.1399542235113	0.0	1131.6356355179078	655.0425074718681	0.0	1122.671269530719	618.314858169143	0.0	1080.822606190904	580.4159562570776	0.0	1048.0318068947886	690.5679801719343	0.0	1151.43288716918	646.5893531942858	0.0	1167.4469788598024	683.9565332973134	0.0	1170.2040457618434	677.4416988873159	0.0	1161.2215871430203	633.6626407317692	0.0	949.7039701641415	514.3046087259999	0.0	882.6317277281574	521.6407576047338	0.0	919.7611218101745	541.5523626561758	0.0	966.1898960266408	504.56643373075303	0.0	967.0600765637444	591.0255946019182	0.0	954.264308885557	654.8505212754092	0.0	962.4770469920059	520.5295544405839	0.0	961.6077210254634	594.4958602790887	0.0	951.5266870323485	661.2539543589905	0.0
344	13.784659498207885	1070.645780693762	577.2063305589115	0.0	1056.5325201022538	578.0975744306477	0.0	978.0469815982141	626.2986927500642	0.0	1088.4129185934412	640.8257196626556	0.0	1124.9061714061572	658.3895000842122	0.0	1130.3243846845598	653.5387469597895	0.0	1121.6674227803626	617.8074098159069	0.0	1079.9564547292218	580.2656748212037	0.0	1048.0105555325813	690.6043991199815	0.0	1151.0668226886173	646.5690896838543	0.0	1167.4705942984137	684.2824587090363	0.0	1170.3840440054448	677.408473919164	0.0	1161.0366690485603	633.2605905168141	0.0	948.8076152160963	515.1931607188758	0.0	881.4729173394504	522.8844560430837	0.0	919.8477320825587	542.2606802369921	0.0	966.6505069214231	504.58483249479514	0.0	966.3880046516866	591.2114097436097	0.0	953.8361979107196	654.4677247543522	0.0	961.0204205432606	520.8564100189467	0.0	960.1162145499546	594.80120417137	0.0	950.3361598434658	661.4647690859086	0.0
345	13.824731182795698	1069.6361370360253	577.2262525979517	0.0	1055.8005156702588	578.5511039769843	0.0	977.1662041508567	626.0862613686897	0.0	1087.693524637199	640.7105030220199	0.0	1122.9157544084326	658.0856043047709	0.0	1130.4882180542272	653.6058812441485	0.0	1120.1195393794735	617.0471967189968	0.0	1079.0481851866587	579.9494341826952	0.0	1047.7387073476837	690.8860890651102	0.0	1151.3625686728628	646.5836069448471	0.0	1167.656879937139	684.5127586727108	0.0	1170.5684732648194	677.5196357569511	0.0	1161.127627314323	633.0132337589661	0.0	947.4220402980736	515.9018288841974	0.0	880.4467779805136	523.7938307347988	0.0	917.9014998630944	542.1721318949596	0.0	965.6496975404721	505.3722549016742	0.0	967.210839915753	591.2521122175556	0.0	953.3946240184453	654.5541256522399	0.0	960.0326702270906	520.9037678837312	0.0	959.7681815544274	594.6458722101477	0.0	949.6152804725671	662.6741210864915	0.0
346	13.864802867383514	1068.551730399799	577.2805997754166	0.0	1055.4198516198103	578.7999140173924	0.0	976.5343683615706	626.4941944166586	0.0	1087.2950087517345	640.2189398487159	0.0	1120.5652797419361	658.3873619411536	0.0	1129.3109808627569	654.789530944801	0.0	1118.9633993046994	616.8186517373483	0.0	1078.5670116512504	579.6795523273857	0.0	1047.3793842019345	690.9500257722866	0.0	1151.8159460511079	646.643407247883	0.0	1167.5217017367233	684.682799659178	0.0	1170.7228252840416	677.9601898567648	0.0	1161.2788281977944	633.2879908545999	0.0	946.6707329908613	516.2816485497027	0.0	879.650066106238	524.6873392544954	0.0	916.048615510181	542.5172579117366	0.0	964.0064411262188	506.21079924607915	0.0	967.6973086101044	591.4161120023618	0.0	953.1930644142532	655.3798247355768	0.0	959.3884215177733	520.7163597105484	0.0	960.2435836034499	594.1311721381163	0.0	949.541414241422	663.8741501144166	0.0
347	13.904874551971327	1068.1510390651229	577.076384702704	0.0	1055.9974701512992	578.409969214485	0.0	976.5615298684376	626.7423737245825	0.0	1087.3840364292107	640.2156465319365	0.0	1119.11602573865	658.4122390692008	0.0	1126.149849384236	655.3856338213916	0.0	1118.6680326367828	617.128192093272	0.0	1078.542068922542	579.6465892310962	0.0	1047.2909089538725	690.68877233071	0.0	1151.979510374821	646.7451846958832	0.0	1167.271699890697	684.8902145633065	0.0	1170.7815850005827	678.4580360544784	0.0	1161.3282174387034	633.6422744625108	0.0	946.6374771363228	516.6792156072938	0.0	879.0844764846618	526.0087624351718	0.0	916.0096215715087	544.1935574887739	0.0	963.6238310013925	506.86444911497506	0.0	966.7081593524191	591.7788502178239	0.0	953.2404015746865	656.1902639145022	0.0	958.8225099428362	520.6491097101201	0.0	960.364512928486	593.8990852127324	0.0	949.8266792064903	664.4616613958648	0.0
348	13.94494623655914	1068.080330751413	576.7641473995537	0.0	1055.9178791228417	577.9867347014568	0.0	976.909588868221	626.5546344063156	0.0	1087.8227072997145	640.8618409702054	0.0	1118.5901307743045	658.3220561892849	0.0	1124.021196769942	655.5134234156415	0.0	1118.7972726556743	617.3596981036419	0.0	1078.6015679540837	579.5751869142783	0.0	1047.4230829077674	690.457090449917	0.0	1151.899910254002	646.8403429612657	0.0	1167.2761220558607	685.2034475818461	0.0	1170.7867199691564	678.5702340806062	0.0	1161.3268128738187	633.6646811944022	0.0	946.442545271821	517.0873682471988	0.0	878.8703839100046	528.0848113573315	0.0	916.6707431373849	545.854656582676	0.0	963.6171732223575	507.4648207580475	0.0	965.6373563782568	592.2315418026599	0.0	953.3778179904411	656.7627588745095	0.0	958.3705162088055	520.49844662183	0.0	959.9617309590708	593.861841385273	0.0	950.2746989592774	664.5622659127212	0.0
349	13.985017921146953	1067.8170782112243	576.5920889758654	0.0	1054.4515489433759	577.9092357810514	0.0	977.2569296495437	626.4201203966063	0.0	1088.2919888408162	640.6491200215357	0.0	1118.5186925263909	658.9260425117744	0.0	1123.7782520171359	656.2583140556093	0.0	1118.8513716873422	617.5392323511915	0.0	1078.4642993918155	579.2472225302274	0.0	1047.463999631847	690.4907163562298	0.0	1151.5269484401342	646.8588407910769	0.0	1167.4243407175165	685.6528691430827	0.0	1170.8527994157253	678.645500328864	0.0	1161.3656019214986	633.6002270153549	0.0	945.7929711693879	517.2659201282509	0.0	878.8788117043341	530.9087431518719	0.0	916.9138736042604	546.4265404963854	0.0	962.2201218978153	507.7698993216784	0.0	965.493823742305	592.6061557934648	0.0	953.5554283236579	657.4801749689262	0.0	958.2934899244204	520.0295579513008	0.0	959.7258370192916	593.4626418044761	0.0	950.6329556292088	664.7594949031943	0.0
350	14.025089605734767	1067.2437616162583	576.5462190391057	0.0	1052.979627946675	578.0253826925824	0.0	977.87379479424	626.4757167742519	0.0	1088.2083508513224	639.6492279159257	0.0	1118.33326235603	659.4323608106441	0.0	1123.0586421449675	657.0273177974727	0.0	1118.6680321025274	618.1829896650388	0.0	1078.2522375827527	578.9280331850133	0.0	1047.3652811802062	690.675176514271	0.0	1151.054068453036	646.7944678533697	0.0	1167.368776348544	686.0122978174035	0.0	1171.001354132241	679.1261667807877	0.0	1161.4601114323818	633.5587360898141	0.0	945.0993441900587	517.4346467306882	0.0	878.8317659175935	533.5812809825936	0.0	916.844973337976	547.1879958081217	0.0	960.0105821577438	507.59832644903327	0.0	965.4690337776817	592.9361681323697	0.0	953.7104737097079	658.3010259492539	0.0	958.4017970750662	519.8367776167222	0.0	959.9244163469448	593.2062632853834	0.0	950.7812852218128	665.3908490260607	0.0
351	14.06516129032258	1066.8400443943726	576.5236059200943	0.0	1052.5440328377872	577.9398225227402	0.0	978.6125771019259	626.4299808132025	0.0	1087.4529846110677	639.3327973431956	0.0	1117.8521159562206	658.6107937300891	0.0	1122.5587948774094	656.4314441611182	0.0	1118.3219102658968	618.9091010066879	0.0	1078.2664924889864	578.8604296219685	0.0	1047.3113737763704	690.7173065496629	0.0	1151.0769228600052	646.7507408151268	0.0	1167.0471963885927	685.9322058098646	0.0	1171.1212192813857	679.5259141742665	0.0	1161.53003054158	633.3911083223228	0.0	944.6495661930894	517.8872707462094	0.0	878.7190993172559	534.7719686605649	0.0	916.8310584677691	549.1258789026017	0.0	958.5457774006895	507.2411986165329	0.0	965.3268276006075	593.199525547101	0.0	953.7896739467456	658.7599887298522	0.0	958.3063636623185	520.2001481886346	0.0	959.9819097686195	593.7896062925992	0.0	950.9503660797665	666.1097077713869	0.0
352	14.105232974910395	1066.993189398397	576.4709066260641	0.0	1052.4696346154083	577.8002301717132	0.0	978.6463410422266	626.2741967019083	0.0	1086.4798768967933	639.6353043819455	0.0	1117.578801289276	657.2635784494432	0.0	1124.3054027675048	655.1435181618331	0.0	1118.271564469209	619.0347415558479	0.0	1078.52536740286	578.919980823589	0.0	1047.368644188273	690.6882797027426	0.0	1151.6314243187778	646.8566777348638	0.0	1166.972260912301	685.3765005812666	0.0	1171.128001806641	679.2876610873136	0.0	1161.5206024343356	633.3746613219641	0.0	944.3297723827103	518.4035795961012	0.0	878.6368441545178	535.0631610334699	0.0	916.9781834164614	550.990305411631	0.0	958.0013147860486	507.15484106091253	0.0	965.5573286302669	593.2646284813725	0.0	953.8579552289575	658.811576527129	0.0	958.3245261661511	520.4043379263443	0.0	959.827035156677	594.471904040608	0.0	951.2648413825441	666.4661020160104	0.0
353	14.145304659498208	1067.4072401773124	576.438628916417	0.0	1052.0944075188172	578.152203086243	0.0	977.8206971197653	626.2786797395396	0.0	1086.0846173091602	639.342986215959	0.0	1117.7599505272433	656.4002908701539	0.0	1126.292543996251	654.3356075693873	0.0	1118.7439117379147	618.7550136627173	0.0	1078.7911027822195	578.9613221699433	0.0	1047.4940645199467	690.9455741708653	0.0	1152.1000635420583	647.0877355423453	0.0	1167.131844291898	684.8004909372423	0.0	1171.0734478711904	678.8039247548206	0.0	1161.4848996471005	633.7471665766211	0.0	944.0947425288834	518.670002961437	0.0	878.576001706648	536.30846895165	0.0	917.0158189911083	551.6288886571868	0.0	957.7161017530989	507.2995055627799	0.0	965.6123850608634	593.1840277166133	0.0	954.0164991449265	658.8961001647589	0.0	958.9096713409263	520.1197536784084	0.0	960.0525938599496	594.4347826423898	0.0	951.5539065547825	666.3701963130308	0.0
354	14.185376344086022	1067.5874745611443	576.4983710060114	0.0	1051.8147195313263	578.7295632690557	0.0	977.1199007564121	626.2966314856984	0.0	1086.6337635300047	638.4867863544297	0.0	1118.0497552306147	655.9520503328914	0.0	1126.6098542047966	653.5526141168352	0.0	1119.112997242777	618.4941098657716	0.0	1078.9191468397362	578.9459458245492	0.0	1047.6572173387685	691.3724544779809	0.0	1152.038436434312	647.228537591486	0.0	1166.8954280295836	684.7272196401101	0.0	1171.0647545023278	678.753540549518	0.0	1161.4906136151485	634.0739061903266	0.0	944.0576599622318	518.6186973205432	0.0	878.5622048057878	537.7256679003476	0.0	916.9824508484221	551.5853223473931	0.0	957.4485053223354	507.2692708236264	0.0	965.0398136961039	593.3052746925255	0.0	954.2962807671931	659.2217811615103	0.0	959.5795085119837	519.7709313979518	0.0	960.3532800759476	593.9420533899261	0.0	951.5945023573854	665.9683124401321	0.0
355	14.225448028673835	1067.4405347676382	576.5743573281006	0.0	1051.7091045928398	578.9496606411926	0.0	977.2123408565185	625.9609996260488	0.0	1087.2164680563733	638.1612985360007	0.0	1118.160414034124	656.4114736387985	0.0	1126.599020366005	652.7377023059815	0.0	1119.053274449773	618.2842491833754	0.0	1078.923922417062	578.8467981233206	0.0	1047.7556196753683	691.4367280009767	0.0	1151.4465377762222	647.1034449935214	0.0	1166.519760455245	685.1261117274148	0.0	1171.143391927456	679.1524541683325	0.0	1161.5553535762508	634.0268667163032	0.0	944.0585390460344	518.4433785116903	0.0	878.5691629195737	537.0319543766062	0.0	917.3548597329799	551.4283683793606	0.0	957.3911421468794	507.1496401103726	0.0	964.4293913882059	593.9720345077453	0.0	954.3973198402377	659.5219132694608	0.0	959.6299920946357	519.6885392307497	0.0	960.2229081164244	593.6366719410191	0.0	951.3549776220391	665.5706495042984	0.0
356	14.265519713261648	1067.169202403426	576.5536349222948	0.0	1051.3114672338672	578.8876419549352	0.0	977.6993247889932	625.4705599925376	0.0	1087.0898362528258	638.6031346937312	0.0	1118.3771104728503	657.9160378738624	0.0	1127.4579548334927	653.1015599919556	0.0	1119.086740606788	618.0417858718287	0.0	1078.8705685998575	578.755248389037	0.0	1047.8137361451118	691.0778561598605	0.0	1150.8786873489348	646.8525031917947	0.0	1166.5294381744752	685.4931550507687	0.0	1171.4023244144148	679.5215838688441	0.0	1161.717700172172	633.8626427563333	0.0	943.8614035630497	518.3590875712323	0.0	878.2055248258008	535.2144709018011	0.0	917.6169974301723	550.866150006733	0.0	957.5749811336598	507.38585280055486	0.0	964.194622506787	594.7166720542323	0.0	954.0134781187394	659.761588274862	0.0	959.2727420542918	519.841922178111	0.0	960.084820415309	593.7871780896465	0.0	951.0895248715669	665.379382991711	0.0
357	14.305591397849463	1066.8564965725052	576.477581749097	0.0	1050.7993822128306	578.8435745617007	0.0	977.9574697948294	625.34201636786	0.0	1086.8340275693477	638.9541271593972	0.0	1119.1425777808088	659.0302130861617	0.0	1128.8584169547992	654.5554109197935	0.0	1119.4441969732966	617.634189259488	0.0	1078.8154026974223	578.7912552838916	0.0	1048.0182526021633	690.8809402539504	0.0	1150.890945272725	646.7857086392065	0.0	1166.6820820397165	685.5588285015308	0.0	1171.9212867279314	679.6066074439483	0.0	1161.977850967128	633.798958822761	0.0	943.5261463339957	518.1944637177139	0.0	877.3035581345559	534.8613491095759	0.0	916.8908224562934	550.0166913678611	0.0	957.6943432516437	507.8207098338511	0.0	964.1667976622244	594.7454300747013	0.0	953.5814390548618	660.2795607716183	0.0	959.0852084117578	519.924765355496	0.0	960.0699275192387	593.5494670913538	0.0	951.0150825543202	665.2201391642399	0.0
358	14.345663082437277	1066.5985055742517	576.5000213584732	0.0	1050.6720931391576	578.9105174446241	0.0	977.7617573059908	625.6365789970866	0.0	1086.7906044364142	638.9921314381799	0.0	1120.1645232612839	658.8577471546646	0.0	1129.7699591251085	655.1691448960012	0.0	1119.831174579041	617.1821759194667	0.0	1078.7624889391998	578.9139231923632	0.0	1048.322182438913	691.1033016980302	0.0	1151.201915619069	646.811434986955	0.0	1166.6829919580512	685.4934014540636	0.0	1172.2277803603283	679.5629789841287	0.0	1162.0723012934745	633.7490411674715	0.0	943.3004012418603	517.941618278469	0.0	876.608870346099	535.0936430487764	0.0	915.8841162735914	549.5632075310789	0.0	957.6705346653501	507.6474507088036	0.0	964.1371449688921	594.2927502000925	0.0	953.6722972579294	660.7466490295383	0.0	959.1530620644592	519.7126466481086	0.0	959.7976100120342	592.4810598456002	0.0	951.0195331353505	665.2217801637885	0.0
359	14.38573476702509	1066.5633398489308	576.6827440864126	0.0	1050.8847847193072	579.0370518101505	0.0	977.3133035507549	625.783245634942	0.0	1086.6969104540944	639.3564518110768	0.0	1120.7201138290673	658.4126878369335	0.0	1129.4246302260424	654.5162665355654	0.0	1120.1415037113827	617.2145618343858	0.0	1078.691127990954	579.0488450948344	0.0	1048.5244673239597	691.2180702849864	0.0	1151.364489982425	646.5545974836275	0.0	1166.4365926937985	685.4030122557806	0.0	1171.738276894875	679.3828867676567	0.0	1161.6859597339512	633.633077005973	0.0	943.3509570226316	517.9470496501515	0.0	876.6414604228025	533.5791784082151	0.0	915.5289971098824	549.5570411304462	0.0	957.8489200246958	506.8088226520472	0.0	964.2989097427411	593.9748184063541	0.0	954.1495802626746	660.1932958593493	0.0	959.2725644416298	519.36252256537	0.0	959.4256606500755	592.4881779876125	0.0	951.0565625954117	665.6301452788363	0.0
360	14.425806451612903	1066.6060820731948	576.9473496175126	0.0	1051.0665807451353	579.201543038936	0.0	976.9965324901301	625.516649169118	0.0	1086.8069748779353	639.7129382377548	0.0	1120.5454264379043	658.7080379850393	0.0	1128.4744502188755	654.2721469861609	0.0	1120.200003760007	617.7010838505527	0.0	1078.6215233827977	579.2444683256379	0.0	1048.6160928249515	690.9763092292892	0.0	1151.3419933642376	646.2320097586605	0.0	1165.9419004388328	685.1743438071788	0.0	1170.897811928512	678.7788569376773	0.0	1161.0090698649497	633.5354956094227	0.0	943.5093659893471	517.9097925235607	0.0	876.7365194990473	531.4038253134738	0.0	915.2930443923448	549.2208612272916	0.0	958.2778012499339	506.36319866279223	0.0	964.9617404042324	593.663313013081	0.0	954.6290168933465	658.6824085556608	0.0	959.2786520656996	519.0531992678432	0.0	959.2643513901361	594.0945224992454	0.0	951.3340989990129	665.4818965437966	0.0
361	14.465878136200716	1066.5562392195673	577.1876769102735	0.0	1050.9685366792144	579.5403560256962	0.0	976.9735135729095	625.4834794657936	0.0	1087.3129226121887	639.4531976173539	0.0	1119.733954766063	659.1981197545258	0.0	1127.615734576782	655.1653064850801	0.0	1119.3944281304205	618.1178954688996	0.0	1078.627702271916	579.5233707113932	0.0	1048.6709363406417	690.8473498784819	0.0	1151.1455707374316	646.3488737127594	0.0	1165.4495782257713	685.0186470277664	0.0	1170.5272630941977	678.0916687952324	0.0	1160.541446242311	633.54111624226	0.0	943.4100429108487	517.3557969703224	0.0	876.2161487838409	531.0013181025763	0.0	914.6305536864313	548.1949251490338	0.0	958.4234729576514	506.5209462657534	0.0	965.499549150022	593.1737095014727	0.0	954.788505224602	657.439732467685	0.0	959.1424233754369	518.7583026236264	0.0	959.2036024380894	594.331174825256	0.0	951.7613503562193	664.000851975112	0.0
362	14.50594982078853	1066.7770039977884	577.2545900205191	0.0	1050.7975170167465	579.9965364021842	0.0	976.9565863708349	625.9539627429489	0.0	1087.6460237046545	639.4386051631021	0.0	1118.6508755427212	659.2189396580095	0.0	1126.6500817667138	656.4426543161399	0.0	1117.9604596316562	618.4266572563287	0.0	1078.7011337297213	579.6725333804516	0.0	1048.6741256901184	690.9529819819502	0.0	1151.0398331525548	646.691612369154	0.0	1165.2587574654892	685.3048590254418	0.0	1170.6007449022688	678.0809519945434	0.0	1160.5484991927046	633.469704637422	0.0	943.0690334938967	516.8982139514474	0.0	875.4417731804045	531.9438712345852	0.0	914.0851851254756	547.4022865783046	0.0	958.072004421258	506.35901237119776	0.0	964.9547945651389	592.7809680772236	0.0	954.5136155378198	656.8984262863116	0.0	958.955666005178	518.6274386204589	0.0	959.0733901473881	592.8579401821013	0.0	951.8564718361704	662.4762525206659	0.0
363	14.546021505376345	1067.39367798191	577.1660161379617	0.0	1051.1176897685773	580.1684319650133	0.0	976.4718982840866	626.356258287873	0.0	1087.4055563563732	639.9969993422703	0.0	1118.0849621835343	659.0623666378566	0.0	1126.2333110520162	657.1238110073576	0.0	1117.0355451344285	618.5031448026605	0.0	1078.5780158102787	579.5534894339366	0.0	1048.7015540754726	690.9083177686468	0.0	1151.4043959323908	646.7639879006751	0.0	1165.4998474193696	685.743394419547	0.0	1170.683706934386	678.5469337019249	0.0	1161.0188236574265	633.2176051304041	0.0	942.9978136298	517.1224021177386	0.0	875.1441621256181	532.4367813401064	0.0	914.034201639805	547.5166387462743	0.0	957.7982661903993	505.8154866899052	0.0	963.8614978102298	592.6746001016284	0.0	954.1640762150348	656.7526401584211	0.0	958.7365378699669	518.8763126157171	0.0	958.7268006716654	592.8798043083231	0.0	951.3334351191015	662.3226324387794	0.0
364	14.586093189964158	1067.3878284848251	577.1880900811464	0.0	1051.5505044946908	579.966155445673	0.0	975.5925775205474	626.5879308648941	0.0	1087.055799441067	639.8848846357038	0.0	1118.5006612001666	659.0299126279974	0.0	1127.1696143804468	656.8027596652713	0.0	1116.6149425471217	617.9370728438723	0.0	1077.9609434611327	579.4176134267651	0.0	1048.9824776620248	690.7194791421508	0.0	1152.0048439792313	646.5645105918045	0.0	1166.0468228368475	685.78839236924	0.0	1170.5849798619654	678.7757690703957	0.0	1161.6237999643556	633.3013346829152	0.0	943.2073933064175	517.34561558991	0.0	875.3330279669947	532.3057019959692	0.0	914.0072536994244	547.7595482093369	0.0	957.83159135502	505.69626343641323	0.0	963.5733133876436	592.797976155674	0.0	953.9316444191197	657.0055304585017	0.0	958.4209743869064	519.2012223550514	0.0	958.0604594237378	594.2788462159115	0.0	950.5216568574666	662.9893429209685	0.0
365	14.626164874551971	1066.2123537757843	577.278836422732	0.0	1050.9879813729565	579.7027843895515	0.0	975.0294543572709	627.0644138314419	0.0	1087.148068421599	639.143053588768	0.0	1119.2113955626091	659.2723525316746	0.0	1128.373429767061	656.2724482512424	0.0	1115.9817676328807	617.0972560167572	0.0	1077.023948621481	579.4498097301068	0.0	1049.413992065691	690.7312157769531	0.0	1152.2453569856193	646.3882522137269	0.0	1166.5550004636566	685.5497466135665	0.0	1170.4652365246209	678.781309603344	0.0	1161.85499006845	633.9176956605238	0.0	942.9875534462341	516.9586389698866	0.0	875.4973192490722	532.3465710556161	0.0	913.7418596146993	547.4637216689798	0.0	957.5923102015206	506.08817721588673	0.0	964.0318773525075	592.9253926654131	0.0	953.5130893368271	657.2841317771963	0.0	957.9334894520879	519.257400251812	0.0	957.3605336390508	594.2475342287029	0.0	949.8828055509099	663.2034227874069	0.0
366	14.666236559139785	1065.00267020114	577.1862387591252	0.0	1049.7575308180067	579.5446262543388	0.0	975.1976238252458	627.5541796248159	0.0	1087.4408411432482	639.1642403434944	0.0	1118.6893692041829	659.7766693611851	0.0	1127.5817468550167	656.3905401491528	0.0	1115.4109482460906	617.0589540996377	0.0	1076.371190839278	579.384716044408	0.0	1049.3742026492896	690.9190989816598	0.0	1152.0526767829697	646.4690602128272	0.0	1166.7571171108123	685.5333735448471	0.0	1170.68474167339	678.8534831715184	0.0	1161.6533652122207	634.1661274392019	0.0	942.3121861385428	516.5078208613336	0.0	875.4188538512919	532.3059481524305	0.0	913.7616123103656	547.1239035798329	0.0	957.3629485758556	506.3705798730705	0.0	963.8523315514183	592.8448264173875	0.0	953.0216301591961	657.1920529263065	0.0	957.2735501953546	519.3550743790038	0.0	956.92669753061	593.2389797589103	0.0	949.3131450288184	663.3275666807735	0.0
367	14.706308243727598	1064.4917488267417	577.0782049523584	0.0	1049.072350039553	579.5395314648201	0.0	975.6645906427111	627.4975018672501	0.0	1087.4445044890256	640.0058374180483	0.0	1116.5928983550257	659.7647509462686	0.0	1124.151302470455	656.6354311001088	0.0	1115.3408291645749	618.0930642180078	0.0	1076.1904453545915	579.0614903581995	0.0	1048.6645670989567	690.9491515642557	0.0	1151.885252290656	646.8157667594537	0.0	1166.669122847635	685.7916130668921	0.0	1171.0017799366283	679.0128921705955	0.0	1161.4665339972128	633.6585803586664	0.0	941.8628712129508	516.6914909020285	0.0	875.029894941295	531.5804118335544	0.0	914.3622959765785	547.3991850789846	0.0	958.0579369124365	506.37246517128085	0.0	962.6127729818854	592.6280352784995	0.0	953.0632249188002	656.9023132745206	0.0	956.5603978368443	519.6257791697728	0.0	956.5029369817566	593.0808965440709	0.0	948.7498925724	664.162551952972	0.0
368	14.746379928315413	1064.0589952602595	577.1675411430975	0.0	1049.010664993498	579.5401649224519	0.0	975.7902498321955	627.5712690107132	0.0	1087.1484437943575	640.5608084795721	0.0	1114.8368697963829	659.1198324326887	0.0	1120.6245716703288	656.292557195587	0.0	1115.0918153722944	618.8945699749772	0.0	1075.940982093503	578.9473466020656	0.0	1048.1140287600542	690.7779815344337	0.0	1151.8433320762986	647.1719864605619	0.0	1166.6053542998573	685.932845930876	0.0	1170.761745691857	679.3105277752688	0.0	1161.4280007348448	633.4117994056985	0.0	941.4982630910423	517.252773656604	0.0	874.1242109997182	531.3918028522041	0.0	914.4721247747141	548.0863334576675	0.0	958.4068972205844	506.2873594202895	0.0	961.5196762542153	592.3174121319889	0.0	953.2882762637721	656.4166367048618	0.0	955.723221184666	519.5033266981934	0.0	955.7487552340799	591.9589332239452	0.0	948.4995298734333	664.1230340277987	0.0
369	14.786451612903226	1063.3075815833508	577.168875435007	0.0	1049.0042462059382	579.2508286161574	0.0	975.6189880959604	628.651081938627	0.0	1086.5724740833505	640.3459330418582	0.0	1114.3076926423644	658.8566048741282	0.0	1119.09855809642	655.5841265262659	0.0	1113.664977771119	618.583584553116	0.0	1075.1533349980398	579.2245273476021	0.0	1048.2858187469392	690.6996469833558	0.0	1151.6379342054684	647.2679738808075	0.0	1166.9571433179626	685.9110383544521	0.0	1170.273481382925	679.6225292063575	0.0	1161.2986162026432	634.0028076777422	0.0	940.5704883682266	517.4014537232501	0.0	872.7465254525811	532.8398966450619	0.0	913.1220008717646	548.5891080180019	0.0	956.684292541408	506.0180461301024	0.0	961.3159186816324	591.7845898869092	0.0	952.7268954970036	655.9601958472947	0.0	954.4925349014785	518.8315589124293	0.0	954.7243168585596	588.3915228383593	0.0	948.383466353459	662.2157364550139	0.0
370	14.82652329749104	1062.7350231425812	576.8018946003225	0.0	1049.1188386192746	578.931389122316	0.0	975.5275094610056	629.6399631962528	0.0	1086.0996593671293	639.9137582857716	0.0	1113.137798067613	659.006184685874	0.0	1117.9814603223053	655.0236230872712	0.0	1111.4563490186747	618.5337963525178	0.0	1073.8841681216124	579.176899822106	0.0	1048.4270137774288	690.8370996433321	0.0	1151.3709576380452	647.1844181486599	0.0	1167.4954355674056	686.0079511152509	0.0	1170.504003381081	679.6274588879076	0.0	1161.1140629623426	634.5673719993416	0.0	939.4070538807207	517.1467877539902	0.0	871.4485766531421	534.2269993512421	0.0	911.5543639298353	548.9959998273282	0.0	954.5545665511577	505.56757652744193	0.0	961.3352637353155	591.2496082880367	0.0	951.727913285029	656.0075441075933	0.0	952.8804334361854	518.309883569676	0.0	953.6924996025791	585.8591437206478	0.0	948.0019768199741	660.8186258223756	0.0
371	14.866594982078853	1062.7576251066275	576.2555313120968	0.0	1049.6872402807317	578.9429334988386	0.0	975.4549146935353	629.4113023805489	0.0	1086.4786497836512	639.8375418580576	0.0	1110.7074392545558	658.8216090660645	0.0	1115.5644444866127	655.0698337414423	0.0	1109.906410922073	619.9898073597985	0.0	1072.55427750309	578.5001323383042	0.0	1047.9124996309415	690.9548510863324	0.0	1151.3555328714324	647.1824493946159	0.0	1167.352683315526	686.157244810182	0.0	1171.2541270286893	679.5125738466268	0.0	1160.9448035504074	634.3654063238178	0.0	938.4816040018518	517.2420327343564	0.0	870.6554224943357	534.2157020502185	0.0	911.0745747930921	549.589071417467	0.0	954.0152554138817	505.35821472638656	0.0	960.9591133142911	591.1767201424826	0.0	951.1925808354304	656.1711345234658	0.0	951.2187222485143	518.388786300005	0.0	952.9589230577634	586.5934926308936	0.0	947.5895315284924	661.3557696098865	0.0
372	14.906666666666666	1062.465040730444	575.7980093827475	0.0	1049.9060615648116	578.9531519236406	0.0	975.3261904847878	629.1266422747743	0.0	1086.4120275133942	639.9451511636403	0.0	1108.770337757279	658.3556314743303	0.0	1112.4448732392461	655.4090914183503	0.0	1108.9520687511595	621.5109053258252	0.0	1071.5939514685372	577.8772970702285	0.0	1047.3475272984567	690.9407865804637	0.0	1151.6203656322111	647.2375980452985	0.0	1166.7039455630638	686.067320176654	0.0	1171.42082426132	679.611236037345	0.0	1160.7896775616878	633.9228919603523	0.0	936.9947135853295	517.813051023265	0.0	869.72819281072	534.5678913210561	0.0	910.2483865634865	549.9847260125722	0.0	953.5110826152097	505.6550359356938	0.0	960.1443310654267	591.4320138762674	0.0	950.9588565884162	656.330890207372	0.0	949.7058840759446	518.6320506791167	0.0	952.4668891891937	587.8467045316044	0.0	947.6625504521546	662.2875424983818	0.0
373	14.94673835125448	1060.8572016722574	575.5910911714728	0.0	1048.655576691537	578.6867110865155	0.0	975.3476208458562	630.2004775441951	0.0	1084.055596619587	639.8887989481593	0.0	1107.630971040806	658.1449687349996	0.0	1109.0961848430156	655.0521939060553	0.0	1107.2005474038244	621.3659939823021	0.0	1070.9066784817107	577.7504248893879	0.0	1047.1589243105848	691.0714623893773	0.0	1151.8383717294848	647.1907766359341	0.0	1166.9987910438472	685.835448088544	0.0	1171.028583120025	679.6315360414399	0.0	1160.8598248108665	634.0120303813114	0.0	934.4001549027186	518.2986888225463	0.0	867.9315055226341	536.7519913164301	0.0	907.6488011572199	550.1111010888546	0.0	951.1820626097572	506.0457705854735	0.0	958.880544098212	591.6061882677295	0.0	950.6638876909417	657.5069516555163	0.0	948.2290347183282	518.6307919647966	0.0	951.7096241308543	587.7941748214951	0.0	948.341867357472	662.3078606496017	0.0
374	14.986810035842295	1059.059980118997	575.6918792552817	0.0	1046.762960581632	578.4020742055288	0.0	975.5937316127263	632.0001351765571	0.0	1081.5792898308891	639.6926952898384	0.0	1106.136002352999	658.0945653791216	0.0	1106.0693039223545	654.2369218332212	0.0	1105.2878460291606	620.7172348382173	0.0	1070.054758666103	577.7773629671484	0.0	1046.9693219132714	691.3978327729319	0.0	1151.539263682187	647.0901601989668	0.0	1168.4226962978787	685.8712766866305	0.0	1170.8600012979018	679.4210616838827	0.0	1161.1018734710406	634.4105059723641	0.0	931.8643793185227	518.689945420151	0.0	866.1287753506301	539.506197724015	0.0	905.134489372197	551.0136652867317	0.0	948.2430088752767	506.1413151792241	0.0	957.7651010478893	591.7594881801965	0.0	950.6854523854131	659.0928741127599	0.0	946.6395768772793	518.7359343741003	0.0	950.7264914639029	587.9230819717067	0.0	949.1499292495739	662.0588425825873	0.0
375	15.026881720430108	1058.417839830955	575.748834433591	0.0	1045.6380309975932	578.3412682020745	0.0	975.8867195352066	633.0062961840142	0.0	1081.8204785297273	639.5152729103927	0.0	1104.3310299700381	657.6907966965662	0.0	1104.544531680013	653.9673170800068	0.0	1104.8605705979032	621.4564670006545	0.0	1068.9520958126764	577.6655686647954	0.0	1046.6473599665078	691.488751290055	0.0	1150.9515417132552	647.0146374016621	0.0	1169.5738631537833	686.1396411710689	0.0	1171.028455053783	679.407179457487	0.0	1161.1950699330878	634.4534692934592	0.0	930.3252786398791	519.6232022977078	0.0	865.1742189170797	541.7162263200987	0.0	904.643414858028	553.2246218554324	0.0	946.4024473728942	506.31203233091196	0.0	957.5909809359271	591.8079598593633	0.0	951.1719995345452	658.7817987275381	0.0	944.954114457234	519.2686651221677	0.0	949.9762486717334	589.4039612119085	0.0	949.39510815042	662.4516231903225	0.0
376	15.066953405017921	1057.939467475217	575.4419090975362	0.0	1044.8986186148454	578.4130251750033	0.0	975.7295613039847	633.0839809176373	0.0	1082.5454121843563	639.3214743806124	0.0	1102.8680399917519	657.1219221254463	0.0	1103.5990822393292	654.0946818409415	0.0	1104.6132933581846	622.7517795450136	0.0	1067.8886719992001	577.5480514683751	0.0	1046.3366241122053	691.1422362299708	0.0	1150.9568014804554	646.9050313037714	0.0	1169.8028895685468	686.2320870174325	0.0	1171.3962729662505	679.6465817500813	0.0	1161.1092813731957	634.2284185146557	0.0	928.9025404231988	520.991219835485	0.0	864.0869847896549	543.9482689494517	0.0	904.5251450243597	555.2155487531079	0.0	944.9324624067567	506.7421202282449	0.0	957.103848232531	591.618087989147	0.0	951.277505452288	657.3190540662247	0.0	943.2836247447337	519.8771261722009	0.0	949.1963328730865	591.1065108993246	0.0	949.1230769090037	662.2516863079038	0.0
377	15.107025089605735	1056.4994231379335	575.1159020594963	0.0	1043.677824045984	578.3530554079266	0.0	974.9684723491209	633.3286806586594	0.0	1080.7463084025767	638.894023712605	0.0	1101.8981639646481	656.782133983519	0.0	1101.77560970217	653.9254192555132	0.0	1102.688924491717	623.0295688370816	0.0	1066.9849433901547	577.5690898125287	0.0	1046.138434982834	690.6792423770422	0.0	1151.638186721403	646.7724782994752	0.0	1169.6466660582498	686.1505779666725	0.0	1171.8653195026855	679.8615971992054	0.0	1160.9882201231094	634.1794184453272	0.0	926.8101585032405	521.875962166163	0.0	862.2592107015594	546.4184321313535	0.0	902.8085997374424	555.5355694125716	0.0	942.5214622260224	507.00595063888727	0.0	954.5938993071511	591.6751175412967	0.0	950.5501072078596	657.7334311900534	0.0	941.8047514953389	520.2035139063873	0.0	948.1387727051091	591.6401355818498	0.0	949.1005196431952	660.3810195975823	0.0
378	15.147096774193548	1055.100379315714	575.1599500324344	0.0	1042.4144265795067	578.03391673173	0.0	974.2384635975488	634.159697461306	0.0	1078.147935805937	638.3348742595615	0.0	1101.117446722946	656.5145160391685	0.0	1100.3004053543168	653.416287830204	0.0	1100.5508738207586	622.7029683895461	0.0	1066.0132264536512	577.7439967603864	0.0	1046.248705326822	690.4863827737519	0.0	1152.1514263109939	646.834005736204	0.0	1169.5690189876614	686.0713065871507	0.0	1172.1464930832076	680.2504451649897	0.0	1160.8435136807884	634.2258357554292	0.0	925.0091441465149	522.2632508533594	0.0	860.7931284279383	548.5527166070655	0.0	900.7318092196668	555.4442329117537	0.0	940.0625672274435	507.0452213700121	0.0	951.427975351411	592.0494245840785	0.0	949.7959749475783	659.6776966429195	0.0	940.593279145269	520.2374652202257	0.0	947.2764942592139	591.4487023814117	0.0	949.4267399282426	658.6152673816866	0.0
379	15.187168458781363	1054.6366680351052	575.3395813093761	0.0	1041.8980509080673	577.5690260966728	0.0	973.8431343687231	635.0509188774834	0.0	1077.035762774326	638.1342312024243	0.0	1100.090765263131	656.2936941399668	0.0	1100.1388651104544	652.9555489542538	0.0	1100.0666927167597	622.6382097472148	0.0	1064.8313401478633	577.8963976278717	0.0	1046.487410614782	690.5845450814043	0.0	1152.107485003595	647.1890971063413	0.0	1169.7203869764799	685.9508819002124	0.0	1172.2982218120173	680.8425134556371	0.0	1160.693820512933	634.1863134881776	0.0	924.1730006541007	522.8258109028704	0.0	860.2556818403882	550.2305594830663	0.0	900.0078061684803	556.7406591447117	0.0	938.9858206956874	507.1772071885124	0.0	949.6238415935705	592.1948111390258	0.0	949.4953292389208	660.9215926991822	0.0	939.4520749575161	519.9962686870532	0.0	946.5985682208986	591.4342389592368	0.0	949.3636006939917	658.5249421856172	0.0
380	15.227240143369176	1054.1199436458696	575.2975151884766	0.0	1041.9096998203024	577.2646438195874	0.0	973.5511411907444	635.8323628865896	0.0	1076.5554055414188	638.2370357096686	0.0	1099.1819489086179	656.3810441675387	0.0	1100.1691602357068	652.8062217414107	0.0	1100.553484273016	622.8463160130055	0.0	1063.5159396726144	577.7791443526806	0.0	1046.4673061551957	690.567484577423	0.0	1151.8700503674427	647.4736298635524	0.0	1170.317344143816	685.8665864774061	0.0	1172.8263463002847	680.9067790438808	0.0	1160.7729988671017	634.2210892192088	0.0	923.1380294008827	523.1619042259712	0.0	859.7174349475149	551.9854176624904	0.0	900.202434858653	558.8119045212829	0.0	938.3003414416177	507.3461865843018	0.0	948.7006301618394	592.1466040710142	0.0	949.1940423638282	661.5829785941605	0.0	938.1490078452341	519.7717303555776	0.0	945.6235392069108	591.5444886007299	0.0	948.8307356991036	659.4482257991799	0.0
381	15.26731182795699	1052.961837309058	575.0445022593292	0.0	1041.8135785765999	577.2721934946943	0.0	973.2735393152591	636.7012725930513	0.0	1075.998246960628	638.0923609738487	0.0	1099.1557193690878	656.6096437425168	0.0	1100.0801386942687	652.8646780325474	0.0	1100.8124516611172	623.0323053411638	0.0	1062.2333879155685	577.4618914088308	0.0	1046.451371249441	690.1974909309781	0.0	1151.7704761472135	647.4867790684555	0.0	1171.0830259885968	685.9222794874868	0.0	1173.6174199029174	680.2178361632241	0.0	1161.0146595142508	634.506668726005	0.0	921.2859756218563	522.6977860074894	0.0	858.5571752638704	554.2029418052468	0.0	900.2477496557556	560.2325074994171	0.0	936.686821928303	507.2000039210953	0.0	947.8846887720086	592.0278226561398	0.0	948.8473574260388	662.1562539511567	0.0	936.5822535704236	520.0899607589208	0.0	944.5883437670054	591.5277568594411	0.0	948.6076020146868	659.977607063377	0.0
382	15.307383512544803	1052.1414629280425	574.7722617761488	0.0	1041.510335687212	577.3257710612813	0.0	973.2536855872017	637.3892897258563	0.0	1075.9722684279204	637.761968957788	0.0	1099.3329908883256	656.4697079917653	0.0	1100.358720288789	652.998925450268	0.0	1100.963752288119	622.9801480020508	0.0	1061.3221469373093	577.2788589524836	0.0	1046.6493729803399	689.8434491617029	0.0	1151.6945849743302	647.6693700975295	0.0	1171.2167050026255	685.937599300235	0.0	1173.8360783175049	679.5133487386099	0.0	1160.964729709991	634.9145466273211	0.0	919.7692429288539	522.4243460566558	0.0	857.5712890890183	556.314168297218	0.0	899.9983752672526	560.9609930383454	0.0	935.2069831892131	506.77266854679385	0.0	947.5515882170137	591.686654963048	0.0	948.8437019801263	662.0427022284557	0.0	935.0910382695022	520.8653526559268	0.0	944.0236708026306	591.4266925214869	0.0	948.8463119576552	659.5929710517058	0.0
383	15.347455197132616	1051.9240366714155	574.6494310764836	0.0	1041.030986559284	577.2645873466035	0.0	973.6686871472693	637.6773966366546	0.0	1076.2707217476127	637.6716224163977	0.0	1098.257102443204	656.202278375896	0.0	1100.2396857676256	653.3800121300533	0.0	1101.3642580370247	622.9670509403813	0.0	1060.8699086395313	577.4217963792372	0.0	1046.5021904265254	689.7477716242379	0.0	1151.4785115658985	648.1506480161488	0.0	1170.8225060129898	685.8302747552397	0.0	1173.348362515496	679.2787015607513	0.0	1160.807914743184	635.0256729129095	0.0	919.1932205727483	523.3141357656807	0.0	857.4327014435695	557.4987852906041	0.0	899.8281122072779	561.3638774429968	0.0	934.799908609809	506.49587055855045	0.0	947.6863372452133	591.5592079755304	0.0	949.035785640316	661.5725882873637	0.0	934.3515980102961	521.2976347285202	0.0	943.8479025415342	591.3240242655214	0.0	948.8518432140502	659.075451517966	0.0
384	15.38752688172043	1051.232047472281	574.6919139852112	0.0	1039.975244401675	577.2732190549118	0.0	973.4620260963909	638.15453061883	0.0	1076.2389079579268	637.8099047152563	0.0	1096.7055222996414	656.5057658363041	0.0	1099.3087114300727	653.8220839850687	0.0	1101.3210491327404	623.2700572620405	0.0	1060.3166907513037	577.5444896091956	0.0	1045.817194544216	689.6997258300464	0.0	1151.2833583947872	648.3633460081038	0.0	1170.742516175178	685.810244779195	0.0	1172.8805816539348	679.3864851700249	0.0	1160.9319317228155	634.6705567223206	0.0	918.75116872117	524.4359379886621	0.0	857.0528645123774	558.198879553613	0.0	899.3569086417017	561.45686925107	0.0	934.4086283268705	506.4388354469725	0.0	947.7873859277329	591.8454172941018	0.0	949.0846129983836	661.4205630087627	0.0	933.9817457989529	521.095250988327	0.0	943.5126708197058	591.3550749476358	0.0	948.4235174999898	658.9768185296087	0.0
385	15.427598566308244	1049.757330327602	574.7763870903032	0.0	1038.5070800863787	577.4455725730973	0.0	971.8115334220774	639.3268879628307	0.0	1075.9549079234698	637.9808419517857	0.0	1096.5436831102602	657.0171718874631	0.0	1098.6172980844299	653.6935403756496	0.0	1100.2389280229809	623.4506268283313	0.0	1059.171308696006	577.1200091721702	0.0	1045.1644932025781	689.7381338887984	0.0	1151.1664787437044	648.0066710036427	0.0	1170.8729760625513	685.9474063246635	0.0	1172.8014611120277	679.5695060188256	0.0	1160.9846996189121	634.2557675888579	0.0	917.7772602270181	524.6411739219075	0.0	855.379120641052	559.3334545653956	0.0	897.9267371156119	561.7577404502098	0.0	933.2027310029887	506.4203193566288	0.0	947.7845864746697	591.7000238330792	0.0	949.0242965760413	661.3534523832816	0.0	932.8962606502516	521.0033283759433	0.0	942.653097943233	591.7735811039754	0.0	948.0154727759957	659.2285487324505	0.0
386	15.467670250896058	1048.3705497606024	574.8341668370592	0.0	1038.1200840650085	577.3928938129143	0.0	970.3225772763524	640.4498277445048	0.0	1076.1417540614193	638.1277118196767	0.0	1097.1803661726838	657.156948353633	0.0	1098.5012955989866	653.2653830719879	0.0	1099.0660247380297	623.4073164417666	0.0	1057.736342978795	576.3925053064972	0.0	1044.8571368360917	689.8996962111705	0.0	1151.0228460249377	647.4757570444867	0.0	1170.6628959378822	686.1148083848586	0.0	1172.8457206273447	679.6832601744732	0.0	1160.8364681952364	634.2196020952122	0.0	916.554911452765	524.3637111351641	0.0	853.5575032382391	560.5481916197979	0.0	896.3182838139403	562.5524119544132	0.0	932.0233119338737	506.73796123865816	0.0	947.7917121639513	590.8572111015446	0.0	949.040885226353	661.4557756059696	0.0	931.504891525609	521.2971023958356	0.0	941.7060102117287	592.359772287102	0.0	947.7839844128446	659.7567595439651	0.0
387	15.507741935483871	1047.643536783448	574.8020861674246	0.0	1039.5309226817535	576.5890811508589	0.0	970.3958169546754	640.4993320140468	0.0	1077.0574419220707	638.2717285569104	0.0	1097.19405786998	657.4167422537387	0.0	1098.3384690417868	653.5165692718954	0.0	1098.7677490777578	623.7008142589008	0.0	1056.732030625993	576.0970038955214	0.0	1044.7693464101817	689.8234343938989	0.0	1150.9776843101542	647.2011162895444	0.0	1170.4899814861692	686.1516771677623	0.0	1172.7183286187071	679.680429913207	0.0	1160.7380032053122	634.5495884224721	0.0	915.8274214517869	524.4139706691984	0.0	853.0226788254358	561.2165687437589	0.0	895.7933478091412	563.0485601722551	0.0	931.8971863845052	507.39157764030676	0.0	947.6523712010974	590.3774326847624	0.0	949.1753846501313	661.8380807696761	0.0	930.8837827043214	521.3754914010867	0.0	941.4001971109694	592.4452722656008	0.0	947.5509996898322	659.9845100555046	0.0
388	15.547813620071684	1047.4251358640404	574.5845807061748	0.0	1040.6880155362298	575.6236161182794	0.0	971.1631505681378	640.0308980837851	0.0	1077.0230199332802	638.511476990253	0.0	1096.735249391726	658.1307908033175	0.0	1098.0591418271852	654.4171130412326	0.0	1098.4457270747362	624.2167136240987	0.0	1056.425686988069	576.2335331333037	0.0	1044.7689814450582	689.5346637893483	0.0	1151.0980109560749	647.1453803876541	0.0	1170.7598243837335	685.9714488979821	0.0	1172.4845920653117	679.5329625606125	0.0	1160.534897380341	634.9297625604845	0.0	915.697933802589	524.6788085465034	0.0	853.3171617976152	561.9572760859668	0.0	896.1226078941296	562.8963220082638	0.0	932.0624394086467	507.6174009233463	0.0	946.9370821456639	590.923766367954	0.0	949.1714631876946	661.9115220676555	0.0	930.5969917295729	521.3565214485934	0.0	941.4646649614415	592.0886537421785	0.0	947.4058296835236	659.6054994106986	0.0
389	15.587885304659498	1047.3229648417573	574.3422698792219	0.0	1039.7615458400692	575.5382999896551	0.0	971.5040766300142	640.3520810194912	0.0	1074.8119139866642	638.8147418532691	0.0	1096.2425601450893	658.6926782168795	0.0	1097.9798315516168	654.9924226476812	0.0	1097.1359410145042	624.2984347622922	0.0	1056.3252410907348	576.1730044425796	0.0	1044.7215662424453	689.4549996186151	0.0	1151.1562459840648	647.1033316055062	0.0	1170.7734202467043	685.850171148328	0.0	1172.2670055046285	679.4382696125763	0.0	1160.2050550187118	635.1388146583411	0.0	915.4460544767021	524.7961906666254	0.0	853.2275145517862	563.1024218164387	0.0	896.1483589720372	562.8685920599443	0.0	931.0393823992886	507.48125975354986	0.0	945.4735560463266	591.8153742194615	0.0	948.8251152112684	661.9743507989897	0.0	929.8327333446837	521.8096144221176	0.0	941.1523273241264	592.0138564634667	0.0	947.6572994122791	659.3051748771147	0.0
390	15.627956989247313	1047.1499600602863	574.3753230781294	0.0	1038.577783569663	575.8313079343628	0.0	971.2621370936724	641.1855010049723	0.0	1072.6394070157971	638.8853450088563	0.0	1095.948315145769	658.6347457801432	0.0	1098.1858127244595	654.6936581654047	0.0	1095.9524573270746	624.0830070627934	0.0	1055.8663691651348	576.0135453604983	0.0	1044.569277162827	689.5527821650725	0.0	1151.055404062873	647.0570865878576	0.0	1169.7390806881917	686.0695226815749	0.0	1172.0297608387918	679.6152891202207	0.0	1160.0810819200594	635.2202724719123	0.0	914.9401428173046	525.0235597096611	0.0	852.5824291621778	563.694644895308	0.0	895.5469674315216	563.402423543437	0.0	929.3534449776099	507.83193278498084	0.0	944.1228704977061	592.1171172792367	0.0	948.4199228624141	662.8245687926035	0.0	929.0980035345104	522.4279398081237	0.0	940.7057914100357	592.3790101693462	0.0	948.1510018875418	659.401382430546	0.0
391	15.668028673835126	1047.0790826298912	574.569682597648	0.0	1039.1886924478179	575.6828359369692	0.0	971.0515698831946	641.2149114271466	0.0	1072.6440249966145	638.7243828186744	0.0	1096.03472743172	658.3559424615016	0.0	1098.4048842871407	654.1245803100318	0.0	1095.9155747490886	624.299933197235	0.0	1055.2062852994914	576.4534066650413	0.0	1044.4834525912872	689.5378766698902	0.0	1151.0459100857095	647.087010467266	0.0	1168.2596097110493	686.2487273732731	0.0	1171.8917691885767	679.7571394828216	0.0	1160.233706284425	635.2665376244139	0.0	914.7351604863372	525.6935256339126	0.0	852.1908613669816	563.613955738099	0.0	895.0246606875669	563.8631606946982	0.0	928.7072411783772	508.6380453613493	0.0	943.9752804156037	591.9477217850999	0.0	948.2724595787174	663.7529885038533	0.0	928.9929451842269	522.6617097701699	0.0	940.7380248132703	592.7753905207655	0.0	948.2125024670754	659.5142358309104	0.0
392	15.70810035842294	1047.1976933221497	574.6643649001859	0.0	1040.3517767521794	575.5909656724457	0.0	971.4077349787578	640.4810879269538	0.0	1073.6954940853375	638.7810778528706	0.0	1096.1701966551057	658.3902838552036	0.0	1098.4446719349837	654.4150568291888	0.0	1096.1836298099752	624.8128876996175	0.0	1054.8555921533098	577.1701938822633	0.0	1044.5460673506013	689.344374296682	0.0	1151.2724365310194	647.1404879539899	0.0	1167.920572307022	685.9932634417974	0.0	1171.925189810075	679.5319851682083	0.0	1160.3946468678514	635.2830828797	0.0	914.6556305508923	526.3294763977473	0.0	852.3186974438975	563.9127122178976	0.0	894.9143783144017	563.8007758401815	0.0	929.1985246491179	509.13919179126987	0.0	944.6720578571911	592.244266664168	0.0	948.2420960097654	663.8059147429906	0.0	928.8263291976577	522.625246970174	0.0	940.8974436984181	593.0052742068145	0.0	947.6726328716993	659.4665596086868	0.0
393	15.748172043010753	1047.1440535109293	574.8036813298031	0.0	1040.3842837633729	576.0011744704226	0.0	971.7854301981148	640.3473157483603	0.0	1074.2435628424853	639.1058943181786	0.0	1096.275244013829	658.5561760974283	0.0	1098.5683934967042	655.4892637170522	0.0	1096.1608727527268	624.7954579566458	0.0	1054.8145786969842	577.2267511575037	0.0	1044.5354872766088	689.026876297512	0.0	1151.3485122127436	647.0969911671727	0.0	1169.028962820896	685.6489566110577	0.0	1171.9699629682382	679.2120064496326	0.0	1160.390010065676	635.276275229058	0.0	914.2447565027989	526.3101337111817	0.0	852.2353031745963	564.4969641165931	0.0	894.694314350927	563.7771376664406	0.0	929.3910072140799	509.1377524765405	0.0	944.8994618394925	593.2679629920835	0.0	948.0715751645707	663.8092581052277	0.0	927.9118075198458	522.59465562105	0.0	940.5649487999649	592.9727351922052	0.0	947.3790998841531	659.3477031094956	0.0
394	15.788243727598566	1046.6633466247317	575.0595455041997	0.0	1039.6089314736457	576.4694579427892	0.0	971.6087121476764	641.1676969570588	0.0	1074.380193962689	639.2780209886072	0.0	1096.3673235345302	658.425477828076	0.0	1098.5302638785176	655.8973389812194	0.0	1096.248687882584	624.4076687017675	0.0	1054.7737342227078	576.7710021330467	0.0	1044.4089846812026	688.8176639721439	0.0	1150.9405976940611	646.9843632419858	0.0	1170.1539674271519	685.5133210114378	0.0	1171.9928994812713	679.031670717353	0.0	1160.4044072296595	635.2724264964917	0.0	913.8401154338699	525.9515953808555	0.0	851.6619809558664	564.04995285755	0.0	894.049437376642	564.0395526959553	0.0	928.722187707936	509.20786124341197	0.0	944.3327953112007	594.0503786850707	0.0	947.8466306562594	664.6809200488011	0.0	927.1065523423997	522.5024254833526	0.0	940.1491136567972	592.6113009322801	0.0	947.8954100862443	659.3967914426377	0.0
395	15.828315412186381	1046.2342734338192	575.1897640783731	0.0	1039.0484891512574	576.4760233396909	0.0	971.3113514455534	641.698613735353	0.0	1074.3700417366072	639.2016333402937	0.0	1095.6542196004302	658.021192822161	0.0	1097.650501005109	654.9472975910792	0.0	1096.4622612958026	624.4670435502018	0.0	1054.7457430611669	576.5518346658316	0.0	1044.5035975592625	688.9332480457356	0.0	1150.6476470348337	646.9834443692814	0.0	1170.5086160647738	685.4077689904728	0.0	1172.2004293250825	678.888488329758	0.0	1160.6122273102837	635.2799351488554	0.0	913.8246050642659	525.7710841580529	0.0	851.299197636697	562.528962212968	0.0	893.4953572785704	564.0203915151042	0.0	928.3953715248344	509.2000921769212	0.0	943.889937160923	593.549599351913	0.0	947.8674495044129	665.1626688644037	0.0	927.4714168345935	522.4952275438841	0.0	940.2793657050453	592.2446414411453	0.0	948.3648145635749	659.6699906051269	0.0
396	15.868387096774194	1046.3152076518463	575.1768425422722	0.0	1038.9364569472964	576.0619745654833	0.0	971.2392376787909	641.3271526871645	0.0	1073.8601606896912	639.0941078513017	0.0	1094.2490760679357	657.6807360783097	0.0	1096.4077989299062	653.697653770888	0.0	1096.5221694952652	624.8774438622305	0.0	1054.8938530443284	576.5958091939465	0.0	1044.859407314814	689.1012910397438	0.0	1151.1183294040925	647.2766814124208	0.0	1170.532866643387	685.3017991380676	0.0	1172.6895245858846	678.8182771363765	0.0	1160.7185009340405	635.266836500705	0.0	914.0220049123135	525.5249757168381	0.0	851.4831016605449	561.5810101830391	0.0	893.495985597282	563.5397368541966	0.0	929.1308727809159	508.41380397805545	0.0	944.0355770676597	592.2386440085966	0.0	948.0611726844373	664.06082576372	0.0	928.2746248051834	522.7364437687525	0.0	940.4266454605005	592.0995103026532	0.0	947.9621593255599	659.6846383254303	0.0
397	15.908458781362008	1046.521429522399	575.1152887989219	0.0	1038.8621598242607	575.7756620544939	0.0	971.1607197047515	640.9931704062099	0.0	1073.131403030354	639.0274697957329	0.0	1093.9553588327483	657.8941042643456	0.0	1095.846042257433	653.5487297449677	0.0	1096.5073540215953	625.0239217108638	0.0	1055.108343788179	576.4576735313765	0.0	1045.0414381269231	688.9456692680903	0.0	1151.6721482554112	647.7824045632452	0.0	1170.3982287011215	685.403553709534	0.0	1172.9095691277614	678.949544986127	0.0	1160.403113205639	635.1834807142113	0.0	914.1955314022506	525.0820809115253	0.0	851.7179965660182	561.7583072676636	0.0	893.6600314668012	563.0513221697919	0.0	929.7233595908663	507.54786116993307	0.0	944.060114888341	591.6325333606013	0.0	948.004852567706	662.9711576025888	0.0	928.3141637591214	522.5886220794788	0.0	939.8801180394063	592.0017250091597	0.0	947.3437218238442	659.3125894324986	0.0
398	15.94853046594982	1046.411017487534	574.9803543846027	0.0	1038.6179689446615	575.9058623520872	0.0	971.1033324225423	641.2052334856836	0.0	1073.571835572439	638.9480980588202	0.0	1095.1480672448004	658.4692832631931	0.0	1095.8889522603658	654.4784025436923	0.0	1096.5755609334476	624.8241775666539	0.0	1055.1120506763666	576.2536970635299	0.0	1044.8837003550675	688.6217850310372	0.0	1151.3059318084902	648.1493478875764	0.0	1170.0413581126256	685.7074369787578	0.0	1172.354152343599	679.2073486112464	0.0	1160.0715566602316	635.0598912372096	0.0	914.3310164093753	524.96609689383	0.0	851.6714357977919	561.9735393611106	0.0	893.5515716312648	562.9975429321179	0.0	929.2549278636212	507.6189071743745	0.0	943.5647078484449	591.9837455655406	0.0	947.7774092799257	663.4576386225142	0.0	928.068703424615	521.8076020932657	0.0	939.261667995807	591.9017771999564	0.0	947.3130708936551	659.1683479423034	0.0
399	15.988602150537634	1046.3121320924872	574.8924678348066	0.0	1038.4320979349902	576.1463739941926	0.0	971.3382169542477	641.159382247723	0.0	1075.1623126307568	638.8446216170341	0.0	1095.6777006965876	658.1581209213114	0.0	1095.8680506348808	655.1705420482306	0.0	1096.6714537392222	624.5987971389263	0.0	1054.8790398467497	576.5896587521623	0.0	1044.7022191550873	688.5798880964073	0.0	1150.4660025029807	648.0698049063974	0.0	1169.9852114620267	685.8973016680928	0.0	1171.8403849379488	679.368880529084	0.0	1160.1537011447563	634.9800010071826	0.0	914.4581941483918	525.3097125901872	0.0	851.5301604734079	561.8798271431269	0.0	893.3875788314258	563.2331365332495	0.0	928.7541138080766	508.2059020950378	0.0	943.171051391751	592.4078712738732	0.0	947.8375059649677	664.3397026820476	0.0	928.3102351632378	521.2562030189208	0.0	939.5448655104394	591.841093855167	0.0	947.6004452818786	659.2628040794176	0.0
400	16.02867383512545	1046.6052880618686	574.9405225298999	0.0	1038.5106655164916	576.2337166998514	0.0	971.6733177147701	640.562369765715	0.0	1075.5448413655065	638.8250763452472	0.0	1094.8303343814782	657.2629694135228	0.0	1095.745170641205	655.1109099642573	0.0	1096.7395318794102	624.5502262163322	0.0	1054.7857128226656	577.289166549107	0.0	1044.7560459418053	688.8422463833699	0.0	1150.384590583636	647.5378385019976	0.0	1170.4374148051927	685.8143697879954	0.0	1172.2339384320635	679.3632164278463	0.0	1160.2456824193512	634.899461400666	0.0	914.4418704075098	525.5769671303357	0.0	851.4699712173926	562.0211288514477	0.0	893.3902753686791	563.1266486670427	0.0	929.1296044475455	508.6087190726975	0.0	943.2722540133922	592.8609456790948	0.0	948.1088742908091	664.3846536154762	0.0	928.5253912360399	521.3414754625417	0.0	940.2633135416102	591.7436367140049	0.0	947.8221052089943	658.9630896623256	0.0
401	16.06874551971326	1046.8000375171302	574.9952831065052	0.0	1038.504926245208	576.2439478906286	0.0	971.5937552643225	640.3676980514408	0.0	1074.330358685126	639.0116588588704	0.0	1094.8045397276826	657.7404192845629	0.0	1095.8381681255482	655.1117548788924	0.0	1096.8626260820474	624.599816585411	0.0	1055.0701971399578	577.4365763538485	0.0	1044.9061327414158	688.8847670598612	0.0	1150.964534072959	647.0420181882147	0.0	1170.4085799112158	685.658027470847	0.0	1172.670105532372	679.297384538611	0.0	1160.0195617399593	634.7712613722824	0.0	914.2107518372467	525.503750601451	0.0	851.4082053027867	562.3397246191988	0.0	893.362641606733	562.6866824743959	0.0	929.4762036321225	508.7581610677262	0.0	943.6402232269611	593.563381183191	0.0	948.2229262335236	664.2689712720954	0.0	928.3460450217374	521.7097562966487	0.0	940.2676339589045	591.8270962376744	0.0	948.04383869195	658.6534239543669	0.0
402	16.108817204301076	1046.5308444235504	574.9852604410171	0.0	1038.0135491255412	576.2656466471367	0.0	971.1831394082424	640.8910899380512	0.0	1074.1294099807283	639.2254944400829	0.0	1096.0882022950918	658.9808012406215	0.0	1095.9447045579932	655.4935172258108	0.0	1097.2210692499443	624.6300376275727	0.0	1055.272498895271	577.0113426620817	0.0	1044.8303514694987	688.6704277601184	0.0	1151.0905306623258	647.0494935013764	0.0	1169.6236104698316	685.6728235250705	0.0	1172.221641776561	679.2775890961416	0.0	1159.786452050967	634.7625519906402	0.0	913.9716016090855	525.423175434718	0.0	851.2875149492835	562.1679315005266	0.0	893.1954820259784	562.6843284885372	0.0	928.9752999321013	508.72317659902296	0.0	943.961646092675	593.6987397393199	0.0	948.1238063616046	664.6107489308054	0.0	928.2893511613304	522.089378060328	0.0	939.7598039231677	592.580101794329	0.0	948.1049383646293	659.0602047867283	0.0
403	16.148888888888887	1046.4836846975245	574.9620856290912	0.0	1037.5253379202627	576.2611261328445	0.0	971.0572518666282	641.1033121748429	0.0	1075.449988909236	639.2717178094874	0.0	1096.259796906805	658.5976918223005	0.0	1095.6745234124837	655.6631165826573	0.0	1097.7524046104681	624.6493760763682	0.0	1054.9115457657458	576.8322467320818	0.0	1044.6097568677524	688.8777515935849	0.0	1150.75449130262	647.2635322694081	0.0	1169.3913716478485	685.964379271681	0.0	1171.6926334990255	679.3269302418512	0.0	1159.9339274621593	634.8982175580041	0.0	913.8843444092406	525.5898901404009	0.0	851.2739663808765	561.6299053366922	0.0	893.149005893812	563.2232057548081	0.0	928.4305352479506	508.6339203930447	0.0	943.8242750619302	593.0503323589872	0.0	947.9193277802034	664.8157393542442	0.0	928.5416411872797	522.2881094681754	0.0	939.6450475888033	593.7464781118773	0.0	947.7475874196291	659.5517924131582	0.0
404	16.188960573476702	1046.8131978174754	575.0190775180043	0.0	1037.589774178428	576.2598158432137	0.0	971.2884768048684	640.6082645299676	0.0	1075.8725658832623	639.3734721612923	0.0	1094.7846061229652	657.3196442638014	0.0	1095.6263308349335	655.4065348959504	0.0	1097.5688845527027	624.6197790412182	0.0	1054.2987428273661	576.9582259536156	0.0	1044.650687946123	689.4442595758733	0.0	1150.7301569387128	647.1756543629917	0.0	1169.9891978828864	686.4126026535969	0.0	1171.8268913358527	679.4020729683523	0.0	1160.4908004945653	634.8794245102212	0.0	913.9457868784007	525.6603814848222	0.0	851.4560148301799	562.0254472900853	0.0	893.3230723850459	563.6260097851721	0.0	928.5456290395737	508.67479555995914	0.0	943.0839346566158	593.0571454347894	0.0	947.6260740241637	664.5494483499692	0.0	928.5491253697655	522.2906823354847	0.0	939.7545877215232	593.9845873433095	0.0	947.3382938312814	659.2991456788088	0.0
405	16.229032258064517	1046.6378659489349	575.1656509496727	0.0	1037.66594105094	576.4633709998313	0.0	971.4337133860568	640.2886276122359	0.0	1074.5774084593422	639.593830200868	0.0	1093.5879364094658	657.4302845046425	0.0	1096.6065124978777	655.1268424657727	0.0	1096.1384235269961	624.4070660745233	0.0	1053.953124536925	576.8289647096962	0.0	1044.792101133642	689.5688970936869	0.0	1151.1251827689578	646.9639210561932	0.0	1170.147081528182	686.6929261450271	0.0	1172.00742674159	679.5635925401921	0.0	1160.9876013347816	634.7003987470465	0.0	914.0782585354383	525.2854840954392	0.0	851.5926381440498	563.4510507746963	0.0	893.494970142728	563.7194974306292	0.0	928.8178065852526	508.87909121343944	0.0	942.1633699116333	594.2606293938518	0.0	947.2055743390591	664.6481060092701	0.0	928.0424609210115	522.2636209909706	0.0	939.4708059159632	592.8682344303941	0.0	947.5431924839522	658.6205428236979	0.0
406	16.26910394265233	1045.9369066036045	575.1589942294365	0.0	1037.464007275752	576.8407410286842	0.0	971.3483621276127	640.380764008362	0.0	1073.3472026459058	639.6470468043016	0.0	1093.3175598501232	658.1645400843233	0.0	1097.4003261991381	655.0870892017572	0.0	1094.7890969210346	624.0683602205443	0.0	1053.935787545878	576.4188970730895	0.0	1044.6026730942615	689.225109677987	0.0	1151.5879196722722	647.0505297422973	0.0	1169.6720880951218	686.6857513036168	0.0	1171.9448417335288	679.8186863675804	0.0	1160.9577186380516	634.7759440430698	0.0	914.0919171617211	524.9253084628965	0.0	851.5099260243713	564.0767717108625	0.0	893.7108597121822	563.8283308824361	0.0	929.0559181355388	509.12895994157486	0.0	941.5063701372237	595.3248609076045	0.0	946.7748423169872	665.5682655387675	0.0	927.7491179727925	522.2924129525748	0.0	938.9566898914229	592.2837304372501	0.0	948.0965844997279	658.2986275105499	0.0
407	16.309175627240144	1045.6677137531715	574.8537949529409	0.0	1037.9247734076187	576.8764123922263	0.0	971.3942992890992	640.2146201072562	0.0	1073.1616310123634	639.5455022798643	0.0	1093.1552120716383	657.8865374601935	0.0	1096.3239139669624	655.3052428155177	0.0	1094.8856338684332	623.8773349474914	0.0	1054.051314049656	576.1762871857441	0.0	1044.4399179215839	689.0508714561303	0.0	1151.800445221474	647.2872835310446	0.0	1169.7617287769942	686.557224237678	0.0	1172.2674609736696	679.9081209387836	0.0	1160.5690456059042	635.1260751614855	0.0	913.8936466122819	525.2096811891112	0.0	851.5142041113558	563.493728060583	0.0	894.126500477854	563.9561493134296	0.0	929.625114108369	509.1451460325239	0.0	941.2745558058098	595.4620594525081	0.0	946.5537836178421	666.2536204675118	0.0	928.1415971905325	522.5605370376047	0.0	938.8685900289206	593.6233118046197	0.0	947.9206410284831	658.715495123164	0.0
408	16.349247311827956	1046.062123937335	574.5496124753006	0.0	1039.1283533465526	576.3741039538504	0.0	971.8495218231842	639.9197183440904	0.0	1073.3102813020882	639.4920559809002	0.0	1092.9522755304595	657.5966111394506	0.0	1095.21659745121	655.6611857893582	0.0	1095.8525934142647	623.8866032800526	0.0	1054.134870899401	576.4349137101232	0.0	1044.7599849500427	689.2096776308291	0.0	1151.781094960643	647.3493621443977	0.0	1170.71495133072	686.1466109396108	0.0	1173.1336049662395	679.6395129454381	0.0	1160.4333040157285	635.339870555084	0.0	913.676415105808	525.8695480394931	0.0	851.8352592351528	563.6054451533331	0.0	894.3510730755592	563.9924081945617	0.0	930.0238760265077	508.79881086319824	0.0	941.4893005509232	595.0255063221242	0.0	946.5472659282028	665.7450449010546	0.0	928.2468685476721	523.0391779691935	0.0	939.3999921878649	595.204500907879	0.0	947.2303078015451	659.4052922837343	0.0
409	16.38931899641577	1046.4360092733177	574.6291074513103	0.0	1039.7275635502842	576.0169435546397	0.0	972.3261276386493	640.1040789307679	0.0	1073.4329686743563	639.4833558274573	0.0	1093.2591599458003	658.5048930526624	0.0	1096.943003124699	655.999344639755	0.0	1096.6715799612275	623.8608380117562	0.0	1054.1569137384336	577.0041148916472	0.0	1045.169923688713	689.3479332390606	0.0	1151.9326172321769	647.2996065621021	0.0	1171.1904559753084	685.4120125596899	0.0	1173.7186567059625	679.2829089031364	0.0	1160.7092787000988	635.3849389007648	0.0	913.6718884358005	526.335315854079	0.0	851.9693203886847	565.115164958747	0.0	894.0093147190681	564.2471876517839	0.0	929.5194089181832	508.43165226908394	0.0	941.8324643973882	594.354904221088	0.0	946.6080935706623	664.7781095816389	0.0	927.3642737854765	523.2424712799552	0.0	940.044231584521	594.7951654006067	0.0	947.4354430500405	659.3310630110815	0.0
410	16.429390681003586	1046.435708408937	575.0089903474816	0.0	1039.3509418661179	576.2645772377467	0.0	972.4632884987243	640.4044232949716	0.0	1073.6743139432692	639.4779778648201	0.0	1093.9154964060162	659.5225508134959	0.0	1099.2902685797249	656.4196844368035	0.0	1097.208665289105	623.7332144661254	0.0	1054.1806085388912	577.2686587790588	0.0	1045.172447389783	689.3265919430414	0.0	1152.264829122351	647.3788511300294	0.0	1170.3695673247396	685.1932811578956	0.0	1173.3986599660645	679.3092970795591	0.0	1161.0510259488785	635.4751340067792	0.0	913.8077430026115	526.678634126933	0.0	851.5572764023108	566.5730597209915	0.0	893.707952783368	564.9459421324943	0.0	928.7002582799064	508.36389466026344	0.0	941.6649941420974	593.8523902240105	0.0	946.6892756682382	664.7003881674568	0.0	926.6030383977696	523.08730874925	0.0	940.2980879151912	593.1837220850969	0.0	948.3243408136549	658.3782499002281	0.0
411	16.469462365591397	1046.3784661751617	575.1570839638396	0.0	1038.9192903185133	576.5203180244839	0.0	972.3968947590771	640.2181747756215	0.0	1073.8370183374436	639.5074413294215	0.0	1093.7635656019615	659.1301903529621	0.0	1098.1811086764637	656.5261311205804	0.0	1097.3031756544874	623.8062309879406	0.0	1054.2220847184487	577.0719437079707	0.0	1044.8090749778748	689.3489150058505	0.0	1152.2737690363138	647.5887124662249	0.0	1169.6978358919412	685.6306425571976	0.0	1172.8556988886412	679.4887016344445	0.0	1161.3811870330437	635.5225398684197	0.0	913.8488277274479	527.0609314380163	0.0	851.1764267174937	567.1968015357769	0.0	894.2764749560943	565.5757776234127	0.0	928.8626674493695	508.4662914166802	0.0	941.2556005912002	593.892320041247	0.0	946.7777782345809	665.1817346166259	0.0	926.8459999128237	523.0117137548805	0.0	940.0835931926458	592.8819089065437	0.0	948.2047971596946	657.9089145862562	0.0
412	16.509534050179212	1046.5261698176407	574.9513652167251	0.0	1038.9212297915076	576.3244876790918	0.0	972.1479468135553	639.9638719046075	0.0	1073.791938613632	639.5512301459819	0.0	1092.7113423215146	658.0691791262572	0.0	1095.3631572850866	655.7879505911089	0.0	1096.7310934716834	624.2260719505825	0.0	1054.1910211828204	576.8821506724331	0.0	1044.4121921998733	689.4357253540617	0.0	1151.9805830958605	647.5588320888595	0.0	1170.2915537173394	685.7120223501622	0.0	1172.8043196628882	679.2595601275309	0.0	1161.6751645535237	635.3327806346751	0.0	913.7863086619707	527.1101231179605	0.0	851.2482509417084	567.534966729123	0.0	895.3319240083403	565.6300051436338	0.0	929.8120858088147	508.4418205283613	0.0	941.5449107059669	594.2531656977797	0.0	946.7670177176244	664.9316157303995	0.0	927.1995517985666	522.9880389203443	0.0	939.6631525972746	593.8233865465198	0.0	947.0772780907921	658.5185440247549	0.0
413	16.549605734767024	1046.6928626406948	574.9185732483601	0.0	1038.8382571134955	576.2886853097469	0.0	971.6942936831767	640.1956647741373	0.0	1073.636218030804	639.5129269611698	0.0	1092.5914237409165	658.2806438600604	0.0	1095.2967700577613	655.305839406731	0.0	1095.9950319254617	624.4223638370539	0.0	1053.9684801456879	576.8526669990408	0.0	1044.2563981805213	689.4172582196024	0.0	1151.8886490795717	647.198457079187	0.0	1170.722866814821	685.5331402059187	0.0	1172.8542976268764	679.0152629355113	0.0	1161.7407738595884	634.9669610784757	0.0	913.7814108246903	526.5738964120425	0.0	851.3939523971354	567.7833897171909	0.0	895.8878325877943	565.4129941791718	0.0	929.8422332946257	508.30725228922273	0.0	941.872868976546	594.6312359937411	0.0	946.5528693973982	664.4794046871334	0.0	926.9982607095803	522.5992749564035	0.0	939.4027372789628	593.6676829364146	0.0	946.7983035242528	658.7389140344337	0.0
414	16.58967741935484	1046.5048883812024	575.1252821476401	0.0	1038.3922982278511	576.8230411268589	0.0	971.3671772017058	640.5341369177347	0.0	1073.2402261136058	639.3400603157465	0.0	1093.6035075122786	659.4571121405911	0.0	1097.4213939065917	655.9669332785635	0.0	1095.6350265115668	623.9931112557022	0.0	1053.6355795001487	576.8389519398103	0.0	1044.2793927325429	689.4165084050956	0.0	1151.8957534900278	647.0009345080406	0.0	1169.8701434999134	685.799306355151	0.0	1172.7627108123838	679.253351314281	0.0	1161.6251604755646	634.7518193489373	0.0	913.8516732795961	526.0023953324585	0.0	851.3311656602905	567.6891066440264	0.0	895.8161042300967	565.4384132832294	0.0	928.86463067919	508.55420624838433	0.0	941.1524176196974	594.8050920463061	0.0	946.5294212179992	664.9149288340941	0.0	926.7923718841448	522.0509507797167	0.0	939.3267643897639	592.4048584246923	0.0	947.7428212598446	657.8067604237708	0.0
415	16.629749103942654	1046.0052679227406	575.0782205379138	0.0	1038.4539700384064	577.1308507816495	0.0	971.5533467064865	640.5135077183725	0.0	1072.8074146317635	639.1560965814202	0.0	1093.542687315607	659.8401249010273	0.0	1098.257808270865	656.4218528103349	0.0	1095.4227983752096	623.7178043356579	0.0	1053.4215667473813	576.9143278269078	0.0	1044.278918154838	689.6084754392525	0.0	1151.6952146186331	647.1561307899068	0.0	1168.7121945136573	685.9740501077126	0.0	1172.7627456535504	679.5656252768606	0.0	1161.5665496129918	634.7463687305402	0.0	913.8829977753976	525.996916301601	0.0	851.3654943727269	567.5565414574535	0.0	895.6478556770539	565.7206535853245	0.0	928.5797823540646	509.3271333286371	0.0	940.8671485207573	593.973566209079	0.0	947.4017675876667	665.0755049716308	0.0	926.8439373882798	522.0748998329826	0.0	939.3186198734852	592.2786024662139	0.0	948.2504753879207	657.0425153222299	0.0
416	16.669820788530465	1045.6502947931772	574.8379064001049	0.0	1039.0150711943743	576.6777209244694	0.0	972.1132741621459	640.3526364092381	0.0	1072.972064161819	639.1038195518993	0.0	1092.394491898551	659.6006644910758	0.0	1097.5110842958488	655.9927446247116	0.0	1095.1657960619946	624.1371528475544	0.0	1053.3604596152986	576.8952690278924	0.0	1044.2604225691007	689.7752670074498	0.0	1151.6225777058394	647.228599225153	0.0	1168.6568987356598	685.5699188408848	0.0	1172.7755171650172	679.6181068249138	0.0	1161.6927164999174	634.6211101976662	0.0	913.8510304981759	526.2602225787906	0.0	851.7201278684282	567.8808341652307	0.0	895.6254541598289	565.9520999835429	0.0	929.281527723629	509.9301284807749	0.0	942.3667244828816	592.1817524736156	0.0	948.4981643464755	663.9602507868997	0.0	926.8895480773169	522.6138869535066	0.0	939.3815683909336	593.3813029096431	0.0	947.8452072218512	657.0227121145565	0.0
417	16.70989247311828	1045.5587658161835	574.7995552505508	0.0	1038.6314042989331	576.2768165820343	0.0	972.4817756323591	640.3336733139959	0.0	1073.589568738825	639.1177293501919	0.0	1092.4325390168915	659.7959976603865	0.0	1097.2765580638381	655.9777959245239	0.0	1095.1483792051342	624.4034674639573	0.0	1053.3466673154517	576.6359334217981	0.0	1044.2598176993683	689.7261181148242	0.0	1151.8589931939969	647.0705113776798	0.0	1169.6060982028798	685.2433690246467	0.0	1172.6087669421106	679.6086897204192	0.0	1161.7416360576651	634.5796069181089	0.0	913.8039585312847	526.3487660651473	0.0	851.8958702658506	568.3728191945098	0.0	895.4859559182001	566.0075685736896	0.0	929.8854208669895	509.9209988370458	0.0	943.1014301884	591.1450098048192	0.0	948.0704244700412	663.7719545678701	0.0	926.8473874414402	522.6356063868279	0.0	939.3392805873452	593.6008853619398	0.0	947.7180530978275	656.8434543625272	0.0
418	16.749964157706092	1045.5283644548886	574.8589268450136	0.0	1037.5015928673809	576.5402133140578	0.0	972.486596209249	640.3744711759749	0.0	1073.940340096624	639.0977836828533	0.0	1093.807464546731	659.8914375073166	0.0	1097.9450526246756	656.6811886045755	0.0	1095.6481491404184	624.1198694199805	0.0	1053.3101398297727	576.5739050109145	0.0	1044.2255955457217	689.6065070587645	0.0	1151.9101528330339	647.0753307927614	0.0	1170.0692623764244	685.4480159653359	0.0	1172.3191445850225	679.9641192187966	0.0	1161.241169601145	635.1241743489667	0.0	913.7665925123404	526.4454289666024	0.0	851.5073216817989	568.4491187556112	0.0	895.05952773363	565.9956065690956	0.0	929.7595805308006	509.7466496864142	0.0	941.0633846856165	591.4486192418883	0.0	946.5961156607797	665.9658941518733	0.0	926.7691872475228	521.8898131573244	0.0	939.1564801829428	592.396630395046	0.0	947.9642208610138	656.4109174032037	0.0
419	16.790035842293907	1045.5607515337776	574.8577250666856	0.0	1037.3566154183877	576.7398746121786	0.0	972.4430503598167	640.356666799596	0.0	1073.8594807191503	639.1113599885052	0.0	1094.3042531553847	659.2574985317519	0.0	1098.0139090149225	656.933509296938	0.0	1096.7235549695342	624.184651305107	0.0	1053.211317095364	576.7342964174347	0.0	1044.228999651516	689.6204547973714	0.0	1151.6524051007686	647.2500569687365	0.0	1169.7290777859434	685.802023632479	0.0	1172.142878555706	680.6646888659245	0.0	1160.4906151207347	635.7607464888719	0.0	913.737346966959	526.6254424823535	0.0	851.0924020970149	568.2662468840321	0.0	894.8508373341252	565.9774239003755	0.0	928.7161458950513	509.92113493566524	0.0	939.2889015569507	591.8068873985121	0.0	946.5079907265767	667.4023761511078	0.0	926.7631249781542	521.4335169080994	0.0	939.0550618500682	591.5317622827815	0.0	947.7835908052652	656.7340201476645	0.0
420	16.830107526881722	1045.6841344700038	574.9453812969824	0.0	1038.0585053318182	576.2607656299718	0.0	972.5350688246307	640.3159967042722	0.0	1073.6191274037699	639.2358703698739	0.0	1092.94557603763	658.7180330686015	0.0	1097.0714180891594	656.5641477434102	0.0	1097.4230103901648	624.7422504720239	0.0	1053.1677428310634	576.661056182935	0.0	1044.3611183357823	689.8017986077612	0.0	1151.5751743437431	647.220702550308	0.0	1169.5119904286262	685.9839152700487	0.0	1172.1538700991823	680.7622154879573	0.0	1160.4345319972876	635.6289175613646	0.0	913.6683198220535	526.6062912709714	0.0	851.0962078384281	568.264952548232	0.0	895.1503063188645	565.9530313618055	0.0	927.4950590559583	510.19114890874766	0.0	940.2614865178921	591.5952366698123	0.0	947.709924589605	665.6908942481626	0.0	926.9010408602718	521.6401250385957	0.0	939.1676913670649	592.0317151604745	0.0	947.4798964572203	657.7948109890435	0.0
421	16.870179211469534	1045.7443511052772	575.0791386296964	0.0	1037.909497399532	575.7823921851821	0.0	972.6517844394684	640.3056087940383	0.0	1073.4677576751067	639.3283763251525	0.0	1091.6192192573726	658.9699356042071	0.0	1096.6100522154584	656.6769060265308	0.0	1096.7395372827973	624.7839863131093	0.0	1053.308786682727	576.4210200330697	0.0	1044.4871487665528	689.9675756546287	0.0	1151.5704429902712	647.0092371736082	0.0	1169.5729428873892	686.1281808105018	0.0	1172.2150609346068	680.2019214951279	0.0	1160.9204554650341	635.038338972936	0.0	913.6103608093645	526.4499988506267	0.0	851.2220659524319	568.1667702949746	0.0	895.2157259727339	565.9301898252805	0.0	927.6749479115787	510.0878565671626	0.0	941.3508499571234	591.7795560001017	0.0	947.7665692057353	663.8755851364918	0.0	927.0136367456874	521.525151175585	0.0	939.5484707444566	592.8233987105616	0.0	947.5928224732993	657.6033806616899	0.0
422	16.91025089605735	1045.7590865309683	575.0793057611593	0.0	1037.0768139461516	575.9386308699077	0.0	972.6598352500068	640.3197506024035	0.0	1073.6107331650308	639.1572965726351	0.0	1092.3363991705646	659.5490283827314	0.0	1097.1236424365416	657.3111186612115	0.0	1096.0636495291021	624.3026390666904	0.0	1053.5332717771244	576.3215406967463	0.0	1044.4555242007207	689.9841920189856	0.0	1151.1767651921832	646.8813463881083	0.0	1169.5926202450391	686.4894472738721	0.0	1172.293121098089	680.3520406456745	0.0	1160.9878793294722	634.9308559179497	0.0	913.6924930214848	526.5097159138006	0.0	851.210506002842	567.6621157253385	0.0	894.6821117724224	565.9070044929491	0.0	928.9561283433708	509.9577155824859	0.0	940.1761631463514	593.0428987141833	0.0	946.4492482069447	664.7032140234106	0.0	926.9797995006049	520.7564597056167	0.0	939.9474676912314	592.9922770637958	0.0	947.7839906562208	655.4771237322165	0.0
423	16.95032258064516	1045.9304273548887	575.0399351226409	0.0	1037.270232764913	576.3093911682749	0.0	972.6176285959009	640.3267272520569	0.0	1073.9131844866906	638.7765963617976	0.0	1093.9646998737148	659.7557815310072	0.0	1097.0764903783852	656.966353360641	0.0	1096.9196781180585	624.3622317123087	0.0	1053.7044568173133	576.3840090365736	0.0	1044.3924206365068	689.9410684009987	0.0	1150.901144918328	646.9381070833691	0.0	1169.6975729765152	686.8794151455074	0.0	1172.3772000553952	681.1404233634499	0.0	1160.7319262817525	635.3068983368177	0.0	913.8091949075223	526.7939186647193	0.0	851.1830038861884	567.2259484254051	0.0	894.2567240829983	565.8960142577971	0.0	929.1986014558247	510.0009126858183	0.0	938.3688751782239	593.7453298546195	0.0	945.7740267877964	666.1860792924621	0.0	926.9882988663867	520.2426446142542	0.0	939.8323496525179	592.8881633549584	0.0	947.6851765431568	654.3948076050855	0.0
424	16.990394265232975	1046.1540332242234	575.1063881110513	0.0	1038.1238438695527	576.4654109479499	0.0	972.7274785554508	640.292916766202	0.0	1073.952656880867	638.550138923252	0.0	1094.0529692582804	659.8799053932698	0.0	1096.2209573709663	655.8658091738519	0.0	1097.8376491277759	624.9078893114108	0.0	1053.7965631296613	576.3927025075828	0.0	1044.5224467282026	689.9172595336167	0.0	1151.3245766552577	647.0366819332988	0.0	1170.2910011171764	686.8390694546823	0.0	1172.3847586227348	680.997710257938	0.0	1160.7254027259994	635.3670435999198	0.0	913.7472723407293	527.03076020578	0.0	851.2204822583626	567.176123190044	0.0	894.27354008317	565.9183509863637	0.0	928.025302535903	509.54547541908926	0.0	938.4049803936177	592.4415900442525	0.0	946.332864086269	666.4870689770493	0.0	927.094087869425	520.338118643253	0.0	939.1301287352421	592.8593706900134	0.0	947.4759245245855	656.0134657296245	0.0
425	17.03046594982079	1046.2430036538267	575.1252746202123	0.0	1037.8590954890647	576.4233471434397	0.0	972.9531497390498	640.3032202131163	0.0	1073.78582846562	638.7352601902311	0.0	1092.9665636663453	660.8175933490347	0.0	1096.2608945078593	656.3081002482406	0.0	1097.4521804589674	624.8257388554969	0.0	1053.9252092239271	576.0847216707944	0.0	1044.7308497850252	689.8966050589564	0.0	1151.8525646299522	647.0394109207914	0.0	1170.9953375707034	686.7690994444488	0.0	1172.3649441353668	680.1612491481014	0.0	1160.8364780967895	635.064885932699	0.0	913.5917199967321	527.1257949750948	0.0	851.1954598543746	567.2584470983464	0.0	894.3465284206801	566.003221373537	0.0	926.9647272999983	508.83174253147354	0.0	941.1739337702916	591.2809921869074	0.0	946.6894945725096	666.6086394137578	0.0	927.0739946102372	520.4853486573576	0.0	938.6253191844539	592.836794896864	0.0	947.5130556012359	657.2512414468887	0.0
426	17.070537634408602	1046.3676148756726	574.9242693817141	0.0	1037.0888473766067	576.1963852725921	0.0	972.898223380998	640.4856425526937	0.0	1073.7937712711973	639.1748875462266	0.0	1092.8281391249113	661.6087314264071	0.0	1097.3999293268635	658.0349187764787	0.0	1097.012037957776	624.1052273517969	0.0	1054.1094136669697	575.6089734850102	0.0	1044.6553670103503	689.8909285173645	0.0	1151.8714297380034	647.1393589496674	0.0	1170.3567356508092	687.296283201849	0.0	1172.4495440138662	680.3840148597347	0.0	1160.8138898657828	635.180247822869	0.0	913.6085138229148	527.098723625605	0.0	851.1830132466563	567.3739248354352	0.0	894.3250461273115	566.1225047378585	0.0	926.7508596223006	508.9397143448608	0.0	944.6027900355105	592.196949260728	0.0	946.4346400940033	666.9789103725648	0.0	926.9867703344071	520.5291521459619	0.0	938.8054147637406	592.8410236350776	0.0	947.7355691401178	656.1840824330586	0.0
427	17.110609318996417	1046.5622475643959	574.7561886840244	0.0	1037.5469239131457	575.9946447445425	0.0	972.4647230217663	640.6754987939403	0.0	1073.9328850774086	639.4836471711548	0.0	1093.6607547181814	660.3053069700281	0.0	1097.954849519591	658.2098267921411	0.0	1097.358716518381	623.9148132050989	0.0	1054.0145452581858	575.386163617582	0.0	1044.4172329567598	689.9544086273969	0.0	1151.622228852755	647.3744858196327	0.0	1168.440541399125	687.6105715020921	0.0	1172.5859227761666	681.5498847949003	0.0	1160.7980940664202	635.6308196002019	0.0	913.7756652641119	526.8292270479317	0.0	851.5700054012167	567.6719372943238	0.0	894.3570932206653	566.1437476220201	0.0	927.1131650952511	509.56787442125193	0.0	944.8022039541421	593.1097310288894	0.0	946.971517400949	666.3338685338394	0.0	927.0937637273785	520.8368819884054	0.0	939.0949717612383	592.9516261584758	0.0	947.5677111426874	655.633403772983	0.0
428	17.15068100358423	1046.5583051330157	574.8236622728919	0.0	1038.3112644899854	576.1702419597877	0.0	972.1669930611451	640.6892564225125	0.0	1073.9580724441753	639.5057099057052	0.0	1094.0774666619077	658.4702950321308	0.0	1097.497004396787	656.746232594229	0.0	1097.476149354246	624.5133121569344	0.0	1053.6873135334706	575.5615031746177	0.0	1044.530979970435	689.9839138463337	0.0	1151.4539211473443	647.2984307957385	0.0	1167.7327719081927	686.9152251227571	0.0	1172.517271959537	682.032766045068	0.0	1160.9425172792244	635.5937421108829	0.0	913.8138428838589	526.3274460780344	0.0	852.1938799215177	568.119973675845	0.0	894.4182277742993	566.1172366902518	0.0	927.664336141343	509.5565648678049	0.0	941.8828623388303	592.3149089042611	0.0	948.0727533542977	664.5861517393447	0.0	927.2673668617032	521.2849813705936	0.0	939.219288569712	592.78274953265	0.0	946.8770335157637	657.3810427463953	0.0
429	17.190752688172044	1046.3918449146176	574.9001154923892	0.0	1037.3905070218386	576.6609595334414	0.0	972.4045099200689	640.6870421826643	0.0	1073.8831198691691	639.4270561319765	0.0	1093.7745603956641	658.8889354402526	0.0	1097.2219556621626	656.2892567731898	0.0	1096.5777558187156	624.8130994551499	0.0	1053.7095523765624	576.1678779047156	0.0	1044.859509804041	689.6883086444927	0.0	1151.417225738222	646.8478477835794	0.0	1168.8080304928544	686.277643953511	0.0	1172.201676339788	681.599737176283	0.0	1161.0026881556196	635.2736773098114	0.0	913.696623357631	525.9867033324746	0.0	852.3157932169349	568.3380543022358	0.0	894.3772331582717	566.2777420290881	0.0	927.7919877457155	509.1294777481728	0.0	939.5110877069911	591.3720560982096	0.0	947.7367051176473	664.2400063384123	0.0	927.1794048537034	521.1887125787619	0.0	939.479472456031	591.9567589866028	0.0	946.3538236199727	658.6224653577748	0.0
430	17.230824372759855	1046.3372720290545	574.9720609478156	0.0	1035.6136953588602	576.8670886987686	0.0	972.7892485855901	640.7472945828317	0.0	1073.8167014368596	639.400784157385	0.0	1093.1346939555247	660.1795621346602	0.0	1097.2467623187376	657.1082111543188	0.0	1095.4074468191031	624.3107942779577	0.0	1054.0675679159501	577.0570910109287	0.0	1044.7708200706907	689.2062398559299	0.0	1151.3314860836692	646.6669757147249	0.0	1169.4636136511804	686.4883843868943	0.0	1172.06352542289	681.1426462562449	0.0	1160.684695222993	635.2933535823385	0.0	913.6797989511274	526.1102652502886	0.0	852.0562644062454	568.1100698713724	0.0	894.2674470987074	566.4996570528856	0.0	927.2748514800245	509.53361643032383	0.0	938.839237445443	591.3208160667746	0.0	946.3319112444051	665.6873133917829	0.0	926.8932236637582	520.5168249415312	0.0	939.7572360042491	591.3846515251487	0.0	946.323119975146	657.2841656425434	0.0
431	17.27089605734767	1046.3819552013665	575.1426527339734	0.0	1035.657504500905	576.3289005297368	0.0	972.6431421259939	640.7383886373425	0.0	1073.7833914749463	639.3947798059783	0.0	1092.5942044461226	660.2909175480819	0.0	1096.864792940356	657.0869811887871	0.0	1095.3674038889715	623.9343091352604	0.0	1054.301958828529	577.7015198659317	0.0	1044.366698697895	689.1498989597986	0.0	1151.0495458400858	646.8609534897338	0.0	1169.2148615235033	686.6681487478877	0.0	1172.2637673288366	680.7977973441468	0.0	1160.3389803341681	635.2512547701385	0.0	913.796813766613	526.4653522937183	0.0	852.209604696844	567.8827559209954	0.0	894.2426692191793	566.4268865199076	0.0	926.8162195229168	510.35303145103256	0.0	939.2679488897356	591.3603324269893	0.0	946.2095425588088	664.9227691542739	0.0	926.8045682444874	520.5453715805784	0.0	939.84433025013	592.1707681623303	0.0	946.3403035797373	655.9162539701185	0.0
432	17.310967741935485	1046.3341718231509	575.1847270047246	0.0	1037.2649096214814	575.683231651349	0.0	972.0764009754326	640.708946900793	0.0	1073.7623529200516	639.3304199146168	0.0	1092.5071580123617	660.1684391692945	0.0	1096.4652171396067	656.0650242670669	0.0	1096.0348255227923	624.2262212894043	0.0	1054.4071042142705	577.7015646559001	0.0	1044.3112402990532	689.5078762232469	0.0	1150.821660694839	646.7809603352157	0.0	1169.339293136134	686.3931757081945	0.0	1172.3677963363446	680.2898073955237	0.0	1160.4445227824651	634.7889525694841	0.0	913.8135704358916	526.5888113443616	0.0	852.603340430826	568.0947733321789	0.0	894.3052181650775	566.1575855959793	0.0	926.8337840440446	509.8327174337917	0.0	940.6441033862337	591.1387676781842	0.0	947.2929041469779	661.7445059367665	0.0	926.9968652077403	522.0763488143948	0.0	939.8280273477296	593.293112502627	0.0	946.2656196006664	656.7213198267443	0.0
433	17.351039426523297	1046.1798905672194	574.9734944241011	0.0	1037.4554304409403	575.6994116080448	0.0	971.8419572054074	640.816263894544	0.0	1073.6461763481198	639.0648404314255	0.0	1092.6597242181842	660.5111655120246	0.0	1096.5218431418687	655.8507931491339	0.0	1095.7201263228003	624.3126159057923	0.0	1054.4128282388244	577.1894349522825	0.0	1044.614933949697	689.6528366881195	0.0	1150.9613878364162	646.5977094013383	0.0	1169.9801520144151	686.23441305958	0.0	1172.2613882114792	679.8923260223768	0.0	1160.7299777610813	634.3986300335927	0.0	913.7230634955333	526.4214827575685	0.0	852.4093722403586	568.3827958211727	0.0	894.2957193311798	566.0749358027076	0.0	926.9379409090034	508.3851782259237	0.0	941.3241937968268	590.918935299765	0.0	947.3571666506407	661.3702454899246	0.0	927.1057504780715	523.4320502899837	0.0	939.8160379277901	592.6558814397131	0.0	946.6785210421879	657.5644494262501	0.0
434	17.391111111111112	1046.0448931553742	574.653041250756	0.0	1036.3650375738162	575.9130415106563	0.0	972.1832032787778	640.9191103749172	0.0	1073.4027741654554	638.6206019905685	0.0	1092.7083673102866	660.6635602161911	0.0	1096.6985093930957	656.7284752618491	0.0	1094.8994722170655	623.8596161367819	0.0	1054.1401036421853	576.8491023312309	0.0	1044.7979939002064	689.5248610395511	0.0	1151.2952420201443	647.0412710988337	0.0	1170.342044974075	686.3600514825451	0.0	1172.228765943521	679.8806822183883	0.0	1160.659580049541	634.3569269611655	0.0	913.7534398658225	526.3173796623366	0.0	851.7636336198768	568.25145211824	0.0	894.3069847485964	566.196047892358	0.0	926.92984600196	508.1391711552062	0.0	940.1023126941698	591.1977620679165	0.0	946.436969891756	664.2548904556705	0.0	927.001115966719	522.8153689922026	0.0	939.8558951787361	590.7210380993589	0.0	947.6982951201418	656.5922888627152	0.0
435	17.431182795698923	1046.0407045008776	574.5625979341298	0.0	1036.6210994985406	575.9569570050415	0.0	972.4935254094155	640.7333374362022	0.0	1073.4408497732416	638.4002524538289	0.0	1092.6446379272977	660.5132414536857	0.0	1096.8487744232289	657.0999800871816	0.0	1095.1194370032658	623.8518731508605	0.0	1053.7987740411718	577.1997573822264	0.0	1044.8453567457232	689.5096708413498	0.0	1151.4042825922288	647.7591279843383	0.0	1170.153808021013	686.538371190316	0.0	1172.3126927196336	680.1122183507533	0.0	1160.2889130648232	634.5116590302878	0.0	913.8852750264158	526.4561702799172	0.0	851.6542537281032	568.1029559552821	0.0	894.6885761869055	566.196209944214	0.0	926.9710503643546	509.2907822430825	0.0	938.7395959229959	592.8127558668796	0.0	946.6769175468578	665.5478622645232	0.0	926.9780948105806	521.6196829343041	0.0	939.8953923023839	590.6213790144233	0.0	948.2919095948034	655.4812447446836	0.0
436	17.47125448028674	1046.1646071150426	574.9176625206378	0.0	1037.721755886953	576.2224126695047	0.0	972.3100359042726	640.3756826091003	0.0	1074.0777129953706	638.584949879406	0.0	1092.657511655712	660.4404720758253	0.0	1097.202156637454	656.4038927026176	0.0	1096.0772499949355	624.3662574744643	0.0	1053.738852177911	577.811736072707	0.0	1044.973656796185	689.5940190526137	0.0	1151.2612070985201	647.8946563739144	0.0	1169.9829622526292	686.7437554597753	0.0	1172.4950599736392	680.4571269128053	0.0	1160.1630401111631	634.7724071582821	0.0	913.9178293507707	526.6321219580266	0.0	852.1374641219086	568.4595022366716	0.0	895.3451582220762	565.9440874539232	0.0	927.0355345587415	510.17488173657824	0.0	938.5599141132259	594.7714056021526	0.0	947.8464579620661	664.2265699123791	0.0	927.1223171700228	521.9593426514756	0.0	939.8656815253692	592.5921792638699	0.0	947.9453034807083	655.5683372200454	0.0
437	17.511326164874554	1046.254653642201	575.2628351225321	0.0	1037.6211942116352	576.531743180993	0.0	972.1090506676801	640.173694128756	0.0	1074.6247132607514	638.8236014239625	0.0	1092.9274726649874	660.6341049066918	0.0	1097.6717820255471	656.1396757076986	0.0	1096.57294900226	624.3851711543131	0.0	1053.8747071091998	578.0161408904506	0.0	1045.084191906329	689.5967994043173	0.0	1151.1021707570944	647.5407486832966	0.0	1170.1797670641486	686.8858433798407	0.0	1172.7775416062548	680.8875967983668	0.0	1160.447304473617	634.9757716682913	0.0	913.864725012305	526.6296192001772	0.0	852.2734570573188	568.7867177333333	0.0	895.7258638437381	565.6941198794308	0.0	927.0007360692897	510.0452343403065	0.0	938.7498742076166	594.3124537678813	0.0	947.6898813143572	663.9310799549023	0.0	927.1651629744198	522.9497377138694	0.0	939.7633520489868	592.9084979128567	0.0	947.5596568199081	655.8608942192484	0.0
438	17.551397849462365	1046.3155627822073	575.1522793770648	0.0	1036.8593360563343	576.4421859711624	0.0	972.3571689100937	640.168775099196	0.0	1074.3839648865385	638.911497644735	0.0	1093.303239242091	660.9655511701715	0.0	1098.028314584545	656.9957058390053	0.0	1096.3531404601963	624.0587933425161	0.0	1053.9611656292145	577.8368440544157	0.0	1045.0798446372746	689.5774108459567	0.0	1150.9956654839127	647.2517268476362	0.0	1170.3837891774947	686.7370905927365	0.0	1172.9511695997394	681.3784466366499	0.0	1160.8255239813598	635.0125992166456	0.0	913.8605963793094	526.5831818836401	0.0	852.0260892807199	568.5985760861988	0.0	895.699524084909	565.6636759341002	0.0	926.959650885854	509.6091760410374	0.0	938.7545355013317	592.1083697182593	0.0	946.5533996006225	664.8983757882773	0.0	927.0451713542392	522.7592811202879	0.0	939.5725692194922	591.2024009757624	0.0	947.6479176781475	655.7260760736003	0.0
439	17.59146953405018	1046.5370127364433	574.8885304033563	0.0	1036.8191367712873	576.1962564376879	0.0	972.5601725130439	640.207597004921	0.0	1073.9122515870376	638.9637804715393	0.0	1093.497054618	660.901116566848	0.0	1098.2519720066998	657.3119880085238	0.0	1096.1202547607566	624.2738981722921	0.0	1053.9298050524897	577.7111685273807	0.0	1045.060908366594	689.5866540777934	0.0	1150.9878467296533	647.0056588845507	0.0	1170.3648473918834	686.5156514324524	0.0	1172.9059213409294	681.7489505333825	0.0	1161.0524439030496	635.0094522937535	0.0	913.8958832807746	526.6573331941568	0.0	852.1285690795677	568.606147760234	0.0	895.6172249600666	565.7630714778179	0.0	927.0354551479924	509.47967827201404	0.0	938.7936679770769	592.1307465777925	0.0	946.7660316399729	663.2213339497496	0.0	927.0155966094026	521.8515211548909	0.0	939.3685544743523	591.1259051669596	0.0	947.6972170967621	656.0997628665442	0.0
440	17.63154121863799	1046.7165532908557	574.8173130745408	0.0	1037.2532701052314	576.1245642276136	0.0	972.3835186931067	640.1716293971297	0.0	1073.863046574829	638.9605266821796	0.0	1093.5239497307352	660.2956839811895	0.0	1098.227424023317	656.240574207559	0.0	1096.2798183526506	624.5944021627096	0.0	1053.858386976133	577.7995685261868	0.0	1045.0875266715902	689.5523752801571	0.0	1151.1674462588228	646.755462771197	0.0	1170.2998472481358	686.7109192830143	0.0	1172.8304374484367	681.5617019620003	0.0	1160.9578963357922	635.0156573990412	0.0	913.8773484116583	526.6768643783498	0.0	852.5109078752286	569.3163597797142	0.0	895.6553337478226	565.8251958949877	0.0	927.0651441869138	509.5588672541551	0.0	938.8501664322737	594.3327336399304	0.0	947.8279232536343	660.3191222818962	0.0	927.1292639188	521.4907979119864	0.0	939.1624249326325	592.7258513347942	0.0	947.544284113744	657.3010659936871	0.0
441	17.671612903225807	1046.5845812016687	574.8159646799966	0.0	1037.4655775472006	576.1193602287019	0.0	972.4230474873457	640.0402626102165	0.0	1074.0003328009268	638.8334712413575	0.0	1093.525821553637	659.9172497132645	0.0	1097.996252382038	655.2157949410414	0.0	1096.3809459224615	624.1474336467222	0.0	1053.850511219718	577.8354041826475	0.0	1045.1475176065244	689.4932565600261	0.0	1151.5465308874018	646.7861704669351	0.0	1170.308127385831	687.2754544344689	0.0	1172.8589046066372	680.9868366905048	0.0	1160.7809563369228	634.9540005294882	0.0	913.8023807260777	526.5697868561978	0.0	852.6520621502156	569.9566942038152	0.0	895.6954491704728	565.7757230390606	0.0	926.8354855152976	509.6590553987227	0.0	938.703837046631	594.6314673332927	0.0	947.254798424193	661.574234250695	0.0	927.1340613712287	521.5319271587784	0.0	938.8222144727151	592.6236030024653	0.0	947.5428191529636	657.4365345072576	0.0
442	17.71168458781362	1046.4211387625983	574.7726500996894	0.0	1037.5636713305225	576.0772432820991	0.0	972.7747386839085	639.9876555467009	0.0	1074.0357899498931	638.7299851624682	0.0	1093.5420832948398	659.999887502117	0.0	1097.985772235019	655.0801540222343	0.0	1096.3870787963701	623.8776327056112	0.0	1053.8796134972572	577.6503687316127	0.0	1045.1645212079575	689.5080807033614	0.0	1151.988536720796	647.0791704592193	0.0	1170.3264139285907	687.6033473302838	0.0	1172.9023721391764	680.7317514522629	0.0	1160.9777953029584	634.853657080934	0.0	913.7486789775842	526.5554473206487	0.0	852.5364319779069	569.9211321359403	0.0	895.6125553611461	565.7467737740053	0.0	926.7906498081268	509.88445025082456	0.0	938.5276979728915	592.3054924659133	0.0	945.7458114053874	664.6562791058453	0.0	926.944092754707	521.5392756855483	0.0	938.5065486618298	590.948979354407	0.0	947.5541891366522	656.4959680690928	0.0
443	17.751756272401433	1046.426019965766	574.9643211315619	0.0	1037.6685144863632	576.2677232770457	0.0	972.7123197613334	640.2920073176927	0.0	1074.055009012892	638.7851938505808	0.0	1093.5689929061612	659.7928228867393	0.0	1098.2183410383004	655.1878590947524	0.0	1096.947735523329	625.1947349991249	0.0	1053.8597275852321	577.5211806636507	0.0	1045.0752106748976	689.5618864303392	0.0	1152.2201925679815	647.479839401047	0.0	1170.321134830201	687.3618505581906	0.0	1172.8749067074127	680.6995101693551	0.0	1161.3266410100448	634.810853903485	0.0	913.7355541113498	526.590742189112	0.0	852.4436045673248	569.7567516926702	0.0	895.4873865745694	565.9830452975343	0.0	927.6468798309857	510.0392963215954	0.0	938.7965214507503	590.2747344033033	0.0	946.0757407492702	663.2271226495865	0.0	926.710478825057	521.7790618345947	0.0	938.4716550375637	590.980403314422	0.0	947.1814671589636	658.1515594998916	0.0
444	17.79182795698925	1046.3663748729664	575.6048333419685	0.0	1037.1883479488044	576.8973876056989	0.0	972.1790139379128	640.8526778394805	0.0	1074.1155636177202	638.8384269834443	0.0	1093.613777222111	659.2105702123611	0.0	1098.342147823539	655.1461270170635	0.0	1097.7180073021634	626.6480181701821	0.0	1053.8342845452416	577.6504993098899	0.0	1045.054293616266	689.4899557047623	0.0	1152.2048783181674	647.8331997103923	0.0	1170.3494550667915	686.8860760364921	0.0	1172.8411655523114	680.4732459149388	0.0	1161.434805055139	634.8963773653484	0.0	913.6674093905824	526.4565230477043	0.0	852.4748093106388	570.0160798388646	0.0	895.4755614891058	566.3992881140856	0.0	928.7467256332852	509.3779383324395	0.0	939.3893161433691	590.1170865353043	0.0	947.6445090818422	659.5643930484649	0.0	926.4836357806608	522.1521163851538	0.0	938.5527852856932	592.7163149714697	0.0	946.7717388420463	661.5594299188884	0.0
445	17.83189964157706	1046.1543334933253	576.175434702506	0.0	1035.9382111000275	577.4594224433101	0.0	971.8067380754235	641.1499413183575	0.0	1074.1493440104462	638.6387727038634	0.0	1093.682761308426	658.986196763171	0.0	1098.4883290595376	655.1363475186736	0.0	1097.7236506530458	625.8483233764473	0.0	1053.8712964972299	577.6935720960505	0.0	1045.2615768556084	689.2174945539595	0.0	1152.2125381882167	647.804458403034	0.0	1170.3388000532964	686.6523038035895	0.0	1172.9028298544508	680.2598532327237	0.0	1161.416752750248	635.1769018657616	0.0	913.5361306068564	526.3645061018128	0.0	852.5063218171256	570.4410153372437	0.0	895.4982350459866	566.7512714400883	0.0	928.813954334677	508.3713031998326	0.0	939.5848101178044	591.6575234961942	0.0	947.7697642310767	660.1129748476558	0.0	926.3184069862298	522.2189574676302	0.0	938.37606808933	593.1959779977582	0.0	946.8938570918665	661.2258736285471	0.0
446	17.871971326164875	1045.9978942326684	576.1006085587986	0.0	1035.152171686905	577.3924128078276	0.0	971.8580522360355	640.9897012393485	0.0	1074.1345896522862	638.3730710041984	0.0	1093.7088133882394	659.3215885540674	0.0	1098.7867036740943	655.2177709361845	0.0	1097.2069330938039	623.9092796262588	0.0	1053.8884680824183	577.3409146773178	0.0	1045.4164110782592	688.9806267762025	0.0	1152.2730139506684	647.4534732443271	0.0	1170.1319955417084	686.8441256012072	0.0	1173.0277518715318	680.3789651607634	0.0	1161.4619080833695	635.5030275480462	0.0	913.5166632437158	526.6549152778213	0.0	852.455152180012	570.5668019462503	0.0	895.4276609719707	567.0789207298096	0.0	928.310187120581	508.73151161736376	0.0	939.4050491425212	593.6573620364625	0.0	946.6076876567232	663.3176792738511	0.0	926.3609464137429	522.222452951651	0.0	937.9503073311869	592.3476826973025	0.0	947.2942726444608	658.3740961296139	0.0
447	17.91204301075269	1046.0505251771817	575.7905700768148	0.0	1035.7145970214033	577.0920805285573	0.0	972.1203765894388	640.7219588936081	0.0	1074.105617940411	638.4899750007053	0.0	1093.6692285085096	659.6487032782406	0.0	1098.8063557926228	655.2071814554827	0.0	1097.0281520551735	623.4625796142128	0.0	1053.8047474241052	576.9578912244054	0.0	1045.2355983003117	689.171580039892	0.0	1152.0576939910175	647.1839307667216	0.0	1169.8133604240477	687.1060506361698	0.0	1173.0606681477038	680.603375768462	0.0	1161.4018992089668	635.4748066297628	0.0	913.6109817538829	527.1449000550598	0.0	852.416160950047	570.4546645224796	0.0	895.3772574907197	567.3637767251946	0.0	928.3170917522621	509.995047411422	0.0	940.0141813056197	593.952178426434	0.0	945.9835747729944	663.2868551588424	0.0	926.59133042439	522.4347997590272	0.0	937.7212392589248	592.482584410308	0.0	947.3930460565167	658.8689717655526	0.0
448	17.9521146953405	1046.0882582634124	575.7344067452086	0.0	1036.4763298078708	577.0283664565603	0.0	972.4927463012828	640.7141400028967	0.0	1074.0138157302586	638.7692596565417	0.0	1093.6258514834126	659.5488230441932	0.0	1098.2889827405115	654.978003361791	0.0	1097.0613932467234	624.18559919996	0.0	1053.7546029642835	576.9609870338397	0.0	1044.947798215107	689.7034944500369	0.0	1151.5113264474896	646.9648643739972	0.0	1169.577282486287	686.7368311098309	0.0	1172.9590105655855	680.2911129699258	0.0	1160.9461099019595	634.9664565800158	0.0	913.551408871246	527.383565383851	0.0	852.4468221495749	570.4213622666505	0.0	895.4019889223517	567.4082785376903	0.0	928.5898755750997	509.8599628099137	0.0	941.7223180009962	592.702438245869	0.0	946.1291663477405	660.6437267073006	0.0	926.7911027309465	522.6376396737704	0.0	937.7715651187737	593.8728581999231	0.0	947.129678216784	661.8028395404789	0.0
449	17.992186379928317	1045.7589250518395	575.6352154300362	0.0	1036.255952996485	576.9182582912051	0.0	972.9736597236199	641.0519325312354	0.0	1073.8176642481449	638.658141638334	0.0	1093.5968701218983	659.2378054671842	0.0	1097.653408223128	654.7779979180093	0.0	1096.6259503617543	624.1323361117649	0.0	1053.7936475565432	577.1339901176057	0.0	1044.864554928852	690.0109050895765	0.0	1151.133157999706	646.557998788743	0.0	1169.5986527113478	685.8752405154605	0.0	1172.874367084808	679.4936597343838	0.0	1160.4032711747977	634.4236118889755	0.0	913.3050951440076	527.2410345933853	0.0	852.432421584479	570.3696793839254	0.0	895.3360008038728	567.2373830756991	0.0	928.6187884741651	508.51280096711787	0.0	942.6670527446772	592.6810852310239	0.0	946.3353374672809	660.3178299300914	0.0	926.5941246936516	522.7830772304759	0.0	937.6834646167603	595.0367571403045	0.0	946.78752955454	662.0602814655424	0.0
450	18.032258064516128	1045.3349889692552	575.4199267811232	0.0	1036.1634359329403	576.7088021161719	0.0	973.1560022112596	641.445940766753	0.0	1073.7068463528656	638.3737350106333	0.0	1093.7344100226555	659.1097168138772	0.0	1097.5640182305513	654.9633557275396	0.0	1095.9454422821505	623.8541253512155	0.0	1053.6025527174957	577.165250107112	0.0	1044.981650493871	689.8236675064924	0.0	1151.2638402140672	646.3302454852679	0.0	1169.9572282803008	685.6231307255329	0.0	1172.8948796072898	679.1817933685668	0.0	1160.2977280838904	634.386448447872	0.0	913.2260235740226	526.8830565049349	0.0	852.3254917641349	570.2645799759373	0.0	895.1921441052634	566.9745394222845	0.0	928.5530451018817	507.9369248805393	0.0	941.783587331757	593.9962374303304	0.0	946.3393478368317	662.6225772927938	0.0	926.1028972255017	522.8983284285308	0.0	937.3852611570227	595.3197844046032	0.0	946.4893867297818	659.6398947680739	0.0
451	18.072329749103943	1045.3586274386103	575.5231848285064	0.0	1037.2953081288492	576.8212370973672	0.0	972.7643587497828	641.5373474032731	0.0	1073.729711831677	638.3556342450469	0.0	1093.9649347865509	659.3219900544244	0.0	1097.846676430997	655.3783853193056	0.0	1095.6678549813766	625.2412817162357	0.0	1053.164750393384	577.1740690351816	0.0	1045.1167122958275	689.3923341186701	0.0	1151.5147621804865	646.7031119140212	0.0	1170.342810689991	686.154454758427	0.0	1172.9457468034543	679.5524933610046	0.0	1160.2685078106686	634.6820097798923	0.0	913.4451798222897	526.4823628436008	0.0	852.2818943859737	570.4871452636525	0.0	895.1870265589913	566.7427755017086	0.0	928.5687000913599	508.20330755889506	0.0	940.7426974877072	593.8141159457629	0.0	946.4040393545845	663.7853276731206	0.0	926.1297936579884	522.8952799414088	0.0	937.2085911204622	595.0286597671563	0.0	946.2279230979689	658.3953820638633	0.0
452	18.112401433691755	1045.6014908593797	575.9332224958471	0.0	1038.0554399302334	577.2248517404015	0.0	972.2842601585412	641.4270315569279	0.0	1073.628764977561	638.4854221196686	0.0	1094.0369361249834	659.6224524839301	0.0	1097.788013671714	655.6083203776604	0.0	1095.746851740587	626.7592406518181	0.0	1053.1051552300282	577.3089259342188	0.0	1045.1372609740845	689.138587378425	0.0	1151.5514426730763	647.0558437310651	0.0	1170.4755846887708	686.4455791487316	0.0	1172.9827334912293	679.6799655651475	0.0	1160.0443113377837	634.5828690923976	0.0	913.6152158942994	526.248558721578	0.0	852.37323067237	570.9519469229397	0.0	895.2896313609348	566.7453938507491	0.0	928.5489108765669	508.3468366312376	0.0	940.7021790117185	591.8953160411052	0.0	946.828031789039	662.6057070456885	0.0	926.641260126776	522.7306092796007	0.0	937.2424696919214	594.201913054603	0.0	946.0880014771814	659.271472294425	0.0
453	18.15247311827957	1045.6311740022354	576.0363955244255	0.0	1037.4613002942174	577.3200826906468	0.0	972.2495993213547	641.3852843629802	0.0	1073.5608275350594	638.5396224542136	0.0	1094.4528128692243	659.5548279876048	0.0	1097.919858011388	655.610232759802	0.0	1095.9878091865387	625.6169885578944	0.0	1053.5236485467067	577.3665063374547	0.0	1045.1306630408026	689.2416916371054	0.0	1151.6256735098282	646.9090544495392	0.0	1170.3661179589203	686.3657774299186	0.0	1172.938822839131	679.4458169578731	0.0	1160.2945206863942	634.108675504486	0.0	913.5486427471467	526.3782358432774	0.0	852.4287961274879	571.0462757062919	0.0	895.2849355909364	566.9368950785296	0.0	928.3014181504642	508.2815462875591	0.0	940.8151282822647	590.6303811407596	0.0	947.1925357395983	661.8144219265016	0.0	926.6558929476885	522.445009521683	0.0	937.2242349031684	592.7980518846223	0.0	946.0999187080831	659.6709602574131	0.0
454	18.192544802867385	1045.5584103147798	575.5370327952619	0.0	1037.233039455551	576.8278476424875	0.0	972.5223375780865	641.4032549490532	0.0	1073.90729435627	638.6080186644604	0.0	1095.2491759139862	659.2376434600509	0.0	1098.8793663639703	655.5732499120312	0.0	1096.2292930241354	623.8020029255086	0.0	1053.6413451208784	577.212096210905	0.0	1045.196363637052	689.5183384177784	0.0	1151.6883700819365	647.0049875280284	0.0	1170.0193439188456	686.5498728024336	0.0	1172.674837480883	679.5842429338913	0.0	1161.0455674449527	634.0019431003101	0.0	913.4789437046832	526.8094399144732	0.0	852.351817761102	570.6959526055848	0.0	895.2579050696019	567.2075340288534	0.0	927.9262896760454	508.25390654589944	0.0	940.490496282793	590.7014343649888	0.0	947.0006051667519	663.0411161510912	0.0	926.1069721262601	522.2778940361794	0.0	937.0593592414922	591.4795019439082	0.0	946.132852146776	658.3503994638761	0.0
455	18.232616487455196	1045.4369973073221	575.0649708518606	0.0	1037.8411732974419	576.3635563077678	0.0	972.6733909154871	641.3993733979164	0.0	1074.4318222239003	638.8711390481752	0.0	1095.2018195639544	659.1501642692258	0.0	1099.3596552637337	655.5438047206326	0.0	1096.0796026944795	624.7764435310244	0.0	1053.1112553671073	577.0317701863605	0.0	1045.1697995345892	689.7631002437931	0.0	1151.4386986355614	647.5241367043942	0.0	1169.8665251778773	686.8566985280402	0.0	1172.4044382408554	679.8177014597995	0.0	1161.465001001995	634.2141048923667	0.0	913.5241030030936	527.2526894844787	0.0	852.3982117040887	570.5267952964791	0.0	895.5611264768131	567.6010684182347	0.0	927.915771376396	508.44057513156383	0.0	940.2296385762984	590.9809616705073	0.0	946.8959603929818	664.0123192277931	0.0	925.7314652964388	522.3334656681556	0.0	936.9749682866006	591.1723827029509	0.0	946.0635530779809	657.1515013147521	0.0
456	18.27268817204301	1045.216228996763	575.1752242134235	0.0	1037.9075397787594	576.4744231246926	0.0	972.6439663444844	641.3959343477752	0.0	1074.596991773471	639.0675230929637	0.0	1094.3224128211286	659.2623156784684	0.0	1098.5694623903519	655.4796953107399	0.0	1095.6718215492704	626.7970784585705	0.0	1052.5518431865078	576.8975986135539	0.0	1044.955308557474	689.754796533996	0.0	1151.1998101654133	647.5396694750294	0.0	1170.3690318154556	687.006100186257	0.0	1172.4946473354532	679.5024182571176	0.0	1161.3752531620196	634.1272722124992	0.0	913.5226373247222	527.3353227711191	0.0	852.7307980657939	570.8205320772208	0.0	896.1608912859514	567.9092420832898	0.0	928.3827832836434	508.8484283079258	0.0	940.3924150792855	590.9444260087063	0.0	947.2968899662739	663.0957603539176	0.0	925.7811008009593	522.3906254414317	0.0	937.1062187287116	591.8279213976028	0.0	945.947878171841	657.2182897188529	0.0
457	18.312759856630823	1045.1142518439665	575.5050619520393	0.0	1037.5193054414353	576.8126905757703	0.0	972.6719167464837	641.4643235104802	0.0	1074.316967363189	638.7486083118822	0.0	1094.1977478931221	659.4744963494106	0.0	1098.1386755147205	655.4455992385505	0.0	1095.6222961403275	626.3688179093223	0.0	1052.5757793198632	576.7800840249299	0.0	1044.8120425767156	689.3218081910084	0.0	1151.4151562569327	647.0123124531704	0.0	1170.7290105260822	687.099955761822	0.0	1172.6453298369793	679.3245611588321	0.0	1161.1788514005639	633.8673824826764	0.0	913.3860167963409	527.074020554994	0.0	852.8662461621154	571.0058670087725	0.0	896.4059934890181	567.9375173710482	0.0	928.5730252536447	509.16763583727663	0.0	940.5959422359828	590.9346680732876	0.0	947.1131756819341	662.6218718607889	0.0	925.8990581010564	522.2977275867815	0.0	937.3315809392352	592.0939205165039	0.0	945.9332389839907	657.5669028944867	0.0
458	18.352831541218638	1045.1836347947672	575.604713581355	0.0	1037.7232976802256	576.8826951781975	0.0	972.8927841818212	641.6432264356786	0.0	1074.0976155196813	638.192835560216	0.0	1094.9596172313802	659.8546759514351	0.0	1098.7942292850285	655.5095815303426	0.0	1095.8810243434568	624.4078931539434	0.0	1052.9344472905996	576.8525673609448	0.0	1044.8999554690695	688.9347357841996	0.0	1151.8287622425842	646.8955294436482	0.0	1170.1071159262642	686.9763641950867	0.0	1172.387288032679	679.8178322001924	0.0	1161.0852309727559	633.9574377119469	0.0	913.237453612112	527.0753747448325	0.0	852.4532677572926	570.6892245425028	0.0	896.0054911917309	567.7769816277546	0.0	928.061783100409	509.17616614310805	0.0	940.5899492992821	591.0925139802556	0.0	946.4629163019838	664.0825348289738	0.0	925.7251655090955	522.1811736017708	0.0	937.3465878626781	591.7204699043722	0.0	945.9786698810403	657.5983903549159	0.0
459	18.392903225806453	1045.217757863195	575.4623760547255	0.0	1038.4132953886212	576.6286823972551	0.0	973.1929609174824	641.8066352125815	0.0	1074.2497649082752	638.034334086961	0.0	1094.9911930072417	660.0485421662322	0.0	1098.865667342021	655.5926208321268	0.0	1095.9125230191203	623.7381538123802	0.0	1053.0594680978295	577.1183641468691	0.0	1044.9310912979622	689.1061362643021	0.0	1151.868665229451	647.3064062774761	0.0	1169.6472473133097	686.5118708856032	0.0	1172.2387924659643	679.9961618527169	0.0	1161.2562797945639	634.3704557920056	0.0	913.210913124912	527.5513680943711	0.0	852.0168187632062	570.4194359334399	0.0	895.6944660365197	567.4982231513786	0.0	927.4971767538533	509.03409214829765	0.0	940.5905042107081	591.1617618457702	0.0	947.2759696397527	664.7369607405851	0.0	925.4035577732869	522.3475695228346	0.0	937.0412065198079	592.3829255342674	0.0	945.907299868146	657.647844089663	0.0
460	18.432974910394265	1045.2066998750677	575.2703255536305	0.0	1038.703200365589	576.2791499971756	0.0	973.3156579374817	641.7820603725038	0.0	1074.1372971102098	638.2780217483987	0.0	1094.0404425932097	659.7074034528983	0.0	1097.844662681161	655.634208663368	0.0	1095.7714169404312	624.2968100665148	0.0	1052.9559377265084	577.1465416091097	0.0	1044.7050067702335	689.3834873441158	0.0	1151.5097883026856	647.5133553211954	0.0	1170.6726591702045	686.0705249449237	0.0	1172.856852477914	679.1889378922817	0.0	1161.6676710239096	634.6316537133036	0.0	913.2611927952069	527.93229513227	0.0	851.971066851385	570.7576994534721	0.0	895.9136727764533	567.3060968213132	0.0	927.4753670799117	509.03812073971505	0.0	940.6575490645021	591.1326946783568	0.0	948.9317307934	663.0211032000482	0.0	925.2699050327237	522.7760276893737	0.0	936.7521531387746	593.8152517549388	0.0	945.7288371370857	657.6928176863357	0.0
461	18.47304659498208	1045.2048979702668	575.3799039068635	0.0	1038.262745135531	576.060543373875	0.0	973.2104859942614	641.5816376768628	0.0	1073.3941815377705	638.5447929038737	0.0	1093.7553271126155	659.1024157671102	0.0	1097.6524177590454	655.6712021987145	0.0	1095.8228869125512	624.309092822343	0.0	1052.907461491825	576.903501111788	0.0	1044.5580983641207	689.2526404296648	0.0	1151.1506306514852	647.4445238495948	0.0	1171.893042831814	685.9256628113236	0.0	1173.434361081177	678.1976185659192	0.0	1161.7261986717676	634.6174406920518	0.0	913.274199388812	527.8753290227121	0.0	852.021423899242	571.5083670063444	0.0	895.9293461978568	567.5169396408476	0.0	927.9897739729118	509.23633201353084	0.0	940.6922388599185	591.2280601931755	0.0	948.7952931350889	661.9615805730995	0.0	925.2313862512754	522.9572040407069	0.0	936.7056643948276	593.5627177927951	0.0	945.6481426145257	657.3436852047635	0.0
462	18.51311827956989	1045.1576577824994	575.742185592991	0.0	1038.1628770552884	575.9537507202233	0.0	973.3609523856587	641.401781337396	0.0	1073.0735772263379	638.653184321324	0.0	1094.5352432564086	658.804958452815	0.0	1098.93749815272	655.6707614237882	0.0	1096.000958859795	624.0248188924372	0.0	1052.9363944269426	577.0115774879841	0.0	1044.7085707805581	688.9541155299497	0.0	1150.9749344021295	647.6155037576665	0.0	1171.4335563126147	685.9156401751852	0.0	1173.0076701857906	678.3873602197648	0.0	1161.1031352201699	634.6850218438019	0.0	913.2495544633134	527.7824250971921	0.0	851.9496375982714	571.8217121048808	0.0	895.3847549161565	567.9062684281212	0.0	928.7763673746907	509.40310826410746	0.0	940.7194963361565	591.2884767896351	0.0	947.156921821439	662.6910408818212	0.0	925.1001192316933	522.781442928834	0.0	936.7469871336925	591.9492441977662	0.0	945.710933956392	656.9623539569359	0.0
463	18.553189964157706	1045.1519143829591	575.6590319472502	0.0	1039.3345449266242	575.9431138836094	0.0	974.1567037004659	641.4369366204294	0.0	1073.7421373509474	638.626806276409	0.0	1095.0140267718	659.1016719277362	0.0	1099.5090256587143	655.5631373345065	0.0	1096.0977528836659	625.0126167512356	0.0	1052.9463214640216	577.543980775363	0.0	1044.8684165705054	688.8613383705423	0.0	1150.9757282124983	647.8505903769029	0.0	1170.2834951524042	685.8441934128716	0.0	1172.4797645292888	679.8091044332048	0.0	1160.3384121418974	634.813805805087	0.0	913.2572363983195	527.9013422526842	0.0	851.8944276541212	571.1157390090101	0.0	894.9508438765442	567.9582745456603	0.0	929.4315342832805	509.3590673452685	0.0	940.6834538882476	590.9426365901693	0.0	946.417063658459	661.5857223863094	0.0	925.0325113043386	522.7348807593542	0.0	936.7293801017788	591.8360738305831	0.0	945.6793274007409	657.7250012682309	0.0
464	18.59326164874552	1045.2550815629988	575.0853434526683	0.0	1039.8585162581453	576.2729612471285	0.0	974.5714643981255	641.5481913488186	0.0	1074.2108930983654	638.6367119724142	0.0	1094.9966633289064	659.8590892828109	0.0	1098.456526319228	655.6368356067043	0.0	1096.0415076870738	626.3490264575097	0.0	1052.9301725072175	577.7718125132278	0.0	1044.8871210572952	688.9885804599044	0.0	1151.1361724701478	647.6505093807249	0.0	1170.295299735366	685.7066304353027	0.0	1172.9540333655186	680.4218543662121	0.0	1160.1035978338216	634.7251164768711	0.0	913.2857500271841	527.785236348327	0.0	851.8424994542249	570.4129293957666	0.0	894.8740465630283	567.8710143482201	0.0	929.4929970630285	509.19379297125965	0.0	940.3676203576279	590.8361471998467	0.0	947.060984939473	658.8783862195519	0.0	925.1763495422155	522.8841825949255	0.0	936.6686777919191	593.5311032481104	0.0	945.5853831285837	659.5879426271789	0.0
465	18.633333333333333	1045.1338397306283	574.895770914891	0.0	1037.5904023151675	576.9228102733379	0.0	973.4151918558375	641.3907532059953	0.0	1073.7363655078198	638.8384671791323	0.0	1095.1815368678224	660.482640898129	0.0	1097.8036317788215	656.2260361387267	0.0	1095.712352617409	626.0417197814995	0.0	1052.9138448997992	577.2509095665533	0.0	1044.888853137404	689.0234527164322	0.0	1151.5506074172251	647.3786613308196	0.0	1170.7492995023842	685.6798865324665	0.0	1173.5134923765966	679.5589950368267	0.0	1160.53609947622	634.8155461760734	0.0	913.2706825324465	527.4004147929127	0.0	851.7076701220612	570.7010945384905	0.0	894.787899333301	568.0677788489141	0.0	928.6281662015851	509.3641295282434	0.0	940.3434592851808	592.5665940497687	0.0	947.4534062933474	659.9644651905778	0.0	925.5503322971215	522.8044220871532	0.0	936.754517566289	594.6860881263347	0.0	946.0436336598955	660.6352294828673	0.0
466	18.673405017921148	1044.6126282418554	574.8688667308452	0.0	1035.2296955362644	576.7592049462176	0.0	972.2407152401996	641.2215858196512	0.0	1073.2672065837974	639.000442867477	0.0	1094.7382756769662	659.4156925313042	0.0	1097.885322481848	656.2145152082385	0.0	1095.595446576619	625.5003622153031	0.0	1052.8104835134193	576.2063025647267	0.0	1045.0499888322574	688.9036167543826	0.0	1152.2053287301242	647.4555120911346	0.0	1170.3099171206288	685.9888412275523	0.0	1172.8166514033271	679.6248751484635	0.0	1161.4618602793678	635.4870574942086	0.0	913.2919884460209	527.4721687854179	0.0	852.1426759336811	571.0628151943819	0.0	895.0781863384849	568.165452574681	0.0	927.6896561354174	510.36610249845353	0.0	942.2376394494875	595.2212382291985	0.0	947.012921504627	664.1365690565817	0.0	926.2290094214635	522.6157672117406	0.0	937.1281248183411	594.2438424106109	0.0	947.1577347320541	660.1854492611882	0.0
467	18.71347670250896	1044.5729515368	573.3832080481582	0.0	1037.5633547310993	574.0129233284531	0.0	973.5029209025745	641.3121385749191	0.0	1074.1906413714619	638.8776931610402	0.0	1093.8499627211422	656.6051757659112	0.0	1097.474008194468	654.7734361877162	0.0	1097.2446709366884	627.275665845393	0.0	1052.655362333016	574.7008284607896	0.0	1045.5234318721484	688.4246311684757	0.0	1152.677252870486	647.3854004441134	0.0	1169.8374471868917	686.4831580726108	0.0	1171.6844800917615	681.3679928011396	0.0	1162.949044935283	636.2109630526071	0.0	913.4040764147442	528.061854992843	0.0	853.3867218958542	570.8234900377183	0.0	896.2531610670258	567.8115000217468	0.0	928.1740585545373	511.440648276551	0.0	945.9236363256691	595.1574998739558	0.0	947.4468696799511	664.6960776350996	0.0	926.8122306200816	522.8547938662009	0.0	937.3831355725456	593.3249154134375	0.0	947.8257635787384	660.0508135462928	0.0
468	18.753548387096775	1045.8404629023137	569.6330247986723	0.0	1043.8447932466704	568.590613507225	0.0	976.17724986116	636.5319459075101	0.0	1077.62952810861	639.0443691236494	0.0	1096.6310811917933	657.095323664017	0.0	1098.1510375414061	655.5965785994108	0.0	1100.894157218766	630.3885669559197	0.0	1053.0114779737	571.5107978760423	0.0	1046.1217349528354	685.6101159374577	0.0	1153.3511676866922	646.8706977633557	0.0	1170.3165527727106	686.8109743799812	0.0	1172.0738267663655	682.5132688206363	0.0	1165.2576160703175	636.2526870254812	0.0	913.1268346125073	528.267321345748	0.0	853.0005435424	570.3536275620284	0.0	896.7856360072516	567.5361209513653	0.0	928.7169109502786	511.2131773163151	0.0	947.665866984668	592.9189783232741	0.0	948.9956881815857	661.8127799646658	0.0	926.2588799588358	523.1654503903502	0.0	937.030001401585	593.0412824712666	0.0	947.6060544549073	660.2078863002766	0.0
469	18.79362007168459	1047.4466139630374	563.4241862739439	0.0	1047.839165964875	561.8052209416344	0.0	977.4195067061983	618.1912009400962	0.0	1083.1994000593877	640.1050346733716	0.0	1103.7469662957556	664.9997611646207	0.0	1100.4417639255303	662.5842954701909	0.0	1103.4960699779278	632.9326974334457	0.0	1054.2628423863118	564.5170359901426	0.0	1047.0403605676838	677.8474598086466	0.0	1156.0549735151303	646.2257410969817	0.0	1170.8901760254507	687.2937055869029	0.0	1174.0675750131584	682.6262276090742	0.0	1169.2118826694827	635.7422589092919	0.0	911.8328426480984	527.984706376436	0.0	849.0947201447052	569.6742741696173	0.0	895.0268046192465	567.7598918810479	0.0	926.2791124066767	510.7096210165133	0.0	944.392042656014	593.3213092981091	0.0	949.0713565493377	661.6897997110204	0.0	924.7097540336448	522.9981762376265	0.0	936.3747925690994	593.4651336317161	0.0	948.3505083832762	657.6651349326219	0.0
470	18.8336917562724	1047.9373312734244	553.9075890326565	0.0	1046.4654383494747	553.2519132107826	0.0	977.3827856783996	594.2099977132691	0.0	1086.7907514128399	641.6804842852652	0.0	1106.2926614928986	675.9547454208953	0.0	1101.3451301741509	672.4213184780571	0.0	1102.7454429875352	635.4935982131786	0.0	1055.6871143077055	553.4338055104527	0.0	1049.0274683178848	665.3327024064212	0.0	1161.4884892948844	645.1971218344646	0.0	1171.000519025018	688.5387121611753	0.0	1176.2590259879426	683.4869429660057	0.0	1175.5373246527072	635.6491233097194	0.0	909.812439356674	528.1628023980661	0.0	844.6938334219318	569.2238878698167	0.0	892.4568893973691	568.1416655501133	0.0	921.9047086422992	511.70664334248715	0.0	938.8988970111116	596.4923788797653	0.0	947.155891000178	664.4608585950975	0.0	923.4816984054517	522.97208705322	0.0	936.1098150328173	594.3356029072129	0.0	951.0906640156284	653.201273324923	0.0
471	18.873763440860216	1047.4630894251607	541.3934793924693	0.0	1043.1047450583949	542.1326274164087	0.0	978.3913150831277	587.424397557515	0.0	1085.2885223576077	642.9541821231189	0.0	1098.7568307039264	683.656827649458	0.0	1099.89291695189	679.2119494090396	0.0	1101.2682949790046	638.4081343284276	0.0	1056.4790205630115	540.456839588865	0.0	1051.723124619676	651.2885698021475	0.0	1167.546462094512	643.3232365611495	0.0	1171.186803565529	690.1157781382985	0.0	1177.9787991070061	685.2014865659642	0.0	1182.534505920513	636.2629667026133	0.0	908.0211972392004	528.6874775718055	0.0	843.1448746990853	569.5464815813629	0.0	890.9639911416119	568.3106800031451	0.0	919.165272637724	513.1819640822621	0.0	936.3737013913241	598.4387877979862	0.0	945.5960705565587	665.919341385412	0.0	922.26097669198	523.1931408870907	0.0	936.5751545786833	595.1884895008952	0.0	953.1585329574871	651.6164142272457	0.0
472	18.913835125448028	1046.9253141914157	527.6216571499674	0.0	1040.3520838169648	530.1257046155985	0.0	981.1246657868438	598.9814716381321	0.0	1084.018531905876	642.5089530754835	0.0	1089.3663207647946	686.9973910063183	0.0	1097.273824121476	681.3834551876269	0.0	1102.3463676312213	640.2647814208765	0.0	1056.9025146137662	526.4978575537419	0.0	1054.7760932365647	638.1841723219125	0.0	1171.963548337689	641.3647775500688	0.0	1171.361462576957	691.1356076823247	0.0	1179.1836005938549	686.8592279559915	0.0	1187.6876832661508	636.6938535830661	0.0	907.0923477094856	528.5912033037406	0.0	842.7690332338035	569.654039256733	0.0	889.8972647538448	568.2429623307622	0.0	917.9103520377525	513.7262036335426	0.0	936.9498948862816	598.6392162254946	0.0	945.1208099612406	666.2008648789767	0.0	920.4414107920334	522.9933974696511	0.0	937.5506622033322	595.7185966904235	0.0	953.4316248110888	653.2515401320942	0.0
473	18.953906810035843	1046.344320525461	513.8293811872429	0.0	1036.8003601516339	519.0938594032639	0.0	985.9865958639718	606.380697622024	0.0	1088.8137473382544	639.334042058548	0.0	1086.4710246876464	686.7553607243041	0.0	1094.1165632245186	680.2021933608379	0.0	1105.1996860117545	640.167423984383	0.0	1057.2008875807394	511.0326452294611	0.0	1059.143364987698	625.4029753385439	0.0	1174.797869001309	640.3455606359457	0.0	1170.9429744026597	691.6671637109823	0.0	1179.7490611417072	688.462256291685	0.0	1190.6584081234607	636.4992379738326	0.0	907.1707363677996	527.9892555253093	0.0	841.1325293038815	568.8551222463553	0.0	888.6802929760064	567.9587918083002	0.0	915.9710381294774	513.6298718113057	0.0	937.2061847901841	598.9140529764212	0.0	944.7982267830937	667.05039088126	0.0	919.4190216152863	522.6116502789807	0.0	938.3403389921821	596.3124790709345	0.0	954.1868232697716	654.5892483083827	0.0
474	18.993978494623658	1045.2242190865918	501.1811582834896	0.0	1032.1811282418062	509.11263256576535	0.0	994.2733450549597	600.175550590723	0.0	1095.2318916594122	635.4597372383116	0.0	1087.7926430251855	683.6469282527619	0.0	1091.3664304383667	677.2841361238884	0.0	1108.0349006300669	638.9130012113894	0.0	1056.73860360039	496.2282287490975	0.0	1064.3233632523131	612.0479217988564	0.0	1176.7592726614241	639.7972060892318	0.0	1169.8712713430486	692.060931436036	0.0	1179.3466171374894	689.319032345865	0.0	1192.068506267682	636.198671476305	0.0	907.6367039461337	527.506315592059	0.0	840.250553399836	568.0114844065341	0.0	888.4239894651557	567.5816638303074	0.0	914.0901484064495	513.3065383999814	0.0	936.4956822049302	598.6463361677486	0.0	944.4935711128662	667.1934107170409	0.0	919.9187865199486	521.9355303798613	0.0	938.478081244883	597.115674232324	0.0	954.3790385003613	654.924899548034	0.0
475	19.03405017921147	1043.845182724326	490.7839751878789	0.0	1028.3577401348623	499.91176859301675	0.0	1003.3714584552845	589.702945648571	0.0	1097.0563234110018	633.4424557515365	0.0	1088.754923982584	679.9551213452219	0.0	1089.5160989056087	674.0531444932601	0.0	1110.4492854794116	638.0878757579055	0.0	1055.2350355017204	485.0821838192836	0.0	1068.5610971931953	599.5079538536966	0.0	1177.4560616897438	638.9300743061314	0.0	1168.4894649854505	691.9351644236975	0.0	1178.0719637437014	688.3540120105408	0.0	1192.4344050902373	636.5481803085952	0.0	907.4507849534466	527.0630602362714	0.0	842.6878365170293	567.2862887204114	0.0	889.5496348580126	567.3924110205553	0.0	913.750347260782	512.9622786936552	0.0	937.1964928676944	596.0895329949984	0.0	944.5800690663334	665.7193642795345	0.0	920.71995707515	520.7010326579075	0.0	938.0734483158235	597.5107306453752	0.0	951.8604854355153	655.6824774390275	0.0
476	19.074121863799284	1043.0597257206941	482.628088917807	0.0	1026.506051874404	491.79501670249795	0.0	1008.2413690303738	581.711872292975	0.0	1095.6989532802913	632.5550152245637	0.0	1088.9571742518494	678.077951725608	0.0	1087.9711342296605	671.6491258579399	0.0	1111.5804388721454	638.2920109234062	0.0	1053.4968621487346	477.22575894207404	0.0	1071.773037201011	589.3548304600365	0.0	1176.9199963698463	638.1312145558024	0.0	1167.0085756353956	691.2071062588284	0.0	1177.067519183363	686.7140842861024	0.0	1192.456438644127	637.7700499642632	0.0	907.1046431403863	526.1839627643542	0.0	845.6689356391541	566.2076096941462	0.0	890.7695863775896	567.2623743153524	0.0	914.2103637784068	512.7240524980102	0.0	940.126361544952	592.5983530813389	0.0	945.0643061961632	664.4653613278514	0.0	920.5712021711267	519.7621101423044	0.0	937.6048788241823	596.5643756030139	0.0	949.149133577633	656.9709963115918	0.0
477	19.114193548387096	1042.796185013035	476.3413553015695	0.0	1026.599111999386	485.4764040055044	0.0	1008.7856131749593	575.668534050371	0.0	1094.71855637722	631.5281882787511	0.0	1089.2494117442434	678.0594997371966	0.0	1086.7655018677206	670.6746463254051	0.0	1110.767506297202	638.9499244610578	0.0	1052.264055217825	470.9942539528344	0.0	1074.3327175918475	581.9459170533271	0.0	1175.9799755401743	637.8520301879893	0.0	1165.467935991422	690.5236767905786	0.0	1176.7365085946954	686.068651762323	0.0	1192.1539485070878	638.9644747839978	0.0	908.0281859504636	524.7547477908704	0.0	845.4665675539983	565.0389771902783	0.0	891.244014547272	566.8226347520247	0.0	914.4699612268389	512.505907155453	0.0	941.9573702136065	591.8723390056173	0.0	945.4210147612432	664.750052109847	0.0	919.5388333928303	519.0153749895454	0.0	937.7105267725625	593.770816683961	0.0	948.758175073162	657.4508662763271	0.0
478	19.15426523297491	1042.3211020806143	471.8576591570537	0.0	1027.4659850172834	481.29712859546396	0.0	1008.4280762247408	571.3706163435202	0.0	1094.4364650264606	630.8736412212177	0.0	1089.345688006909	678.6600767159659	0.0	1086.3044855226547	670.760091461259	0.0	1109.4264324453743	639.5288927581145	0.0	1051.3001796600008	466.19502579542404	0.0	1075.4164850285392	577.4379182735215	0.0	1174.5019918405023	637.6675951967488	0.0	1164.2900517798587	690.030271667251	0.0	1176.0254190579672	685.748198406603	0.0	1190.8049543330403	639.2672881829517	0.0	909.6440321083315	523.4499236513232	0.0	844.4151334459985	563.8910175101735	0.0	891.4895222186834	566.3345384357805	0.0	914.4968231490662	512.4201884648753	0.0	940.1725610453323	594.2192407852266	0.0	945.1805505395736	665.5573436621901	0.0	919.2601898734611	518.1903312858708	0.0	938.2788361715947	590.5725710428701	0.0	949.5759174390753	656.7422148891086	0.0
479	19.194336917562723	1041.6897854993472	469.20553205524396	0.0	1027.7609677675775	478.9559081310941	0.0	1008.7750233190061	569.784540797781	0.0	1093.8433364402351	630.9095043640501	0.0	1088.469496706898	679.3102575183796	0.0	1085.9980935694114	671.1606192271215	0.0	1108.9360502725021	639.8528323644342	0.0	1050.3423054457387	463.4258190176518	0.0	1074.5106279718893	575.8015756974363	0.0	1172.1095385224637	637.2082785295413	0.0	1163.8668471167011	689.7056448194163	0.0	1174.5491042535125	684.9841439720685	0.0	1188.421284448897	639.0398754648047	0.0	910.4255139978125	522.981144399594	0.0	846.1333630779429	562.7590554565909	0.0	891.8003895389722	566.0328462166233	0.0	914.4614319097101	512.2779422364383	0.0	938.105885858904	595.8155305650452	0.0	945.0594993847201	665.6501873473169	0.0	920.7348383183818	518.7013654365508	0.0	938.4552022360641	589.6445067769756	0.0	949.8739617622671	656.5699311207126	0.0
480	19.234408602150538	1041.462919968177	468.60381838543117	0.0	1027.3856543756249	478.66978055678226	0.0	1009.3846078700461	570.2279894964022	0.0	1092.9501172907167	631.4837484251898	0.0	1086.962635897708	679.6038470909483	0.0	1085.3967133143442	671.4396783272434	0.0	1108.8264350404672	639.9716339471287	0.0	1050.1672736348446	463.1427835224456	0.0	1072.5511576958384	576.3778107176836	0.0	1169.7729220325677	636.8867637241074	0.0	1163.4157221186047	689.9670280426162	0.0	1172.8122678150676	684.9219390077144	0.0	1186.1050842213228	638.9056988917334	0.0	910.5296293653381	523.0712113775696	0.0	848.6481645382858	562.104363949858	0.0	891.9171003413503	565.5009225586151	0.0	914.5023321015367	511.61131817542065	0.0	938.9317684589751	594.8992379887409	0.0	945.8226061432837	665.3674969188228	0.0	922.2912135754727	520.2793984144671	0.0	938.2238958379819	591.0936290012378	0.0	949.5604423889577	657.7413299416646	0.0
481	19.274480286738353	1041.7427220711675	470.00181320382814	0.0	1027.0313042275568	480.66518495209186	0.0	1009.4195312961222	571.1778893926204	0.0	1092.5954081605112	632.5124332930745	0.0	1086.3129303503451	679.3563113096538	0.0	1085.0239843912682	671.7466032192351	0.0	1108.5925481683357	640.0040213379791	0.0	1051.340282381172	464.98598470113944	0.0	1070.7193957542693	578.0553486879454	0.0	1168.6559916397953	637.2134845113985	0.0	1162.2423555764005	690.5180046970889	0.0	1171.3256892363836	685.9615925479636	0.0	1184.735201195129	638.9000617843471	0.0	910.7132203770503	523.2159127707263	0.0	848.599904059712	562.0399997965173	0.0	891.8057812002851	564.9381520420658	0.0	914.4904328808119	511.0521370034528	0.0	940.0123435555106	593.9157862409598	0.0	946.3937641976853	665.5778176153385	0.0	922.3795896790932	520.8638881176462	0.0	938.581100803879	592.0854782608666	0.0	949.7615511008703	658.5878678728538	0.0
482	19.314551971326164	1042.2198633646888	472.2082485694313	0.0	1027.0871736850759	483.30441150831206	0.0	1008.7831268545419	572.5297342311087	0.0	1092.9675800364935	633.3485219661602	0.0	1086.8353619079983	679.2670451612587	0.0	1085.067716880443	672.0786595892109	0.0	1108.4381910249185	639.8029935156296	0.0	1052.855404159059	467.57296167076476	0.0	1069.2034349910246	580.2711818397361	0.0	1168.5648565210602	637.9360178299077	0.0	1161.159827346076	690.5678564444383	0.0	1170.6179779973236	686.5117421441632	0.0	1184.4052274897645	638.8827591665796	0.0	910.7778302461531	523.4374815699236	0.0	846.9729642356417	562.1246970099857	0.0	891.6695277841703	565.288190649446	0.0	914.3359847809606	511.391928524821	0.0	938.9513351309233	594.1515726620959	0.0	945.8631678357731	665.5479132251209	0.0	922.2599675302359	520.5504216799616	0.0	939.6532286554725	591.5880570887404	0.0	950.6512595022239	658.1330899724886	0.0
483	19.35462365591398	1042.8517622168997	473.9922597558973	0.0	1027.6492507803412	484.59789664570576	0.0	1008.3696670124752	574.6701826996409	0.0	1093.256182739151	633.5901931422404	0.0	1087.1061708201473	679.6931158661622	0.0	1085.1275941227661	671.6795026975229	0.0	1108.3012318962033	639.3948730751354	0.0	1053.7424015704335	469.7177946662184	0.0	1067.9561032017696	583.1989092350877	0.0	1168.6043284390262	638.3037685365134	0.0	1160.7340893643761	690.3105119828849	0.0	1170.6763799269825	685.7380730027293	0.0	1184.6376755247052	638.9104671076719	0.0	910.4621769457899	523.6613353431992	0.0	846.3168855581148	562.0019341374716	0.0	891.8308802033421	566.2777123055996	0.0	914.8515973955006	511.8113830226818	0.0	938.3270438195252	593.6552958871836	0.0	945.3875835048392	664.2549765974659	0.0	923.1819483542401	520.4475250008978	0.0	940.0971372937743	591.928625262125	0.0	950.6001130388964	657.5848385866054	0.0
484	19.39469534050179	1043.8795195787168	475.7883974243633	0.0	1028.7925982385084	485.1906115033661	0.0	1008.5867782872895	576.4456793714635	0.0	1093.135155967168	633.6805509550832	0.0	1086.2039848753984	680.0720390049122	0.0	1084.9136598364612	671.0082187318881	0.0	1108.0935702758477	639.2190078510681	0.0	1054.6181983694346	471.4896121069579	0.0	1067.184314314508	586.2229557989258	0.0	1168.4865361265188	638.067271447781	0.0	1160.5582096015667	690.4360006652655	0.0	1170.9298974552335	684.900028266732	0.0	1184.7591953473527	639.0079669328077	0.0	910.5881618245849	523.7206139852261	0.0	846.6053975001154	561.5711943808523	0.0	892.2180975849628	566.1265288356389	0.0	916.4708186858611	511.5574426450207	0.0	939.8415241311177	592.3380486744079	0.0	945.6622257127588	663.1790601738646	0.0	924.2681161263374	520.5450001941095	0.0	939.6516313545553	593.874343718754	0.0	949.4449569402518	657.6697959050385	0.0
485	19.434767025089606	1045.0998798884893	477.9963284300534	0.0	1030.1364088969447	486.711872561008	0.0	1008.6205811610737	576.9862097688863	0.0	1093.3675851539329	633.8151686989931	0.0	1084.8924016986027	680.1339677476861	0.0	1084.2580143733571	671.6474912376284	0.0	1108.2252051171854	639.2918964860523	0.0	1056.2466490986913	473.471701173666	0.0	1066.5321422472439	588.4358437072431	0.0	1168.3692293713614	637.7025195761189	0.0	1160.4222180314316	690.7960248766844	0.0	1170.9730894525792	685.1481448767579	0.0	1184.6627760729227	638.80669680895	0.0	912.0356111055274	523.7385333902416	0.0	846.5717365777454	560.8176327473711	0.0	892.1899281767346	564.4074139378838	0.0	917.9868849942598	511.33478138135183	0.0	940.7996359791225	592.5586501185358	0.0	945.8252642679869	663.8114183804238	0.0	925.0339457162459	520.727001579609	0.0	940.0595937781443	594.7549506782243	0.0	949.6114606649542	657.5282046889052	0.0
486	19.47483870967742	1046.2520774282475	479.48420854990275	0.0	1031.1645743475935	488.6714735811477	0.0	1007.9010599358887	577.3947027057495	0.0	1094.1566638336028	633.8074777484394	0.0	1084.3929910854413	680.2017009268857	0.0	1083.4696838397558	673.0928841193298	0.0	1108.8457303929695	639.2909190617565	0.0	1058.2476064534212	475.41242184059195	0.0	1065.7538440373671	590.3039449475007	0.0	1168.3325638846154	637.6846212910497	0.0	1160.7743035792762	690.9602604912067	0.0	1171.1348049923547	685.7953974989357	0.0	1184.6948273297253	638.1927410473013	0.0	913.8326982110837	523.7902282073977	0.0	846.8251426867834	559.8924375051496	0.0	892.2995213651718	563.059238625309	0.0	918.847090586512	511.43795458559305	0.0	940.4222709187013	593.9724689583369	0.0	945.9769398155179	664.8820943867825	0.0	926.255026259009	520.9493825623831	0.0	941.7162804598032	593.6718610051431	0.0	951.3854642420276	657.364023586367	0.0
487	19.514910394265232	1047.6913984414127	480.01086471208936	0.0	1032.2321552248893	489.94647729786493	0.0	1007.1396971333505	578.4435364151109	0.0	1094.4563877443788	633.7625311275723	0.0	1085.0093624685303	680.3199907360774	0.0	1083.3639979596546	673.481738348669	0.0	1109.3763813663065	639.2572389982256	0.0	1059.9824786875067	476.6905223845135	0.0	1065.4672621700713	592.1488756674303	0.0	1168.7008159882216	638.1694844655241	0.0	1162.2943405488045	691.1629564078677	0.0	1172.0717868082893	685.9031670101094	0.0	1185.1398462183229	637.9262685782485	0.0	914.3907346510855	523.6333730849079	0.0	848.9185663952344	559.1141145306016	0.0	894.1444960369901	562.9298965492454	0.0	920.0037023743444	510.87771813281313	0.0	941.6920370262379	594.2654258604973	0.0	946.8803123549737	665.1200030801344	0.0	927.7835001127999	520.8401033801875	0.0	943.0450870814482	593.0135733865673	0.0	952.0472968051054	658.5540516996588	0.0
488	19.554982078853048	1049.5010748152195	480.8032290936926	0.0	1033.9313885311435	490.58152396191196	0.0	1007.4881790904428	579.4272958457608	0.0	1094.0999389594	633.7497336438444	0.0	1086.2204456218144	680.2918024438799	0.0	1084.319919732745	672.746739332985	0.0	1109.4805545209647	639.2209299062393	0.0	1061.2644801399138	477.45042751823985	0.0	1065.8031991087116	592.8933908994563	0.0	1169.8664920489673	638.8679519934001	0.0	1164.0848469604996	691.5551093409465	0.0	1173.3116078703397	685.9358929736478	0.0	1186.217665509102	638.4467709183673	0.0	914.5719305130021	523.1005029056852	0.0	851.42251447369	558.6915647445854	0.0	896.4395669764285	562.6085033550677	0.0	921.4098120093729	509.24929579668276	0.0	944.4258831561049	593.349741513562	0.0	947.742095523323	664.5880879817039	0.0	928.7702739428183	520.4401021246215	0.0	943.8043884363253	593.6110184000447	0.0	951.0821475549376	660.1382924403083	0.0
489	19.59505376344086	1051.1348145291026	481.9316132651875	0.0	1035.7576360755052	490.6688529963606	0.0	1008.8474186246403	579.6893005802265	0.0	1094.2326331158665	633.6025900845079	0.0	1087.5498615055617	680.3627410899765	0.0	1085.9414372974197	672.2394487534468	0.0	1109.598282165724	639.0451959836855	0.0	1062.1402291284007	477.96612252152124	0.0	1066.1047380190403	592.4369421696613	0.0	1171.6529236412534	639.0892649751503	0.0	1164.3595065346235	691.8703274435786	0.0	1173.8160887629695	686.5408882378238	0.0	1187.9379854902743	639.0198834658177	0.0	916.267871127308	522.5939347574295	0.0	851.6807426814072	558.5246777357626	0.0	896.2615252474508	561.7589500107276	0.0	922.2753651981358	507.8600590535299	0.0	945.4396619543695	592.6775456424502	0.0	947.7195007086818	663.3641876720327	0.0	929.5991470125514	520.3547742743201	0.0	944.9264449392292	593.9611931032174	0.0	950.6969898776349	660.2336006369943	0.0
490	19.635125448028674	1052.563224362891	482.38425229793484	0.0	1037.0574037456265	490.2845945617097	0.0	1009.6782981796109	579.5548082526353	0.0	1094.9008657960023	633.5529608036446	0.0	1088.5128577315563	680.7662402620646	0.0	1087.110767231716	672.458668116668	0.0	1110.0836987022706	639.0325640622505	0.0	1063.062888800517	478.2285425567641	0.0	1066.2310081598523	592.5184629660628	0.0	1173.171968927714	638.7362394925522	0.0	1163.5513828182156	692.0175204760204	0.0	1173.7069038722736	687.0802753749679	0.0	1189.6283014672488	638.7711035531843	0.0	918.5887138081263	522.6160953197127	0.0	850.624734994907	558.2493694118775	0.0	895.2295083400874	561.7159609512802	0.0	923.1553004979569	507.8996931865996	0.0	945.1685784916648	592.7024540611354	0.0	947.7692586230754	662.0545980778539	0.0	930.9907376937751	520.4724505047568	0.0	946.0441885512055	593.5653477030464	0.0	951.3938347191872	660.0599522531766	0.0
491	19.67519713261649	1054.1821191159752	482.1646037840774	0.0	1038.4921848768217	489.94126161060035	0.0	1009.3171343620918	579.7021098744623	0.0	1094.936228515707	633.9659636556612	0.0	1088.428409114169	681.0795568978297	0.0	1086.8346855185143	672.745595613997	0.0	1110.3239595824912	639.5206337186681	0.0	1064.631598038316	478.5419434125978	0.0	1066.4358461059696	593.7601168485185	0.0	1173.2618112645443	638.4866885702521	0.0	1163.0821696515889	692.0310201957498	0.0	1173.6220459927827	686.7977135363466	0.0	1189.9376050648639	637.7344365208291	0.0	919.4653024980819	523.020946577877	0.0	850.7219328277881	557.7486803713191	0.0	896.995610574169	562.5048028214777	0.0	924.8547019277562	508.5301442152257	0.0	946.363198449626	592.9206832332932	0.0	948.8271938381595	661.9772074694176	0.0	932.3544695624905	520.2211623118486	0.0	946.2949697076554	593.1998976441475	0.0	951.6539432187726	661.2648785853612	0.0
492	19.7152688172043	1055.6318501912037	482.2888795194298	0.0	1040.379282639576	489.87568207422635	0.0	1009.0355672492055	580.0606026996163	0.0	1094.258246632119	634.4702969197097	0.0	1087.6229345034503	680.9283443759559	0.0	1085.9215874716697	672.5709612260785	0.0	1109.7095204533105	640.1334930304948	0.0	1066.3907007366097	479.09699483566345	0.0	1066.8939509109334	594.7514932280741	0.0	1172.5157775067598	638.7606655621041	0.0	1163.124028671049	692.2235124053619	0.0	1173.7287507915744	686.6699026207802	0.0	1188.7018473310577	637.2460695189773	0.0	919.6987523501026	523.0952867660361	0.0	852.5302710897247	556.8610692703445	0.0	900.2849289434818	562.3013637916393	0.0	926.7947164889363	508.1628101797022	0.0	948.4030938749224	593.0697441883783	0.0	949.6318063954953	663.5414683001952	0.0	933.34686696577	520.2462573687226	0.0	946.4489420560471	593.5646102249013	0.0	951.2472970423742	662.83802821156	0.0
493	19.755340501792116	1056.1158696789716	483.4843804668882	0.0	1041.132277119859	490.41948811004045	0.0	1009.3108208177873	580.7050041664248	0.0	1094.1486918335436	634.4529849007941	0.0	1087.627015709813	680.4882099266846	0.0	1086.0009376081978	671.8107684206968	0.0	1109.2949106566814	640.3992748308406	0.0	1067.2504468793118	479.8643225352904	0.0	1068.7027811162407	594.9278019509088	0.0	1174.1762926968506	639.4670143046382	0.0	1163.9520811074021	693.1359658622099	0.0	1174.7269604871447	687.9788402996697	0.0	1188.8801243666617	638.6798982781766	0.0	921.0786939628794	521.6464577989772	0.0	854.7451444573229	553.7144796427775	0.0	901.5525810753945	559.3254950480621	0.0	928.1084393592432	506.03713889002654	0.0	948.8960677735765	592.53928529972	0.0	948.9988633837385	664.5699234686638	0.0	934.5342349888418	520.7224568394668	0.0	948.0655164872587	594.6403851516711	0.0	951.521725580461	663.1890899247896	0.0
494	19.795412186379927	1055.038275360284	485.23417722985175	0.0	1039.3855358984522	491.4582856135851	0.0	1008.4771222127089	582.9047525627061	0.0	1094.954751463512	634.381599202845	0.0	1089.6174887195273	680.1262141275595	0.0	1087.0040822340661	670.8575092431079	0.0	1110.2865641634785	640.594127135398	0.0	1066.3244339827625	480.9917032368679	0.0	1071.9224690545288	595.4365545746759	0.0	1178.999858013089	640.3112961678863	0.0	1166.014226984813	694.5205976122212	0.0	1177.6448986359776	689.798198093778	0.0	1193.0470660562753	640.7778685555669	0.0	921.895334335112	516.8118324846325	0.0	854.5817533599079	544.6679293377485	0.0	899.4216480157404	552.1163655529218	0.0	928.3711402164085	501.22038877776515	0.0	949.4878103078987	588.7842868347665	0.0	950.4557062535566	659.8910799460282	0.0	934.3851632810986	518.523417793328	0.0	950.303227689478	594.1914157589443	0.0	952.9861290049535	660.8475135796884	0.0
495	19.835483870967742	1051.2449297103772	486.15559331698125	0.0	1036.359937147055	491.24132426519793	0.0	1006.3533144161204	587.1215873154366	0.0	1096.1691796267032	635.3707746993009	0.0	1092.29732180775	680.4429227084177	0.0	1087.360720646806	671.1628697455258	0.0	1111.7375941181306	641.8115020435881	0.0	1061.4514706231573	482.42804267283395	0.0	1070.6886551719758	597.1648166369654	0.0	1179.5582760598695	640.8347513175921	0.0	1167.9545504146695	695.0377373770306	0.0	1180.404229884253	689.9292190113229	0.0	1195.4046132229814	640.6004675313873	0.0	918.5686238876673	506.80534904494147	0.0	849.5041950455517	527.6093604373441	0.0	892.519287968509	538.9560321623865	0.0	926.5013248506001	492.35681022084907	0.0	952.4653619412132	579.0979668177773	0.0	957.3011536725944	645.6327566230422	0.0	929.9978015921201	509.7687904872436	0.0	949.8093112496307	587.2382708631347	0.0	955.6852734173813	653.399996564922	0.0
496	19.875555555555557	1043.3754837460863	486.55062472962857	0.0	1033.656692495469	489.7158900374509	0.0	1005.4911715672201	592.1630159914957	0.0	1098.8419943849403	637.0913141607074	0.0	1092.3692593944593	681.7876789934642	0.0	1087.159064830188	673.5893289271546	0.0	1112.3563958664338	643.9703603993053	0.0	1050.1528932061028	484.9385466294468	0.0	1057.2729373381328	600.6057213093676	0.0	1166.188825440586	640.8021173394694	0.0	1165.4953003430087	693.0352427824563	0.0	1176.446638715114	687.2074349096972	0.0	1184.7641165775624	638.0739896444042	0.0	910.0230904180104	491.3100648407267	0.0	838.9695078892462	504.1377745917303	0.0	879.4676362130728	519.0318612405875	0.0	920.6944209764337	479.60415332444035	0.0	951.1874243732118	565.6540723715192	0.0	958.3932061108133	627.4195915506284	0.0	921.1594961390812	494.1712786030969	0.0	947.001629714367	568.7840239500053	0.0	961.7914373840672	636.8452926892054	0.0
497	19.91562724014337	1032.138373851828	489.1320992632477	0.0	1028.9527931031873	489.71909219298385	0.0	1003.9056783486621	596.8355782351179	0.0	1101.8241486443035	638.2221890921056	0.0	1089.4025093634305	682.9713179647831	0.0	1088.8449042686907	676.3515679668243	0.0	1112.0363348579667	643.9612385935802	0.0	1033.632660735119	490.1058466458496	0.0	1031.1309351925318	605.5552836239731	0.0	1139.9796074045494	640.4346479171522	0.0	1152.7057351980186	688.2341045373754	0.0	1160.2725502552983	682.4964513960616	0.0	1160.7485059953594	636.229619201198	0.0	898.0503375311534	472.50497362719636	0.0	825.1475320628758	476.90018070836305	0.0	861.7558373384142	494.226280271684	0.0	910.1265755829485	466.5932615162774	0.0	934.9744048143866	554.5569220239711	0.0	932.2481458011689	615.5438943744647	0.0	909.2154833718453	474.56333738024546	0.0	947.7444101044653	536.7703187804976	0.0	970.591099255996	605.5119256326623	0.0
498	19.955698924731184	1018.8139175832194	494.8562036606638	0.0	1018.8136945870885	491.9926119293904	0.0	995.3239884269923	600.8972297916899	0.0	1099.3486142322504	638.683196637168	0.0	1085.5201638708836	682.1928582849437	0.0	1091.6568992698396	676.4331256539464	0.0	1110.189502568823	640.1379154551312	0.0	1014.6758332539063	496.7107291017441	0.0	995.4644287715303	608.816606766236	0.0	1106.8666944418294	639.0789936603162	0.0	1123.1214764299598	683.599620985137	0.0	1128.962823215882	678.4205713995782	0.0	1129.773351258765	635.3331862117051	0.0	885.0191801366975	455.1040544286658	0.0	812.9129767015536	448.821489809955	0.0	843.4224194296986	469.03249902565494	0.0	896.6715103951989	457.6859907577633	0.0	909.8070498899132	541.799796689699	0.0	887.0077601034232	603.2563462503207	0.0	895.0804425358658	454.71252017435177	0.0	951.1412994316677	494.023559645786	0.0	972.6664201059182	555.8024632238752	0.0
499	19.995770609318996	1001.016016391921	499.9966770760849	0.0	1003.8527461193528	494.3490222466321	0.0	984.2311987435685	605.740422487505	0.0	1092.378318635028	638.8111408936912	0.0	1082.6493439325031	680.1100751441633	0.0	1092.5782248201294	673.2245750717282	0.0	1107.609308875215	635.5710850668725	0.0	991.9772923579085	500.5224993440737	0.0	950.7578250040956	604.7486683943113	0.0	1060.8143990636302	635.4009821750694	0.0	1068.130951831256	681.2315755069704	0.0	1074.9236626444515	676.0947531696654	0.0	1084.7491524001766	632.1586885713707	0.0	870.8778997860841	442.38706130190894	0.0	804.1208855382088	424.8440658902044	0.0	827.5095322993404	447.7353077371097	0.0	882.7888484137513	450.9573321925392	0.0	899.5200655020517	511.8083734519061	0.0	875.1860725833643	566.4794559049903	0.0	879.9538200663312	437.3698199572193	0.0	945.5680979352496	449.116609734704	0.0	964.031038622846	494.55485370031687	0.0
500	20.03584229390681	975.934806759768	500.2040637312165	0.0	985.3933109997878	494.64769644357	0.0	983.3574416356109	610.9256462157019	0.0	1092.3658785519467	638.0673440187512	0.0	1087.6166280594318	679.346813918421	0.0	1097.3288613147774	669.7786977416547	0.0	1110.0117659020902	632.8944527782895	0.0	963.4005576913578	499.371704857661	0.0	898.5129019572473	589.2602400620376	0.0	996.3434816577003	630.6181045444491	0.0	986.7284992107136	675.7793400133942	0.0	995.1019714486835	671.9077207562536	0.0	1018.6621824697962	627.7467829231243	0.0	852.8000984469085	432.35947128887057	0.0	792.5571347634929	406.97762531060016	0.0	812.1217569000987	431.58122647368805	0.0	865.9434061399215	442.2111011036008	0.0	908.2956971416893	470.54122763508315	0.0	901.7381124920189	502.9480175959674	0.0	863.3184758248048	422.26159729392043	0.0	925.2115482737152	411.6577395729889	0.0	955.1414169373058	440.9412932037337	0.0
501	20.075913978494622	944.4372307965818	496.12431560249445	0.0	960.8192010272473	492.5866240795393	0.0	989.2639453472092	609.5532701289151	0.0	1099.296638027692	636.8209957609554	0.0	1101.7899986447537	679.8495361105262	0.0	1109.649399785768	669.0151336328612	0.0	1116.336592522532	631.8961273089456	0.0	930.5826861513974	495.716614462962	0.0	845.2906037257031	565.8626158622399	0.0	925.8857343995564	628.0184691311672	0.0	896.3721673750431	663.0838858272622	0.0	905.9804061729972	663.3140886199518	0.0	945.3312644362591	627.7851486216144	0.0	828.0730033358888	421.3615586931521	0.0	771.8184252195922	391.2276397294873	0.0	791.2479901295847	419.37066786021967	0.0	839.17557476834	433.4514610789353	0.0	898.1842130271211	449.4019640704776	0.0	876.167554025631	447.6844074290801	0.0	842.131956093598	408.78628236542454	0.0	897.5281201766315	386.99167892670494	0.0	948.4328511909343	410.1114482473739	0.0
502	20.115985663082437	906.7941527169563	491.84335114180993	0.0	923.6745011316534	490.6233440852529	0.0	968.4095981879884	595.6578844849748	0.0	1076.5938452125324	637.0039722853081	0.0	1085.4987264173205	679.0550164320703	0.0	1091.4857230097891	670.1253330979089	0.0	1092.5250637982306	631.909220884252	0.0	895.8264891217741	492.9250716838243	0.0	801.629849436117	548.654545009101	0.0	867.0258615019011	628.7147449708509	0.0	822.2119668174994	652.8322249354422	0.0	833.0433677816995	656.4910321314121	0.0	884.2743309098308	633.5089838534839	0.0	796.383643323482	408.76108615736433	0.0	743.1158258072527	375.47418561536466	0.0	760.8728366675881	409.446747620537	0.0	802.3061009327495	425.4164860411071	0.0	837.4795986073213	453.7251578548113	0.0	770.4968271315545	427.36134486254286	0.0	814.6874800117303	398.9121890425141	0.0	870.891199632448	379.2824425263784	0.0	929.0823465996476	405.8409341943844	0.0
503	20.156057347670252	865.2821442503656	488.6214016037526	0.0	874.6539230536184	489.62253740476183	0.0	897.1675946197378	578.0552957847987	0.0	995.6886447095433	637.362601144006	0.0	1002.0119870242399	676.0617123402726	0.0	1005.7800048634365	669.6483941341978	0.0	1011.2709153143117	632.1547293680829	0.0	861.1330393132112	490.5113482316533	0.0	774.4476306161819	549.8730414531557	0.0	831.002449765334	632.5979249579271	0.0	783.3541419879425	657.2298893270031	0.0	794.6234253056616	659.9466851548465	0.0	846.9282222946383	641.4889735967405	0.0	761.2680232421972	397.57728014830366	0.0	709.1293362740859	364.0082713772254	0.0	724.018232994781	400.8942285832555	0.0	767.1566977627585	413.02623817672554	0.0	762.6421355725975	456.6474174030865	0.0	686.8304732600008	433.5177435704126	0.0	782.1554728187514	393.92027652604247	0.0	845.5548766704737	391.854414071844	0.0	888.883130451568	432.286919922887	0.0
504	20.196129032258064	829.4963087174579	483.6784304910525	0.0	832.3012721283837	485.286157650664	0.0	822.2945637121234	574.3792251592001	0.0	913.2075268970258	631.8127793886144	0.0	917.9968842797816	671.8420663400159	0.0	920.1991241252838	665.3728818602049	0.0	931.0823693194736	632.0342560826793	0.0	827.6850239343164	485.60438396106576	0.0	758.4339981252388	563.50671072929	0.0	819.0694217239721	640.5584859345864	0.0	779.4883237816058	672.7261147002761	0.0	789.2080821469672	672.6393617065415	0.0	834.6304431634527	650.1401424633218	0.0	727.2878379730415	391.58700431741363	0.0	669.9117857611434	360.63178032399384	0.0	688.0014122083556	394.7621372554464	0.0	741.1987950939487	397.2132953721704	0.0	731.1375607963122	450.6283043838312	0.0	678.3373499305801	447.9115609911108	0.0	745.6834703331397	392.6522267894727	0.0	813.5551634969988	418.02299477384076	0.0	833.6782112898155	480.73895735618146	0.0
505	20.23620071684588	802.869416701931	476.6049798102049	0.0	806.6403324921987	476.588726322007	0.0	789.2355776687355	583.0011111791202	0.0	882.6902058191953	621.3095293259322	0.0	896.6393558511684	668.6709338238747	0.0	899.2186176880755	660.2134556529846	0.0	904.1996626374106	632.2018986054723	0.0	795.6313998221885	478.5136690939721	0.0	744.456104480927	575.0702633191111	0.0	819.5369789206475	649.5870464985036	0.0	787.9296331580487	685.154806939332	0.0	795.6750447364083	684.1681929553184	0.0	836.2331847136843	657.3898993808921	0.0	694.6809190931006	390.61470810290035	0.0	628.4655603652961	363.02871038664017	0.0	655.7167215700434	392.54419587643036	0.0	715.9258468348817	387.54983117144104	0.0	725.9276716921574	454.73091321319964	0.0	691.2179320170862	456.6876845827089	0.0	706.0565165881395	393.94898099833483	0.0	762.7910306244254	444.20394676344245	0.0	763.6746673017275	520.3708503866005	0.0
506	20.27627240143369	774.4378749885443	472.54552155186445	0.0	778.229201681427	470.7025286715168	0.0	752.5145369381373	581.05854794145	0.0	845.7480529431662	617.4055612842154	0.0	858.6027343435067	666.53175321524	0.0	862.4859793316209	657.0169500356556	0.0	867.167005675823	633.907344287576	0.0	765.8759182271858	473.5705604181882	0.0	731.6642525211033	581.3051607760617	0.0	820.2585849829782	653.1172491373718	0.0	790.5986720924417	687.6264836490077	0.0	798.8974725673845	686.892921032096	0.0	839.10236091417	659.391446576461	0.0	660.0739189137992	391.91040838234665	0.0	590.1530779470163	365.97122261581063	0.0	622.0847058773397	392.89372955376245	0.0	683.2029173139437	387.59693812941987	0.0	701.6270281263494	466.10788202252763	0.0	692.7241751520379	452.7580035216383	0.0	664.6113374597751	396.6004652799252	0.0	692.4730195044654	464.28307403301403	0.0	675.0886583697909	530.1275038038649	0.0
507	20.316344086021505	735.2408810974991	473.8700054506993	0.0	732.8809240447578	471.1869847017867	0.0	675.8492844209499	559.0587814841	0.0	753.2819060702461	621.7349029468776	0.0	741.6361277411556	659.3056449224848	0.0	747.4267248890029	653.2732628879534	0.0	772.2828353165318	636.1075035337473	0.0	733.9591916631813	472.85547377670036	0.0	721.9816625281896	584.6752221308041	0.0	817.730696411145	650.2565054800432	0.0	789.0377383574602	685.4107323950661	0.0	799.575739526231	684.1798675821889	0.0	838.0058519802835	656.0486827211237	0.0	621.4410312083745	393.25609750980493	0.0	555.3666646528436	365.69603953296127	0.0	581.5461611954777	393.3721747375017	0.0	647.5157250469792	389.5870657064379	0.0	673.7459035077715	451.43397055760306	0.0	700.3502964966574	439.8251788045882	0.0	620.3118846298357	398.71742753951906	0.0	618.7625791314807	475.41329026073737	0.0	583.0004760009249	509.04883426653373	0.0
508	20.35641577060932	687.1784327101589	475.96545209473504	0.0	679.4891901208	473.3878294030785	0.0	598.2058865955246	532.0711770004255	0.0	649.1311583678174	622.0755287935123	0.0	612.3177082160894	644.8305381222457	0.0	619.9221215555474	649.8404878141203	0.0	667.7418074978917	635.2499605180474	0.0	691.6747764261123	473.28109197375096	0.0	712.3143992667558	582.6249304269966	0.0	809.9224154692195	644.8585040054145	0.0	789.4340627240588	684.1271840688906	0.0	800.253251999241	681.4987579922897	0.0	829.8937495023661	649.4476771327916	0.0	580.6938756740917	391.38396908637856	0.0	519.419864574523	361.78987421842277	0.0	537.2419794168524	393.3666481023777	0.0	613.3391885587295	386.8583851155763	0.0	663.2429934932293	410.74310853663513	0.0	711.2471163195909	425.08542198515534	0.0	573.3842097408952	398.2716313259434	0.0	554.2080489669534	471.19227376812614	0.0	512.1818947307789	466.36801783429087	0.0
509	20.396487455197132	635.6915671420787	476.0763527700451	0.0	625.9511963156804	474.4387577058292	0.0	547.2426345212507	518.5477486694639	0.0	578.3600680904847	617.2290408836368	0.0	535.1481087988118	634.2546732432513	0.0	541.9015385611798	650.8612456635636	0.0	595.8456124053619	632.4245867388311	0.0	640.878728102251	472.35912924422155	0.0	693.941364878207	576.0626488141484	0.0	790.746783469494	637.1443531233072	0.0	788.682420487754	679.4903339673745	0.0	796.4974970223669	674.6690297904717	0.0	809.4961995162588	638.7660100074169	0.0	540.3098840167422	384.1032320181371	0.0	479.65465303684425	356.8958572893408	0.0	496.7966876642947	391.78658285399933	0.0	576.9830792404703	380.35707520084316	0.0	644.3560915917601	388.3543441729952	0.0	699.3840633022824	418.94625397797887	0.0	529.2944689872523	392.1047826043989	0.0	502.3046320179135	454.1062911974675	0.0	468.65717905669123	429.6720521003688	0.0
510	20.436559139784947	587.0023333726418	474.98930515109726	0.0	576.4487627173446	474.0142805596357	0.0	512.3848025523433	525.622549965929	0.0	546.0036702742153	619.6930321749521	0.0	507.93524588326136	639.2756548035044	0.0	512.1415033995804	654.4237697581921	0.0	559.8459015630783	634.7429459358373	0.0	591.2858590937386	470.2221240225691	0.0	653.5971312679284	573.2478953089312	0.0	751.528172033158	624.27667925876	0.0	773.1158062834139	664.4882758627662	0.0	775.3913139873956	656.7339192155473	0.0	769.5704424892634	621.5769427806237	0.0	499.79911597763146	374.28405032716677	0.0	438.8334174365128	353.2852752580177	0.0	460.6825695575096	387.1411443540653	0.0	536.7077394962155	373.42343423218995	0.0	603.353921801738	398.1366452322753	0.0	658.8442917846446	431.27242228078643	0.0	489.031337066729	380.1869219027722	0.0	469.117426261789	435.78097282077124	0.0	444.1073461579638	427.02819599402926	0.0
511	20.47663082437276	545.8194868268897	470.8538493938559	0.0	538.8012691177413	469.5442519659831	0.0	486.5796521673791	545.7051103177347	0.0	540.0460190344587	631.2065031091445	0.0	505.0811066783799	654.42325539011	0.0	509.19741891957835	657.1324859933884	0.0	551.8895023713832	643.1346505078325	0.0	546.3452429775028	466.4811119391806	0.0	581.4531041757617	574.951879647406	0.0	687.0021771648721	606.7575775765183	0.0	726.3423870648136	641.7873838222438	0.0	724.2531527320521	632.7013769862704	0.0	705.4380335170947	599.6980263245741	0.0	458.1635863718992	367.5096361961895	0.0	399.2361286381067	350.96833312605554	0.0	422.34286932018676	381.39087364815333	0.0	494.89590182437325	368.472727768066	0.0	554.6310373079361	411.6938146951104	0.0	593.0219455473431	455.9608085306619	0.0	446.90273877788934	370.1544088773762	0.0	453.4449640943337	421.18813748213165	0.0	436.97675307048195	449.3118779094642	0.0
512	20.516702508960574	509.2165643566296	463.2495238350375	0.0	510.90269493586595	461.3801524214963	0.0	472.1141837991072	562.6291652824091	0.0	543.0261344640219	639.8412247827639	0.0	506.8219730359703	664.472014136664	0.0	514.3585681056941	658.8637302893887	0.0	556.0232322194656	649.5237097935478	0.0	502.15056039386695	461.50454573832997	0.0	487.7552583457314	569.8461510157922	0.0	600.0906999339957	590.3679130355138	0.0	636.9426083536027	621.4728053017955	0.0	638.5620724651063	616.0859030158938	0.0	620.3064297566667	581.2036466378541	0.0	414.8889437323295	366.2376657555612	0.0	356.78899553924225	348.9421245651938	0.0	377.41593174847185	377.4203294601831	0.0	449.7031137859925	366.4279303105232	0.0	500.99456786804717	414.7003114726473	0.0	498.546943050059	476.0907060705047	0.0	401.68458600084637	367.45148608224093	0.0	437.90330766399705	404.9284903622154	0.0	444.83732502850876	458.9765981833597	0.0
513	20.55677419354839	469.20513924283455	456.5850224928042	0.0	478.80010259256557	454.96545586666684	0.0	466.25526655125554	565.9709259045579	0.0	543.781878712764	638.9985960768431	0.0	508.90271831551735	666.0896114349877	0.0	519.9213531715924	660.68888486654	0.0	558.9545325873776	647.8720058976724	0.0	455.1536291688672	457.3670216250267	0.0	398.049960376655	549.5258630435119	0.0	498.80098859659006	580.627169418943	0.0	509.38934960944647	609.3738074838786	0.0	519.9065416603274	610.1576020500797	0.0	523.3084796103534	573.4404368188084	0.0	369.48260299143016	367.26552330103556	0.0	309.2281640601975	346.6341616653241	0.0	328.49451795181903	374.60550776284236	0.0	399.87469596828765	366.35209664049495	0.0	438.0999460032498	415.88186652767894	0.0	389.73220042151036	483.5377090499908	0.0	357.7775649899567	367.2561104814238	0.0	407.7645277968646	380.585904121254	0.0	437.71903213311646	441.2328074203553	0.0
514	20.5968458781362	421.93203106817236	452.86216114334684	0.0	435.3013941077153	452.5266468512117	0.0	456.021867280303	556.5650983757212	0.0	537.1958398599085	630.2267455085148	0.0	512.4257819595434	665.2805308210583	0.0	524.2892536125102	662.0474093564217	0.0	554.5997071153032	637.275224241981	0.0	404.3631877774155	454.8486776880105	0.0	321.85362425770273	518.5983507944209	0.0	393.95524586636236	577.8217339142719	0.0	374.030480056588	602.6950985912292	0.0	386.4505672752782	606.39820675574	0.0	423.6969053724323	577.0786906973411	0.0	321.625867772991	366.3437144576744	0.0	261.0378896813571	343.8738126512021	0.0	279.3084575072328	371.27343562847443	0.0	349.33556877915214	365.98652720974013	0.0	372.4016295591358	418.08614908777787	0.0	302.42716206247763	476.62196850527016	0.0	314.89392796561185	364.27456858533776	0.0	365.04941763837945	353.90085149290877	0.0	383.67915505514645	416.3069451567304	0.0
515	20.636917562724015	370.6730472890513	449.28199157708013	0.0	385.40306612340936	450.0558398874251	0.0	426.1798736792657	543.7133675952257	0.0	514.4559923458663	614.4181177364886	0.0	508.12493369910584	658.3100346286964	0.0	519.9055838122624	654.86166121466	0.0	534.3713945827326	618.5182061888889	0.0	350.70223949175795	451.833605870299	0.0	253.29962373756453	493.75306846692945	0.0	300.69341604422266	581.2611132118177	0.0	265.53126562149464	600.7390168876353	0.0	272.8212606119972	604.4325142165135	0.0	329.3271134803323	588.7089268046952	0.0	269.2477928935151	362.9603339656264	0.0	210.8617499557829	340.28727678837475	0.0	227.6026679388861	367.58235905286176	0.0	298.20507301975175	363.2057826398724	0.0	315.0620066843029	411.92894747948844	0.0	255.3460373586675	454.7799610073737	0.0	266.21906093036125	360.3797343429072	0.0	315.77754769514434	340.53003558802027	0.0	306.3241293249801	399.66377440533796	0.0
516	20.676989247311827	320.64303773136135	444.2022173650178	0.0	336.3528085921449	444.4352884060447	0.0	371.8594447960543	539.556999910418	0.0	468.07634727291276	593.1439685848217	0.0	482.5497762212874	637.7528794202044	0.0	495.014048445607	631.5219001388714	0.0	490.9634450531305	593.2756497643281	0.0	297.3444727508892	446.100195154885	0.0	197.4870258080841	491.7957531944399	0.0	234.93183684075328	592.7991148743414	0.0	196.0912871431708	610.3976589203083	0.0	200.59862314234263	613.7526256694997	0.0	254.62126941164303	605.2896381247549	0.0	213.62073200856514	358.6488166620423	0.0	153.7929693121685	336.58121569681254	0.0	172.41662319209684	363.96574362454567	0.0	244.42818601339474	358.65884444613266	0.0	266.6165668758502	393.70063569256774	0.0	221.9575985450956	438.7572820643802	0.0	212.11667861544083	358.55332305934223	0.0	261.862992933696	349.671808809058	0.0	245.48940465174036	402.1491846913177	0.0
517	20.717060931899642	272.4103185921485	439.23173374456263	0.0	288.9722285689186	437.8952017453922	0.0	298.6986085003655	544.7572432742307	0.0	401.4491702703197	572.3287599751351	0.0	430.5160267395765	612.5747316014298	0.0	443.34214848503166	602.514012631184	0.0	426.17777013971596	567.1138966299452	0.0	248.17291773630797	439.26259693808373	0.0	163.46787046880854	510.8676772054406	0.0	204.3815960202573	609.9353659116873	0.0	162.73966271763905	630.1917272056381	0.0	168.2613336307107	633.018193067717	0.0	218.07216666623873	623.1935303041597	0.0	160.88746733161918	354.74778293439397	0.0	94.99703885997172	334.5104726001475	0.0	118.56225845598749	360.817819310242	0.0	191.4974372583561	355.0160444901818	0.0	218.9946701760307	376.6306203430214	0.0	176.999589826501	450.4573134768398	0.0	160.7369928996403	358.4083693288749	0.0	207.79114263064474	376.5653621986313	0.0	195.3885589065095	434.99477008280803	0.0
518	20.757132616487457	221.65476723955334	436.0088149466555	0.0	235.78562838864175	433.8732385222175	0.0	212.09225756480288	543.6592668773984	0.0	317.4691497197298	559.6230004025017	0.0	345.7582942375766	598.1844115104316	0.0	357.21872263454907	586.114335598303	0.0	340.1168200620178	552.5632695530742	0.0	203.22394028889644	434.768559006429	0.0	145.20032504467085	531.5765698145726	0.0	200.66263706640927	623.5235062828001	0.0	155.1997819024434	646.3484479147361	0.0	162.72120405408975	648.6083694031485	0.0	215.92580163614116	635.8896653601107	0.0	111.9564920251556	352.0671807164404	0.0	42.86219253426234	332.533557770079	0.0	68.92539820568854	359.19726997543836	0.0	143.31205697639462	352.2916272634921	0.0	178.76394391532136	372.7663341744177	0.0	151.54668504294267	462.29243886934836	0.0	111.11962319023098	358.57795375783724	0.0	152.8614068362694	401.7353649688011	0.0	139.82662444246932	469.34019134057246	0.0
519	20.79720430107527	165.72476405990454	434.74725781044737	0.0	169.94772799574255	433.21302510966024	0.0	117.06722094323978	524.321405910028	0.0	208.81132575318776	558.412630553492	0.0	220.42886212383155	593.6926225112305	0.0	228.20463894567263	583.4413176328485	0.0	226.6273287475361	558.2831879739334	0.0	157.0318848297579	433.3771443863403	0.0	128.09837801346538	538.6137166575136	0.0	201.89605484359413	626.1395186299758	0.0	156.97942608220725	651.6497345654022	0.0	166.684522487021	652.4967746187424	0.0	218.60640080162582	636.6683439015749	0.0	66.12569633466208	350.2670648125308	0.0	4.462877851590829	326.4449040224116	0.0	27.833585499886293	357.5219680953241	0.0	100.497213685724	348.73375362635056	0.0	154.387134953437	374.98104057314595	0.0	171.30405324707982	438.3199492859735	0.0	59.319286723917536	357.91301275284195	0.0	89.5566673443557	407.8963443505926	0.0	77.92216019436782	463.73874423555924	0.0
520	20.837275985663084	107.97132491993457	435.75326735725537	0.0	98.90992840004206	435.84630289543423	0.0	39.00863411451738	500.14918255753923	0.0	99.34990182406844	564.3614738546282	0.0	96.69814417888034	591.8368234026027	0.0	99.58848347081025	585.3721421328737	0.0	113.76341937670728	573.5211247896316	0.0	105.74274495476277	434.82590038553366	0.0	104.5120606430014	533.8770252624641	0.0	187.99969401969344	615.3888165146737	0.0	157.94068873280332	648.6349290932092	0.0	167.11376074682602	645.5127746435641	0.0	203.6588204721829	621.6099805127219	0.0	29.818747002744633	349.70827744163	0.0	-10.616041056828035	320.17183123852044	0.0	3.822885220712008	353.25025461219633	0.0	61.83455832269716	346.50964134562116	0.0	127.27799176414825	375.0051175644589	0.0	188.6289313803039	401.82221763870126	0.0	16.59546503129625	356.25999646621085	0.0	33.17625942012548	401.5964149804607	0.0	27.451611634085157	431.7479749433446	0.0
521	20.877347670250895	56.15668271337819	440.2582681124969	0.0	43.38553208407437	441.54428982895587	0.0	12.732750878999802	497.05350455980766	0.0	54.37942887081617	570.4289980460345	0.0	57.392266263566164	596.8081232871533	0.0	56.9279892352391	592.5286385665801	0.0	68.22551754895397	578.9028515758546	0.0	55.46136436469426	440.10855114130055	0.0	78.63639067106261	528.8838594370214	0.0	158.7568067704574	595.2816943445655	0.0	158.01412614245436	638.7981904599263	0.0	160.78196399941552	631.0144175361951	0.0	175.7725669299536	594.4597113361808	0.0	8.815771332190995	352.6545124648886	0.0	-3.087653144546123	323.69295109164386	0.0	-2.2510165623379934	349.91877925962046	0.0	27.751387373054467	349.4830475673778	0.0	83.94186468474606	377.4444453841494	0.0	158.44492842531724	394.480370909928	0.0	-3.1142123199449743	355.6700972257736	0.0	13.052002714396856	396.2291335515689	0.0	23.376508420900258	414.83929020943856	0.0
522	20.91741935483871	21.774695328635058	446.87573256548603	0.0	17.608973620134233	447.578686904493	0.0	29.060081677134573	514.4617035034996	0.0	83.53635286715063	573.5407285775468	0.0	101.38958127616729	609.8012089846716	0.0	100.36653871752979	605.4789197297232	0.0	98.34084511712634	572.4006931305223	0.0	21.481368023960137	447.1689393079481	0.0	61.25684883670639	528.9950731126123	0.0	134.24805418614523	578.5276902232733	0.0	158.5150270500997	626.364659748463	0.0	153.07822572563177	616.9484236276569	0.0	154.8694599544894	571.0660255325006	0.0	1.4941868264598261	358.29349593226203	0.0	9.511748510329207	334.28372615427116	0.0	0.07622174542482585	351.60743168550687	0.0	5.733593430891578	355.5374520867893	0.0	47.38826903625633	383.50471415379843	0.0	112.26569668318194	411.1292477318073	0.0	-4.560127276230737	357.12739199579096	0.0	21.830683628035544	392.4734620183667	0.0	57.482283319065935	419.2728912697157	0.0
523	20.957491039426525	7.75742596977515	452.28090723582636	0.0	14.76947882793997	451.2788041058011	0.0	50.82845186004817	532.4234279480943	0.0	131.96737252627386	574.4963888882924	0.0	157.00646213152928	622.5770974621158	0.0	157.00661661074736	617.5686130228257	0.0	147.9947626816227	564.4796748096691	0.0	8.759385917196342	452.28064977388624	0.0	55.84456977844802	531.4239494411236	0.0	125.97108408399319	572.488773458816	0.0	159.02943439963755	617.5690282574612	0.0	149.01451342855376	609.5554348679909	0.0	149.01130774130786	561.4673989372296	0.0	1.7466716262364723	363.1261031977927	0.0	14.767953839174922	342.08940290971407	0.0	2.7480682309438467	356.1137897932365	0.0	-1.2593605410342372	360.1207138233034	0.0	34.804830198127775	388.1700059377487	0.0	88.892260174535	426.2414622019006	0.0	-1.2590968799347046	359.11924715236603	0.0	31.798114210571566	388.1708787203811	0.0	88.90881090790114	427.23902148497893	0.0
524	20.997562724014337																																																																		
525	21.037634408602152																																																																		
526	21.077706093189963																																																																		
527	21.11777777777778																																																																		
528	21.15784946236559																																																																		
529	21.197921146953405																																																																		
530	21.23799283154122																																																																		
531	21.27806451612903																																																																		
532	21.318136200716847																																																																		
533	21.358207885304658																																																																		
534	21.398279569892473																																																																		
535	21.43835125448029																																																																		
536	21.4784229390681																																																																		
537	21.518494623655915																																																																		
538	21.558566308243726																																																																		
539	21.59863799283154																																																																		
540	21.638709677419357																																																																		
541	21.678781362007168																																																																		
542	21.718853046594983																																																																		
543	21.758924731182795																																																																		
544	21.79899641577061																																																																		
545	21.839068100358425																																																																		
546	21.879139784946236																																																																		
547	21.91921146953405																																																																		
548	21.959283154121863																																																																		
549	21.999354838709678																																																																		
550	22.03942652329749																																																																		
551	22.079498207885305																																																																		
552	22.11956989247312																																																																		
553	22.15964157706093																																																																		
554	22.199713261648746																																																																		
555	22.239784946236558																																																																		
556	22.279856630824373																																																																		
557	22.319928315412188																																																																		
558	22.36																																																																		
