Coordinates
version=1
nRows=559
nColumns=24
inDegrees=yes

Units are S.I. units (second, meters, Newtons, ...)
If the header above contains a line with 'inDegrees', this indicates whether rotational values are in degrees (yes) or radians (no).

endheader
time	right ankle	left ankle	right knee	left knee	right hip	left hip	right shoulder	left shoulder	right elbow	left elbow	right foot	left foot	right shank	left shank	right thigh	left thigh	pelvis	trunk	shoulders	head	right arm	left arm	right forearm	left forearm
0.0	-0.775583800644278	-0.8153902465458216	10.066563436334024	10.593009997912471	3.213098554704451	4.6253850594794566	-0.41291129496772716	-2.483067928621221	13.030172814308246	-4.15526169249191	-7.135093790133849	-6.289118175424475	-96.35951141090574	-95.47333638082655	-86.29294795313874	-84.88032638291409	45.525698172734494	94.15963852195198	9.451778056403947	75.30614741185676	-89.91895781440887	-91.98911445856699	-76.8887850074607	-96.1442263777791
0.04007168458781362	-0.7653959275974664	-2.65564690760405	9.763313497468289	9.2909210454615	2.8774596646189847	4.231163406195194	-0.349167591280584	4.587861447026133	9.496341394577176	-12.427494740536362	-7.392512054054665	-7.455448242058507	-96.62711657637024	-94.61038610064348	-86.863803421208	-85.50928510242599	39.84481192692918	94.39494670872324	9.67964291720496	74.22659354210148	-90.08834293093823	-85.15340130877811	-80.59408885055855	-97.58132940403291
0.08014336917562724	0.6438119410115278	-2.2598307429298954	9.805718867074308	16.372346561469364	1.9221100139894087	8.94767532987128	1.5866668377209692	7.5695112772223325	12.40125304826869	-16.088577167189534	-8.003372589124334	-10.441902457481335	-98.64717648352486	-95.48504855282566	-88.8414578867487	-81.817487024867	25.552894483068794	95.4121062051237	9.845816649634047	72.84918998275194	-89.1791191985191	-83.19405635457812	-76.7756477205322	-99.2836865398177
0.12021505376344085	3.4449079352826737	0.9122953977981919	8.34053097546463	31.027573048836924	-1.0554824605697202	18.911758259526493	4.769206964670007	1.7504495970738303	22.44257271965834	-8.637405445596393	-8.005762953943337	-13.26158984658258	-101.45066484779574	-99.61077806717749	-93.11013200365137	-73.14829301245543	10.820969521583146	96.70525474530292	9.535484756714945	72.20306000539766	-87.296991414201	-90.30420174407335	-64.84287223693397	-98.93954479530233
0.16028673835125448	5.745024877956691	3.3137929242752766	4.679452958771291	40.91094538307313	-5.826518043339045	28.438152397856044	7.144686575940934	-9.402864884443904	31.903995525380815	9.004162637464464	-7.437488835647663	-11.873634027379323	-103.18255777413027	-102.34864549837283	-98.50310245127991	-64.23149553951639	5.201762108328934	97.3590501179028	8.128745943485182	72.8884788830995	-85.52332287726158	-102.07945161844528	-53.62790502674671	-93.06830555361664
0.2003584229390681	6.66524591754858	2.1172679470021327	2.019970347405147	36.99563080795137	-9.603688066009425	32.72884783507999	8.134962133992023	-19.27450413998282	36.391640576638736	30.11202252281307	-7.662666981806071	-4.850479346149665	-104.32796671763738	-96.80088697940128	-102.30800619237839	-59.941201609379	5.847109936510369	97.38765782408916	6.23417385598275	73.94024849639382	-84.49897008011361	-111.97881283726558	-48.177702792434296	-81.87576403706352
0.2404301075268817	7.727764025757768	-0.7969523837936234	2.3309595830273215	23.715025267773974	-11.428627938563094	32.80124431291027	8.702598987137243	-25.66912090042646	39.370238921392385	47.42485160444835	-8.842290831489828	5.701110199969205	-106.56982244592002	-84.2216227128303	-104.2388807565974	-60.034589252856236	6.808346437317455	97.30904626418058	5.432011453446025	74.27355298803532	-84.12744620753692	-118.47935621284314	-44.73739375679322	-71.09881024761007
0.28050179211469534	9.508684303191718	-2.7291718764484383	3.7180247511052604	10.512132706444554	-13.37974863395899	32.05621622201674	9.330310907774829	-28.828793186938572	42.72267250892002	56.36820025948215	-10.68453277348196	15.79531450834155	-110.19280596681126	-71.81864472096699	-106.47473192177962	-61.24830611940073	6.676738059072537	97.29392142090926	5.577882952399664	74.04533643405703	-84.18105167110451	-121.92382365609744	-41.04206400999856	-65.52251767798217
0.32057347670250896	10.888838068304066	-3.346340129522912	5.084202318699988	4.500839511673883	-16.223330645741942	32.06162442630196	9.502544491488154	-29.868209927583095	44.81284027672723	58.84999651958166	-13.551610308209552	19.825351557798932	-114.44162001259433	-65.4371753320576	-109.35729294598302	-61.01348664201747	6.461816456432052	97.28618744578496	5.033625372708817	73.77142500474498	-84.3171097596686	-123.00229382486309	-38.818727504056284	-63.88137241825144
0.3606451612903226	10.660988701311483	-3.651672621307819	8.648593946740709	8.178704567745966	-17.624424935491646	32.82626856705956	9.32180157936422	-29.385766642929568	44.037407302371136	59.259882217013356	-18.45814436095328	15.384985677632267	-119.12201584561952	-66.94633038978671	-110.47365437563437	-58.78334829854092	6.86457942813292	97.2794345209165	3.3188461716320377	73.52610088579702	-83.94354000467537	-122.23477450642196	-39.4897128034071	-63.05116361027586
0.4007168458781362	6.522718747163761	-4.374715446902	17.42693480639655	17.144007731675323	-14.92364345972964	34.18847587570997	9.681009896906716	-27.636552799091525	39.85662084809778	59.35231235459387	-28.445033638434115	8.123338821410238	-124.96219168584652	-73.53837766157237	-107.53607912900688	-56.382216552359075	6.706896811764064	97.2806346960863	1.322958245921712	73.80097814956655	-82.9505377953585	-120.24818913280608	-43.07380435111887	-62.498718432669726
0.44078853046594985	-3.042740720239889	-4.563617198518311	30.634478954313657	24.490067165184563	-8.991373999867655	34.9278582602465	9.589538591192024	-25.9759080529847	34.045818860775334	58.446273939041106	-45.07352915781089	4.685251296294654	-132.01170677295056	-80.7122900259789	-101.37623124798688	-56.21861546205037	4.493561372374266	97.07736431450577	-0.27806353448746934	74.99799987718933	-82.72592806453962	-118.36170847221725	-48.75085658777863	-62.55487757959471
0.4808602150537634	-13.92885699659964	-2.0096742763285835	42.777105914688185	26.72834412962586	-3.893434372268648	32.32322294891928	6.423762043370222	-25.35459309519274	29.727995834703087	55.89085358967917	-62.161197749110364	5.137226347388184	-138.25642818127386	-85.93020186088567	-95.47413120167062	-59.20368897152686	1.0379708634650138	96.23162253711241	-1.5110223225676362	76.2574510928276	-85.15280629547505	-116.9403253917649	-55.43531730521422	-62.652313462953934
0.520931899641577	-19.44220928381984	2.5781327427973184	50.31851380448233	23.635018221040646	-1.0684622425918964	25.2354426314972	0.5926362704387789	-25.304689122922966	28.110521177602017	52.71033745505094	-70.89670395793496	6.079447900224958	-141.57537175413208	-88.79670383302843	-91.26041895371291	-65.16244283164275	-1.4361887659580437	94.8414199511334	-1.9239630365757159	76.80951140680986	-89.60704888322799	-115.49332793858927	-61.48365704868492	-62.85926180144033
0.5610035842293907	-17.908884848643943	5.517300969031673	55.433578134606755	17.18957952658322	2.6650452238069113	16.145185666211752	-3.925886276522865	-25.23718145963786	28.561279804257495	50.350682865760085	-69.77367700512197	5.470841361013525	-141.77676176693336	-90.07848147632417	-86.37479089022635	-72.88864179444836	-1.950180765930694	93.71222437499004	-0.2888314731760313	76.95522674147234	-92.94052856507552	-114.24641590945463	-64.36527899438342	-63.624808123127416
0.6010752688172043	-11.277214112816461	6.044498273772584	59.34328135730978	10.733463250640334	9.599255961757834	8.472148228888807	-5.643247471854364	-25.045147030827962	30.770217683656895	49.408649967433234	-60.38979703452676	3.657715041433494	-138.3744081533443	-90.8575887490578	-79.0239747226616	-80.12397567387043	-1.385020197607468	93.27075098642725	3.14846263902537	76.8316744715009	-94.27482663015938	-113.67454983320293	-63.50935282610845	-64.2327941513553
0.6411469534050179	-2.5758743675105564	6.439567765518551	59.489948637406584	6.529205994207809	17.837894064499725	3.403545691612379	-6.97203809774548	-24.99742907440524	34.193483473572385	50.34976132278322	-42.92762379280638	2.4523290626147314	-130.54697854286246	-92.0136120514656	-70.87078062625082	-85.48443965976685	-0.8578512271201504	93.2470517587232	5.927458678541184	76.08220865782728	-95.8440483403189	-113.88610639763986	-61.719810376121536	-63.58065090951087
0.6812186379928316	2.8579681000418975	7.350267996583909	55.363457902900876	4.7657571603974604	23.918920655170396	-0.2333689253883493	-9.04056454539885	-25.798598916091517	37.510864561301595	53.44355325437872	-23.336718517265506	2.118750809561638	-120.55649518605435	-94.11645557756309	-65.1550133603653	-89.35072678878	-0.5254361879479541	93.26863668611948	6.990556627266685	74.57044559580645	-98.12579868759454	-114.91357110984546	-60.6269988035036	-61.47899163673814
0.7212903225806452	3.2731060008725903	7.77752419776826	48.8056812331099	4.271127782322358	26.585257779124028	-4.059172295308578	-10.444395757117968	-27.56304508017866	39.35980540203442	57.392058175102264	-10.421668252314593	0.5565294594184769	-111.06511593007103	-97.17658828222349	-63.3227192392908	-92.90545827098897	0.09222814588216632	93.19659773779891	8.086106864987716	72.96842365131918	-99.40738449576969	-116.44522970785901	-59.65448598962703	-59.046186997757395
0.7613620071684588	1.1162968841442737	7.9470295894858785	39.327096113576836	4.25966099407783	27.246581006361048	-7.720965889865054	-10.330241055378156	-29.084481188968805	38.53694031792388	59.932472003109325	-4.844900989531007	-2.6395060030700876	-100.87634784060423	-100.77564919126151	-63.77701501287097	-96.51598348986893	1.4040910436821268	93.43510945642562	9.838436444273363	72.47800578594126	-99.33294495441935	-117.87884207873678	-60.556835081338086	-57.944306868660185
0.8014336917562724	-3.826261345874534	9.069734217147506	25.21176653234142	5.232438170165188	27.359070093334466	-9.505567494783758	-9.670750119775434	-29.491546937138363	35.6070823926494	60.00943474939152	-1.4065086860553424	-5.441951518458408	-87.64828126559199	-104.53327050825648	-64.32713620823208	-99.30082394952177	3.216794808489812	94.50014684430691	11.022784377128326	72.86550018105439	-98.86187222761255	-119.06919724885223	-64.9140921381183	-59.06082159064808
0.8415053763440861	-10.007111967331792	11.035569398604274	10.40008483585448	7.022172362938918	27.375576265857294	-10.268080891383125	-9.464500381650655	-29.340095475124087	32.443655040880316	58.51884296955013	2.259138095447489	-7.426569334389958	-74.16522587963352	-108.43109988789418	-64.33191903432645	-101.40892208475724	4.339053259327407	95.80046269409159	11.389019060306024	72.33727574198579	-98.32999375546343	-120.3963449936799	-69.20963134649278	-61.877942680283034
0.8815770609318997	-12.612052645117176	11.782088750729445	3.569721933290799	9.795781370157272	27.16257521717777	-11.925178237433862	-9.609585701990621	-29.323035936875144	30.28100036513804	57.61837115191673	5.004257492807266	-11.447973499047757	-67.91025672933414	-113.22405300153217	-64.18957905753996	-103.42831911438172	3.4757850625963282	96.14848498578156	11.105778127184069	70.4942119417488	-98.28742660997354	-122.05326086724226	-70.21779804981081	-64.43470785755487
0.9216487455197133	-11.360800656012566	8.406458846638868	6.214572922841787	15.811997400550784	26.00885201491429	-12.964616553366184	-10.05083713202761	-29.389554100652365	30.219676123594695	58.17607915300991	5.9018050652441545	-21.151449526436664	-70.99206197225952	-119.56282108112761	-64.66863565437687	-103.75088059003791	1.350274845362736	95.43871971039242	10.102571675276339	68.83479399799356	-99.39014508087135	-122.96532897535386	-69.33489351637586	-64.78910801740038
0.9617204301075268	-7.868367058947674	0.6874467428049855	11.966964462427526	26.01849241309299	23.566180700129067	-11.173978335064838	-10.66047774222803	-29.299195988314686	31.381023589929633	58.40034826763465	5.280184276603828	-36.247375010683655	-78.14411584325619	-126.93622021985944	-66.1952605087822	-100.91747705001508	0.042510058254343175	94.3977281346078	8.992293346909392	68.29941734204012	-100.30559427467806	-121.60365617504057	-68.55496176047696	-63.203489493477356
1.0017921146953406	-2.048363870771839	-7.461182538994507	16.825378840892824	39.449225612312404	20.486577010293068	-6.406917594826286	-10.945440952397705	-29.256319260266977	30.7779961625016	57.006418483816745	4.176357628822394	-52.105424909104066	-85.12528175360647	-134.64349795551928	-68.31977529873535	-95.19383461832648	-0.03300752569708543	93.437489725358	8.465330160517109	68.2844643978799	-100.01469880575249	-118.93381125768882	-69.18069598399119	-61.92780281143521
1.041863799283154	3.8695807283806407	-12.153867441932995	19.75119155514596	54.10776431647764	17.13474724594571	0.81340488475574	-11.224715873711489	-29.49404070176853	28.247122219118587	54.968215046230064	3.2003336533903557	-63.41666298217961	-90.58670150008058	-141.26249960192737	-70.83328913919333	-87.15600180140545	0.04266179815463422	92.62534294201726	8.771250968853035	67.84127427900123	-99.92066075899658	-117.30242043436432	-71.73406733348148	-62.333431940055796
1.0819354838709678	7.03200198669774	-11.600603881288775	20.095934168195186	65.34193615366996	13.35101337163644	8.74462635793647	-11.292727322001	-29.330880089526268	26.1487438155625	54.030649122008555	1.928525843893185	-65.58087092531427	-94.13394890326022	-143.9803724750197	-74.03558355896807	-78.6415139977575	-0.2127537869441647	92.06047651180411	9.783765012368189	67.32017590134163	-99.81038002060687	-116.55151300758793	-73.67860291121384	-62.518249326133336
1.1220071684587813	7.587364635341489	-7.343655334433958	18.463335147447616	69.44861956901661	9.276773718157877	15.235401395658911	-8.743077571049518	-28.111446873358183	25.541158717682077	55.45488061798811	0.3049675718009883	-58.7428783484361	-96.36288607389905	-141.39928046118038	-77.90349336755041	-71.9446334567446	-0.6927157663815042	91.82779271124599	10.948308776472292	67.74569789541596	-96.62689874262732	-115.30707861326464	-71.07264249061765	-59.85555406196425
1.162078853046595	7.10073435360329	-4.188311403754044	14.76515237081204	67.50234508198162	4.487544713455755	20.416060372519496	-2.6084399188040233	-26.729986882371595	27.013049349000344	58.89238765595442	-1.0488676052222772	-48.54699885700057	-97.51127217175434	-134.3586799524841	-82.74169589424292	-66.83592440399859	-1.4673607408905656	91.7823851241659	11.177500852272393	69.05526857368562	-89.89048952700877	-114.01167516692514	-62.85537889941249	-55.13585704703927
1.2021505376344086	7.502703031084385	-2.9602430240745052	9.213527347164906	62.68154085749963	-1.0616338524441156	25.762560314726013	3.9545222256709844	-26.405119460106132	31.290279915506876	62.874456545030384	-2.164065329692207	-37.21587913876593	-97.65173169907847	-124.255636369474	-88.41334056047194	-61.60032112194694	-2.5926039291985457	91.81358079846056	9.588100433845561	70.61071522068019	-83.29750976779174	-113.76749683278936	-52.022737187966875	-50.88065972844223
1.2422222222222223	9.926674783011215	-0.4864199461239105	5.602603371163685	56.878701266435684	-5.023962036817006	31.35074113113877	8.11937597094636	-26.58657721028115	37.31241814161954	65.95242074619928	-3.33839020657797	-23.477967878038417	-98.33163971413829	-112.9915163767542	-92.74754293137313	-56.2423064187771	-4.078985724860864	92.12343419038932	7.377210395135238	72.01241077033363	-79.52274953219545	-114.1744628656845	-42.32693810357417	-48.12072404458448
1.2822939068100359	12.152701831653797	3.1065095689579287	6.709808137320855	49.16026424158757	-5.77120292663918	35.35971566843955	10.399179311242197	-25.55858927652048	43.3258141018405	67.17975717774388	-4.116760486947628	-8.983520833867543	-100.64212891949799	-102.0899518852638	-94.0846073798789	-52.83294017625605	-6.348098278409175	92.84039107879869	6.548091625182769	72.94523000387746	-77.79438608040684	-113.75095204946308	-34.435931443611544	-46.5997181069866
1.3223655913978494	12.1684873505554	4.5609136757013236	10.004982288400514	36.79825960247062	-5.265272619763293	35.95583861969418	11.5093714516076	-23.165155261597185	49.9844927787366	66.8652970152985	-4.21862033419923	3.869542665945286	-103.66476849893732	-90.69152868258509	-93.61692677220255	-53.101445982523146	-9.154705967128178	93.73167797387818	6.28187512163242	73.57406181862186	-77.16837201350928	-112.22330887483241	-26.497727614349444	-45.957427784123276
1.362437275985663	12.606243459495644	1.2044232117779985	12.407042588107679	22.036549280829483	-5.669528242742933	33.42029354169877	11.221263296660911	-21.25375264502023	58.30617974185297	66.02023572454243	-4.084370075896519	13.040505486713581	-106.7562242029362	-78.16445167880924	-93.44814083638177	-56.350762924147205	-10.326253425455779	94.42715023961738	3.995439733576735	74.45995655505025	-77.91664290100685	-111.02492365490994	-18.47887171764235	-45.99176245099672
1.4025089605734766	14.963062128923974	-4.758172887135667	14.666179300772722	13.807363095480156	-6.506273615301422	30.512934727089846	10.286539465625719	-20.760693031579287	65.33497473642917	65.52259840822988	-5.164382265665717	16.538978141227552	-110.60196403601243	-68.7021623679753	-94.45200738681136	-59.57934740088002	-8.177514439928913	94.74259273769331	0.03796099074748094	75.73286100672887	-79.4247901815262	-110.85283366135675	-13.399774511396119	-45.929651160574004
1.4425806451612904	14.58240397383419	-7.092788869321507	19.138442126697463	15.009038938683533	-6.460823184660636	29.826379316621633	9.638942235404699	-20.688068548519936	67.01851505391056	65.82929423132936	-10.993668408267476	15.403845879818498	-115.59968287595184	-67.49997539464582	-95.56019528635963	-60.205576251216364	-3.87689829988399	94.68515999444811	-2.364513807490718	77.11694034332565	-80.37132312647309	-110.71999393594267	-13.324689136625466	-44.9192229478098
1.4826523297491039	7.19358271522202	-3.862437830723026	26.917614104855446	18.895165253402688	-4.863796463207296	30.29111430344298	9.106205614695135	-20.3877416898227	62.803830599674484	66.24827344122963	-24.34514162874485	12.656267533792574	-121.45858761835918	-73.48382762969406	-94.49809766755448	-59.27403601472101	0.7540658838189029	94.21868728670351	-2.598555713707244	78.46642919266566	-80.50377155623424	-109.95291419758665	-17.838256624552628	-43.60332277113462
1.5227240143369176	-4.760685185181515	0.5994849588056379	37.90765247934892	21.42635003173673	-1.291818098553534	29.089616753821424	8.60695859441156	-19.952195000950418	54.215887143539916	65.44578465629746	-42.844112658333	9.644660447741225	-128.07348390468627	-80.97555353878501	-90.31813323570533	-59.77070743600178	4.963697909967488	93.51207062827386	-3.3821781336587615	79.69172373636648	-80.2752814575515	-108.81252603299468	-26.05668813908613	-43.35436080609943
1.5627956989247311	-14.799805387077988	2.1355930586886775	49.35656941608193	23.20615212347181	3.2696856639366856	26.067011240757047	7.787633435203025	-18.593488663567825	43.638797164714916	62.788688431246726	-59.167650422683174	5.881566718341654	-134.38098401370644	-86.24819065828483	-85.04302489952198	-62.245409111620354	7.811433610684839	92.96850673444406	-5.355479099544921	80.51293501015122	-80.63689118879577	-106.90590569923855	-36.84281756103317	-44.133786281455365
1.6028673835125449	-18.122866698346122	1.8378284327823597	56.71540337927132	23.465712364379733	6.490292722698241	22.12139097274597	4.598197447410504	-15.677011182119541	35.21769817646398	58.93788746006334	-66.19630902243424	2.4256998057805923	-138.0759708211899	-89.28949181224971	-81.33566074255275	-65.73317975691393	8.54922433677882	92.52084436027188	-6.477812138787138	80.84043244850722	-83.2250890303695	-103.53158048194764	-48.04326048106527	-44.59704893171385
1.6429390681003584	-16.77375060429183	2.9909138441332392	60.1826916491095	20.669717351892228	8.65761423047315	16.586412914069108	-0.9245350722565988	-12.351019064130359	31.86024294370317	56.011560770762664	-65.43391849505561	1.7357644609341543	-138.65776060608525	-91.05319999413254	-78.47002531953525	-70.5433836677277	7.981820434278465	91.77389931900427	-6.451440399874244	81.081368036353	-87.3321916842071	-99.48081606466415	-56.28188523207469	-43.466643696278425
1.6830107526881721	-16.020957526401865	4.967438386942654	63.2590632456392	15.239381379541985	12.538276282145883	9.695869607148824	-4.6898335049471775	-10.023694796159099	32.15579545146011	56.014877594771754	-63.03302682560051	3.014223589133883	-137.01221150337415	-91.8305779832708	-73.7570747437395	-76.59470284605183	7.3413911752211085	90.86642048771579	-6.674251290756095	81.50330438649586	-89.63550141570553	-96.31426753612604	-58.800216415982625	-40.298618666172565
1.7230824372759856	-13.076267386454006	5.430546846522407	64.99201949220668	9.973382478345624	18.28978730730529	3.524503528145746	-5.192309285262088	-8.495835244459057	33.51657861596178	58.22150998673741	-55.402066650689385	3.1428402777844884	-132.32844028345076	-92.28187089831425	-67.3375748338983	-82.10213435728201	6.922077287145239	90.3021172021099	-6.129370554598182	81.70967309487494	-89.52925687341595	-94.1224733622371	-56.80885029640252	-35.901357173458024
1.7631541218637994	-3.865739420226823	5.184016298608739	61.996087197489906	7.34418680632286	23.14845181233561	-1.2327694393280793	-5.16274190208147	-6.727590232132075	34.670598558011555	60.421782187767164	-37.734663111066965	1.6559122629621879	-123.86565891809846	-93.54883306812002	-61.86897333957176	-86.25096565448439	6.538515797885882	90.1317739169671	-2.348789804026046	81.51219343373684	-89.32748743678188	-91.74578648229485	-54.73434695417859	-31.324166356519708
1.803225806451613	4.213495150241376	5.911709854812042	53.89189635188775	6.7638861381137065	25.71038587844091	-5.4247028238055535	-5.685168758900647	-4.5832448547989575	34.82679194703932	62.47399771531643	-18.58330588728133	0.22855020377237523	-112.78179982521159	-95.68569257790334	-58.8896880769717	-90.02496011894397	6.114807133032205	90.01132069437914	3.147611488472466	81.46067182709973	-89.96483653568987	-89.1835004980981	-55.072399228930216	-26.709446771954653
1.8432974910394266	3.071143943521424	7.484826551027544	41.84168115959561	6.335596668794324	26.81981943244587	-8.650746356076795	-5.931123159801041	-2.82863174816219	34.55412088367163	65.17444062347835	-6.775375242951176	-0.5300491154053018	-99.85978117825937	-98.01148575361393	-58.018233471914535	-93.48868080550027	5.640157130066681	89.9515123227831	6.231483541964769	81.63696217494928	-90.93488855373523	-87.66656499053734	-56.16649079402557	-22.49209228256832
1.8833691756272402	-4.994789837516452	9.73645830736308	27.035206131658725	5.972686275338019	26.83107161470511	-10.1969489608115	-6.259831277709319	-1.9851070898681933	35.25167611887959	67.4273046095021	-0.7123929166109879	-0.9399183061111889	-85.80997145675005	-100.67569037630587	-58.77467103325994	-95.80264235970999	5.177675001946952	90.28118300445412	6.398434979813745	81.53995671967992	-91.87562728907189	-87.59080958101933	-56.15319380483964	-20.163512272951806
1.9234408602150537	-13.254794288662925	12.406732127352099	12.892626218604311	6.646068211671675	25.54648840324256	-11.18111619230155	-6.966450239081123	-1.6449969099201533	36.696399326580774	67.49837885581343	3.1780992491749593	-1.6985997969802447	-73.67726672692037	-104.10586636263123	-60.78428321691792	-97.51189457128986	4.971089020096011	90.90663070381181	6.009323225881548	81.26950780362692	-92.28557274271456	-87.97578621901346	-55.719127168225576	-20.477413436337255
1.9635125448028674	-17.739980357600665	14.215021907465795	4.099267125680651	8.735224174629831	23.819083487563333	-12.729681428408838	-6.7907297885541595	-1.192127540161123	36.84192636973946	65.38667932102672	5.402663595774937	-4.1270843118522045	-66.9709281762832	-108.34226197465959	-62.872330200202406	-99.42115138353847	5.1723404336613	91.33551319159277	6.00177126202664	81.18976627704562	-91.79769910948447	-87.88354945855947	-56.0855976466596	-22.49686932493415
2.003584229390681	-18.90779796590136	13.998061499152017	1.5971605280793244	13.023674283819634	22.138347368696547	-14.084871626406576	-5.429837380550132	-1.6694745890380083	34.466672103581665	63.08557266390713	5.387449246712107	-9.696918444305572	-66.02011185579853	-113.69489779913387	-64.42524925377309	-100.64854966246139	5.451898689137701	91.22990113003684	6.01766586447285	81.2174210884022	-90.97477325054457	-88.23306876558479	-57.498322612465905	-25.14749499404378
2.0436559139784944	-18.64124622483473	10.04579489937655	2.0187715612026085	20.695005185648352	19.64017266597471	-13.919054173661396	-4.47737932083197	-4.343577219100795	31.38473550771849	61.690441328388346	3.528178329070903	-20.48153896976196	-68.32544712484	-120.52731188020165	-66.30372595722574	-99.8627085589395	5.2443150512748105	90.6000643435232	5.9969085329914105	81.19642836488893	-90.37443379934706	-90.28747424218166	-59.13013781042921	-28.5970329724474
2.083727598566308	-16.968962496345366	2.5538422378757195	3.074725766334253	32.68264275878407	16.44023265460404	-10.65900902318836	-4.570236921522269	-7.801946462348852	29.661143885354615	59.56306090162047	1.4101455669794405	-36.06169815004448	-71.92971743832352	-128.61556574577736	-68.84042037720096	-95.9390727633138	4.722843650411513	89.93224123857298	6.12725975867836	81.15596374352727	-90.02319187220282	-93.08259979834503	-60.20154353666315	-33.51953909215371
2.123799283154122	-14.107313145099269	-2.446289039413665	5.217981816417244	49.09819727467588	14.41595897644209	-2.63224003252896	-5.256053991672908	-10.370899612141216	29.369641935431424	56.43038584413931	-0.17905763722386547	-49.48126648465256	-76.08967559397767	-137.0349252103275	-70.88258126863778	-87.93193532024013	4.759938773517904	89.9515406953412	6.45496792780129	81.07150577947438	-90.57536185492066	-95.66944015568747	-61.16967275871042	-39.23905431579947
2.1638709677419357	-12.254534500742913	0.10571594483736635	8.108766096050642	66.65898012955485	14.252277043024291	8.608844232141418	-5.761274023893543	-12.79101963830026	29.806978628162344	55.373150772803946	-2.160408444623956	-54.03555210060163	-79.85309124621477	-144.14116090460954	-71.83342672491034	-77.48076959473842	4.7895150153168995	90.73959795700057	6.860491537904936	80.9501298675334	-91.8187796033021	-98.87672337572667	-62.03683907802789	-43.5035725694567
2.203942652329749	-12.217852575274058	6.755637090529284	10.175681685601258	80.20200566508205	14.37915507634366	18.748319160744813	-4.153204001378291	-16.108452849379205	29.568445987207383	58.28272788197584	-4.9541852227068475	-51.59711774778985	-82.72672268673307	-148.35304931649577	-72.52595699442234	-68.15176844285874	2.5208920510929542	91.55882840409363	6.966559918756857	81.20772894734434	-91.0526570176674	-103.01356486640418	-61.49227369358665	-44.73083698130497
2.2440143369175627	-12.549250041822727	10.27264157629114	10.69582622217385	87.77841361760127	13.628318639711775	26.29716043602222	-0.2984054449329432	-20.34995768601317	29.187956734923986	64.0520155267853	-7.412758379980632	-48.46367734751645	-84.87554251751477	-148.73705761769483	-73.65257489452836	-60.95892596406718	-3.4133347851768847	91.93444257599289	6.418126248048795	82.10695440251226	-87.58374578314283	-107.6308512215602	-58.39206279721092	-43.5788357007063
2.2840860215053764	-12.3449503267229	7.508970053530465	9.952703365322574	89.30985598476384	12.068677852595705	32.62381877454234	2.8264861878224994	-25.275998542853827	32.7378337778177	71.49787174475244	-8.558241950885389	-46.67767087208091	-86.23263170645167	-144.18524228994835	-75.41187021029394	-54.87526516689589	-12.097312868909093	92.13411547450072	5.849813356953536	82.7051325379143	-84.655364544155	-112.75654661511237	-51.91586536426018	-41.25867487107205
2.32415770609319	-11.343364335893185	2.2935879041091245	9.434456720020115	83.84075962621912	10.205048885389619	37.57366580180125	3.635979663261492	-29.903689427391406	41.94842298020646	79.33387920810898	-8.817035838393279	-41.832623535899955	-87.45911760443127	-134.12133395072001	-77.49751947593373	-50.28059575970505	-19.073588720235023	92.35616598458833	6.693801605489517	81.81681745164893	-84.06592633904104	-117.60625778917994	-42.11802364081017	-38.27237857774233
2.3642293906810035	-9.579802103236965	0.5968104027933439	12.221438138471191	72.86942740912257	10.000545667755668	40.113718704969436	2.915311053150593	-32.534891274886654	53.367816977180425	84.57535796988246	-9.896637923889424	-30.073182813474556	-90.20914454271586	-120.67601969980548	-77.96262234992149	-47.80674613518686	-18.219356801812186	92.61676468939385	9.394269448486202	80.12645748298037	-85.04759355697844	-120.49805929097802	-31.68010221789331	-35.92270132124863
2.404301075268817	-7.692892273561942	1.7845253842093527	19.618268559149467	60.94149908086695	13.114166966068801	40.70070260277565	1.470808574888041	-32.476809191369796	63.196756262402644	85.31819145689074	-12.502952631382636	-15.954522216874308	-94.84114291838425	-107.76988939330606	-75.31197594848167	-46.82799610184275	-11.18606221331804	93.0797343231952	12.586937265436086	79.30251243025499	-86.95538168583164	-120.90295210571652	-23.75855962973795	-35.58476066329917
2.444372759856631	-6.234294710439263	1.0199587618196513	27.692197412550236	51.51761495753037	17.034095213076018	40.425146775866985	-0.01341610182005526	-30.26859661597912	69.95257900408208	82.81034750625531	-15.013730228231983	-7.384715020791939	-99.4145132433015	-98.38290479356412	-71.73320361093135	-46.86430138859243	-7.9047841816838	93.42089005514246	14.040203617820323	79.5419396659616	-88.7806849794586	-119.03589544026303	-18.82804495275235	-36.22554793795366
2.4844444444444447	-4.100380129456484	-1.9741614508473924	31.562486681395868	45.824876638154926	17.860691296198567	39.95931682157128	-1.405929595984079	-26.611462679661386	72.84986604360978	79.58702391314007	-16.163030705445	-5.566641875127283	-102.15458768228507	-93.40443037483968	-70.57752974759094	-47.58147997027247	-12.833386606457099	93.09181307677673	12.154224776406606	80.5402467230074	-89.84438214172276	-115.049683723553	-16.994522979017177	-35.46265972895252
2.524516129032258	1.2934973209933307	-4.3830129628696515	32.13325858902487	43.79357964913348	15.888171658184415	39.50966116227163	-2.826149463687377	-22.1241817451401	70.75189730274325	77.73192970508347	-16.341319047951576	-6.317380757624962	-103.9935943620204	-91.98029586669044	-71.8573845075962	-48.193259607620014	-16.68518799536586	92.39914798319629	6.405020517266072	82.74818243384502	-90.57228823728852	-109.86973791079639	-19.82040195509671	-32.13780814836746
2.5645878136200717	8.082383976568002	-4.423264972451398	33.935238805351425	45.062463606288944	14.20242862508828	39.215302080209995	-3.181956508848491	-17.22109299366331	64.14602684547361	77.39038838641224	-16.388293738305002	-6.623477415733857	-107.03309956450578	-93.3097589797564	-73.10015773634338	-48.23891160611054	-4.096837239543115	91.95617843412768	-2.8551771596256796	85.58147613719747	-90.48338303737242	-104.52367935476228	-26.33735568155512	-27.13329141592075
2.6046594982078854	10.63561301568295	-1.1003556974499746	37.574444515440895	48.55924118548192	13.295254895981119	38.75060777630887	-2.2298166887885995	-13.099474001722228	58.18590142676455	77.93011000458311	-16.839005816565592	-6.145982014443916	-111.31038949536973	-96.90012078876148	-73.73662334034586	-48.299376673984156	23.170387369439656	91.68547230889972	-12.29242509653435	87.66957088169207	-89.25776473282383	-100.13135223840322	-31.071861392893897	-22.201242757130903
2.6447311827956987	8.582549546589942	2.8524327278180857	38.70929233161138	49.564386851437575	10.889301636433197	35.9439530611434	-1.8765350080628767	-11.735790545169696	58.63523233491909	80.81983234672077	-17.41785525992604	-6.1525098708872346	-114.33088184500421	-100.07547985541017	-75.6212416522627	-50.54197731852234	40.17835842997012	91.16413592051408	-15.788585231488499	88.76750286276742	-88.39213082352542	-98.24633383587478	-29.75689922665808	-17.42649911833654
2.6848028673835125	4.725907566286631	0.5461731661031176	33.92535204925039	41.75986780432468	6.419079532068599	28.59204907363878	-3.1039175156503553	-12.978988231736553	64.43361359783852	87.0208724044179	-17.586380411860283	-8.248334789802136	-113.1905318681299	-98.5957520192604	-79.26503616481524	-57.08961658196732	34.0231918707073	90.33769595185952	-11.65946826175213	88.94670207001737	-88.81297947346503	-98.66310392745945	-24.37936644800138	-11.642227478223072
2.724874551971326	0.5604299927867562	-9.901287742494768	25.225953496689804	26.269445580465604	1.9998899622719557	18.695257848586735	-5.055727987681454	-15.146133945143715	70.39662235388626	94.37110105974219	-17.322053362576096	-12.58870523496012	-108.14918738439603	-92.57198584438058	-82.92329161839491	-66.23180745001463	22.254109710667013	89.57676503275964	-4.831106420700234	87.82103905822696	-89.96026966098756	-100.06931551368439	-19.56364271826806	-5.698226469284929
2.76494623655914	-1.6738193048811947	-21.007609583265783	18.055585552558522	13.766941514286405	-0.23352265013174256	11.625398520320033	-6.740807323168704	-17.9090874704223	74.99237886018287	100.93158381406633	-16.750723143858583	-17.855646092459875	-102.97166307602488	-88.31118794420892	-84.91611592024906	-73.04341690275996	20.680439184680054	89.336249862187	1.6044214602454792	85.56218992567578	-91.27085475446604	-102.5916807420893	-16.27847244645537	-1.6601254992753396
2.8050179211469533	-2.312512923883837	-25.72580758939398	15.025812146106038	11.911952960932403	0.36835498767988784	9.928837293021376	-7.654492828934071	-21.024603329392303	80.21582931555186	106.30677396100103	-16.27712967454077	-22.78728391535859	-99.7668985002804	-89.53878288662612	-84.74103516553944	-75.17374381423822	22.011414632123056	89.76305940626308	10.088161976337336	83.13136646009089	-92.80682526625365	-106.13399355355413	-12.591021306912642	0.1728378568490938
2.845089605734767	-3.9023461484183066	-24.458120291759894	14.015842231105651	16.014501174959637	2.914435602066242	11.166932851222814	-7.974260138918688	-23.02474966859576	85.62004193742327	109.43941759828675	-15.832989903855184	-25.302395043965628	-97.1046062809646	-92.33633685844642	-83.08868059655306	-74.9198367787909	17.620922200597875	90.656366923263	20.573778377740545	81.264074218234	-94.87986483886831	-109.02786588850668	-9.259853407024375	0.4117418254729106
2.8851612903225807	-5.334956726016729	-20.04390183171923	12.37675528270594	17.606196364446365	5.800495156590193	12.39249429327792	-8.08722578148381	-22.88536528307251	87.97743685203135	109.07774239699519	-13.209540868112702	-22.508967634135217	-93.8225168248274	-92.53097433303492	-81.44598839914585	-74.92592216995051	12.598855951459019	91.89948230182131	25.96968723991036	80.12910379552362	-96.81988262067647	-110.13184843670827	-8.842311758598287	-1.054357891789429
2.9252329749103945	-5.656995324176748	-15.70047879121869	9.45864926718767	14.606843948069976	7.811711393564941	12.991222231699108	-7.92895881680249	-20.77828176440569	86.96299243456137	105.35899234833651	-8.135771872432644	-16.130994153397598	-90.45980677455238	-90.17793989002541	-81.00170772635009	-75.36663896516944	10.605355553090693	93.46873615352429	23.212004487783172	79.69956858350699	-97.6448966933521	-109.59170058932592	-10.68167030803857	-4.233917633553482
2.9653046594982078	-7.565206921036537	-16.025229619574016	6.212902751311596	9.92441557903539	8.839409519480695	13.55663713393713	-7.423074222789689	-17.27089880141889	84.74318184117801	99.45851565241327	-5.463351107369187	-12.837546599577733	-87.81982908786819	-86.78234997822597	-81.60584992992801	-75.63510537346943	7.521291525236233	95.10302624061895	20.200947593169023	79.4960810934083	-97.91120278965597	-107.71616045553895	-13.168697858461778	-8.25670113672635
3.0053763440860215	-10.974697881649217	-19.9498838396561	4.667502880350445	7.519612028815194	9.614169796410998	14.666317211358503	-6.343100175538433	-13.01473122900773	81.25266292592566	92.64063480773372	-7.260226249987758	-14.564294283800832	-86.81844793755462	-84.65578456674963	-82.14730212322505	-75.76630055390173	2.065701925462119	96.40684717602433	21.78401077850645	78.97761609264005	-97.95183837079772	-104.77620579925996	-16.700820284574196	-12.128158601538118
3.0454480286738352	-11.25368756517785	-18.74053781821009	6.445964893160648	10.331008437693434	10.539354342437564	16.07900985977938	-4.325905063130912	-9.07725859147665	75.58772637045588	86.54335199723428	-9.400756991935525	-15.431021337598805	-88.34040653289031	-86.698702098806	-81.89912577805781	-75.79289784635289	-4.453458524603919	97.06436864598554	15.50007123320313	78.3911520628269	-96.74610540559677	-101.51572706444287	-21.155157525611088	-14.97468153479822
3.085519713261649	-6.413116377710411	-7.8915136551749505	11.011201159488962	17.73165858403738	11.425968616514666	17.183625786863473	-2.1872568246927653	-7.340138813753878	69.36311610701793	83.90392391687007	-9.478410610076699	-10.822029380025926	-91.94429801862422	-92.92396460679983	-80.95620937779711	-75.24541668615731	-14.719766164195503	97.07157296698598	-18.259675101093865	78.05649268395192	-94.59562172016807	-99.72229647463588	-25.22159733162717	-15.862319384676779
3.1255913978494623	-0.38756978305891	5.378920042584162	15.583938406908661	25.020396229622634	11.940723784922998	17.854226854211696	-1.4063032276375766	-9.113944212289859	66.059596908933	86.08762830303002	-8.930620434785622	-3.805950038481931	-95.6785358253468	-99.18294934702003	-80.07731062994573	-74.26563356944082	-28.739249432079408	96.84747543563996	-78.27291990088112	77.71608516912742	-93.42782930725267	-101.1320374600008	-27.382249569005108	-15.049794076173297
3.165663082437276	1.5278135265684671	9.780198745228423	16.866464227715557	26.78325174295168	11.526386659085986	17.48996150984029	-2.646515800115907	-12.799957486603045	67.39682009874043	90.30886808617919	-8.826828829814138	-1.4567447936460138	-97.4262063221179	-101.23802726061383	-80.4184041621781	-74.45320144786011	-36.31711800183644	96.74026445092608	-137.18899605802767	76.96324404344993	-94.57951968491179	-104.74489126706919	-27.251906060276013	-14.183603005915346
3.2057347670250897	-1.520684545040195	2.4625830282339667	13.822546014740972	21.59457869958135	9.626157182792067	15.133001914448343	-5.760477169126467	-15.91012024860951	71.17654337216902	93.70576324682526	-9.086948392494104	-6.117702965764122	-96.27963485418303	-98.5808561992069	-82.49697117544619	-76.96837701124755	-30.385110111343952	96.69588657229575	-168.9673912856245	75.49403137981886	-97.88814036007278	-108.0329686133061	-26.659885058274487	-14.188279442533892
3.245806451612903	-5.535334647169852	-8.235030797070015	9.29019161016425	13.590086594394425	7.085086168109538	11.619053960541576	-9.791416125446194	-18.602735470206795	75.5452848557131	97.69519159739343	-9.421460013048057	-12.403977258431926	-93.56215606859007	-94.16831950991994	-85.10818524797854	-80.57718658892774	-20.143939617842445	96.69434239059241	-170.22006982521606	73.35694427739577	-102.03323832878728	-110.79505880643659	-26.064762282827324	-14.503623997164985
3.285878136200717	-7.2576932464667685	-14.081698954967278	6.915971351678515	8.399645120944719	6.050520132182908	9.375931215104895	-13.007667364882497	-21.92073031350651	81.44507480670583	103.03325465188162	-9.624548284764831	-15.513138594739493	-91.87075217638032	-91.43016768824391	-86.32960331655514	-83.03353392639615	-17.32743131438392	96.99630305894024	-155.1381310554413	71.16980111642978	-105.37548499852424	-114.3020720473678	-24.049547834347823	-14.687322039358909
3.3259498207885305	-7.231439849856868	-16.08064244420404	6.917062239790599	7.460719581598071	6.985194414000449	9.28104449658699	-13.984342959363575	-24.91518702179447	87.35860980377419	106.2112556661613	-9.756306217398445	-17.249717077509295	-92.10794550261804	-91.17140150043171	-86.01932237178876	-83.7110841508577	-21.414284615565066	97.68743073665338	-134.39547365670944	69.85052479828207	-106.70545373582864	-117.92571880308091	-21.85052115237362	-15.038807018751216
3.3660215053763443	-6.675263241378803	-17.171160759608686	7.301714461688148	8.163395035926836	8.056444512476647	9.80179901964076	-13.21822221732335	-25.805641464480487	89.3525123288098	105.26222994908753	-9.607800752149299	-19.135396649223285	-92.9753833168217	-91.97214794884586	-85.71263101701639	-83.8082629730641	-25.15414325319767	98.42655402160212	-110.01758149985511	70.02425922583865	-106.50629637334711	-119.57022251534201	-21.27665741353902	-15.573081755292913
3.4060931899641576	-5.0074148656182675	-14.620225799109612	7.188307517475957	8.577674530106343	8.054981327559142	9.748208880398897	-12.5743179959832	-24.331386267167844	87.41029029578098	102.39584468579812	-8.412099899558694	-17.666999289118458	-93.43692843429689	-93.036761626182	-86.14573097710152	-84.45898162629258	-22.122964400376112	98.81411904890955	-97.57474362054428	71.02417270541694	-106.4489234786855	-118.49531743054435	-21.542309799146455	-15.929008893254254
3.4461648745519713	-1.9495773734146837	-7.303691954377502	6.958501643784851	8.525899787295943	7.487530459220559	9.294745622913293	-11.895242526903713	-21.10713579953019	84.32450053696552	99.09658469599808	-6.226853136395977	-11.721418491525748	-93.68221404717916	-94.36768093407748	-86.72729059313704	-85.84185791223042	-8.321896697670892	98.87707117451613	-118.93061852203819	70.90497225182922	-106.1066593203833	-115.33231155302332	-21.90129626623688	-16.004909232763065
3.486236559139785	0.36303382655644456	-0.6575433248745911	6.879980891502363	7.863384207583527	7.382836014440251	8.66261465175252	-8.781527297690635	-15.700766927216957	79.76391235955893	94.05442119175966	-4.508445000328319	-5.887964445245016	-93.98827707205045	-95.26708385662211	-86.9651230365171	-87.40372350330152	15.421229717273306	99.2196175058106	-158.62761908309824	68.7383855679975	-103.39599510559715	-110.2663300011855	-23.20889449626614	-16.22432546949848
3.5263082437275988	0.20762843008687376	1.2348872762976302	6.635215903550343	6.805219646974104	8.369085297697765	8.51697794185742	-2.9083618237338666	-8.667544477271356	71.63377844058427	87.44530444398907	-4.027297114098358	-3.443969484908848	-94.01523103502718	-94.98455312295268	-87.05753739787109	-88.17932198669668	33.78670582137442	100.43887595519817	-178.22077031209304	65.24857046018472	-98.69929340083853	-104.45250164917998	-27.01380515790665	-17.047934620972963
3.566379928315412	-1.0544544412812964	0.027153606046876166	6.029350731287672	6.0990854640946255	10.515956570091308	10.14898775723634	2.715141255755539	-3.1247114215150793	62.732599600659924	82.68407651352986	-3.9918271041981916	-3.88199202214235	-93.3491805955614	-93.82709630126341	-87.10007116454067	-87.72800584239869	20.918893368442244	102.4871680571483	-174.19055136821646	60.27039687771887	-95.11049276569528	-100.95834317917854	-32.447083584845856	-18.27512364954836
3.606451612903226	-1.7464078017094704	-1.8024572344111256	6.103364404138614	6.329618918309097	13.80768053687934	13.684548018904005	5.626519667766947	-0.5854415705246201	58.687169006047185	81.20068962953862	-3.840006416586951	-6.386486397716018	-92.58818961617457	-92.77718734962832	-86.46812546664874	-86.44757003793605	-19.5256962077515	104.93969224779055	-173.99438819500187	53.0507670922004	-94.65802144115128	-100.87160227514481	-35.98485044029147	-19.663947262130588
3.6465232974910395	-2.076748891329819	-3.720408632429165	8.006716244936282	8.131215512597976	18.210468074794406	18.308848747635977	6.60228120202878	1.2369467379171915	59.363895949448896	80.67126488496336	-3.9108711994405527	-9.480297897835747	-92.7616594845609	-92.76885921666715	-84.79162898341482	-84.63764487362094	-47.469759735578045	107.61891310020314	-191.21187774352234	44.81456957257075	-96.36429533333803	-101.72836917888465	-36.98957596256029	-21.05644361564749
3.6865949820788533	-2.2224723067896677	-4.529962684179887	10.739370016319647	11.789417589782598	23.263284690520432	23.84150513881331	7.8774585948800695	4.886599907117024	60.4714962060733	78.77107756507081	-4.344619880314124	-10.341670232934861	-93.52908404132695	-94.02719045353977	-82.79529619852778	-82.23777279938459	-39.808976276765314	110.70768924732599	-207.35819957270965	37.45256708460109	-98.17700005820483	-101.16748650350851	-37.702429635439955	-22.397562045313272
3.7266666666666666	-1.5145883404179565	-2.398703565750445	13.230716120372545	16.534338572267714	28.635114606515803	30.187131267843903	10.573825963394267	10.57768832757343	59.924956881297334	73.95599621870007	-4.769994376695392	-8.24598810691261	-94.14839000936021	-95.90519467792738	-80.91175543282078	-79.37085485478327	-11.224912701958658	114.20647696356262	-197.07594654430144	31.48868350400608	-98.97886898206556	-98.97519670806221	-39.055127942299755	-25.019399394104433
3.7667383512544803	0.25518634864044787	2.0117463189701548	17.13452656561688	21.98969346890409	34.99783692134872	37.153761368259346	14.762985835567557	17.17761433259402	56.96408635135384	65.84981300023979	-4.936648716748426	-5.661643688436316	-95.2424004782536	-97.93749169687602	-78.10647507375091	-75.9477969668997	13.579162178808826	117.7591204287633	-167.92162817895877	26.91967622655239	-98.34246622515845	-95.9279159467589	-41.378020002323076	-30.07791863968716
3.806810035842294	2.671891720878827	6.283341842585234	24.10535476540546	29.121307449414527	43.5542775991183	45.568764953242336	20.73302485302275	23.712084593833435	51.07765391234806	56.528786622220444	-4.865436335548205	-4.894723447846312	-97.36506676922674	-100.36532949528237	-73.26063013456572	-71.24402771838622	24.05058079358362	121.46755154938079	-147.85363366139893	23.27201538060212	-96.08096183352414	-93.10187505497389	-45.00511804233277	-36.57304042307635
3.8468817204301073	4.90603788197645	8.562344531120974	32.90082380360554	37.779292446887325	54.54121140634812	56.26460005334621	28.473911370687	30.058046354503368	43.957351684551064	47.620454241307044	-4.8687234747317465	-5.813373263783413	-99.77102618829205	-102.92673386561769	-66.87051132442562	-65.14745126191126	21.046232907984518	126.06503507648384	-144.93069031544758	19.250361515458334	-92.93754685522624	-91.35339638562998	-48.98694266106248	-43.73297037900334
3.886953405017921	6.36787579808162	8.650006853838995	41.39153045748132	45.84047320216935	66.82310905798823	68.39097251294142	36.95489468526678	37.38651155302814	37.85132946859281	38.39464242353983	-5.303205569765538	-6.925626882823275	-101.83509669848914	-104.71642971650469	-60.44343058009422	-58.87592802417193	2.21923063641816	131.9202746939132	-153.82822851406888	14.666046921769157	-90.31178441761037	-89.88017107458128	-52.45157443490162	-51.48553971343533
3.927025089605735	8.115416645616422	8.700180523228028	48.96346746080742	52.298167750629894	78.99451926217174	80.3148645554091	45.89837827005883	46.69847598628354	32.06021446679654	29.226957107210076	-5.770946949999329	-7.202200456919929	-103.85408331696058	-105.86834869379523	-54.890552566515495	-53.57011172831064	-24.538727117836853	138.5387226288908	-169.03552804110757	10.806087148462087	-87.98674945630997	-87.18665467137053	-55.88287223733057	-57.95969397628339
3.9670967741935486	11.178799670768003	10.81103744826504	55.8337991334364	58.36560489182834	90.14438404786146	91.28272102213012	55.7346406571761	56.709360757248675	25.283185298937838	22.351147616815823	-5.6806881622280905	-6.47093804915248	-106.02963675532614	-107.42305499333959	-50.195856368010304	-49.0575856632707	-41.20491698666297	144.99381191585206	-170.01812221402832	7.4261229804986915	-84.60557964016097	-83.63085914777473	-59.35539670014551	-61.27970549833648
4.007168458781362	13.923058007244457	14.119046905216496	62.50856535379139	65.43528878756555	100.3389932682125	101.67650716907801	65.10757648274786	65.6199223399819	19.390771309672854	18.289268563744933	-5.583439493295312	-5.587001298832439	-108.13947719644369	-109.72869842930595	-45.63092414225346	-44.293868661115766	-55.177071537348496	150.6234977398348	-143.72490430985428	3.029922795602711	-80.86232976156298	-80.34998336970725	-61.73885687452729	-62.06071061519781
4.047240143369176	14.865893005209614	16.44199740679015	70.0824829154457	74.06963377046479	110.33550833873599	112.01397236817076	71.96084623418392	73.20753926032334	16.569186402034024	15.85090270935212	-6.221060444282481	-6.136429418335059	-110.2767614523434	-112.58545883902312	-40.19427620814942	-38.51523522742063	-85.49359686255518	155.18338022784565	-115.63714670709949	-1.1398422781862516	-78.56894194059899	-77.3222489427833	-61.92251833022106	-61.47136747471752
4.087311827956989	15.818960337183473	17.507320621251974	78.95120750258715	84.06622424205908	119.9578227778673	122.02662030346701	76.57746761968671	79.74301231803956	16.290967046388552	14.268896549400921	-6.9626171134762185	-8.374329299217521	-112.80767003603643	-115.85388866337789	-33.85646023993598	-31.784752220577484	-121.03163761570309	158.46787798126917	-110.47351787986987	-2.4136911034298616	-77.23681824625174	-74.07127364222087	-59.36359044535425	-59.80241343496127
4.127383512544803	18.464537084715495	18.55008805308729	88.33677691579965	94.28697355479257	128.12739143213415	130.92186904448363	81.13235468984081	85.31663197122528	16.9101015961288	13.174522430042968	-7.358802765107969	-10.709719329970344	-115.9182667247808	-119.07397849157914	-27.58149004191071	-24.78918096900964	-140.39974712862767	160.36246768698365	-118.35226415989824	-1.8329226776703638	-74.5765209734206	-70.3922436941027	-55.09092144530302	-57.21761593595232
4.167455197132616	21.685147892611155	19.606361407834033	97.53866732673886	103.45202269449655	134.60288336531463	138.10350758801994	86.25600010466496	89.75972589638826	17.307758148175616	12.52603004492978	-7.922067898064508	-11.980418545902102	-119.22851137873336	-121.64123599480222	-21.689844464827228	-18.207021138381403	-148.72746379655788	160.9463128215103	-123.23260146352983	-2.3607123708968074	-70.03672071061085	-66.53299490278324	-51.23602672759296	-54.00670892280775
4.2075268817204305	23.932670435861645	19.841282758032904	106.18423549415449	111.53362813307758	140.3319546870839	143.92934585813856	90.35083490755129	93.05992691459788	17.348459067755055	12.092671587388487	-8.324604793599894	-12.491789765614465	-121.70233972679456	-123.45437063238053	-15.518104222810019	-11.915729200780747	-155.26318151816955	160.50368008261952	-123.82001005003977	-3.3847963142046944	-65.49925315431598	-62.79016114568251	-48.05448671265521	-50.6979904120253
4.247598566308244	24.772055641365576	20.23588879401663	114.56824797013613	119.76404031832412	146.3923774132707	149.6261337247288	92.73542442115483	95.85547434448254	17.485051649568877	11.22107424658061	-8.701924941553461	-12.892406625838229	-123.0134028359971	-124.97548972988933	-8.44515479400619	-5.106094953557063	-144.13574210685104	159.49117515197435	-123.64665952089615	-2.877529653786969	-62.102158705981246	-58.9821087851975	-44.428239095803164	-47.762731708567905
4.287670250896057	24.502828247747814	22.47493088469902	123.96527153054708	129.19083709836764	153.1564611441535	155.68537871792316	94.25608272188599	98.20905604828187	17.699156003911064	10.115327150796135	-10.460918638591776	-13.163290994085989	-124.0636785088761	-126.76017931613534	-0.09840697498873263	2.6041478400720006	-106.92470751634995	157.90831300864676	-123.20764188061825	-1.3064944481477707	-58.99863826412641	-55.04566493840038	-40.583972990693724	-44.92815911729296
4.327741935483871	23.831641948141534	25.815512954018004	134.81497900698236	139.2997885044781	160.30437969083772	161.2571712384285	95.23099803205871	99.73644340726027	17.534094418061553	9.034720659836506	-12.73264911913776	-12.84239244267996	-125.17967477466696	-128.711335194662	9.635304220609276	10.69380776782243	-68.15000438311823	155.32230995566442	-121.71205303602342	0.8385172088134012	-55.437719901838555	-50.93227452701863	-37.40604359056621	-41.88678728457
4.367813620071685	23.39550784461429	28.4735502325327	145.00163294534912	148.2031252676371	166.8491041357276	165.3729457904464	95.29981786114385	100.67402728841729	17.184113602341974	7.611959870208198	-12.953650590247895	-11.867649015943547	-125.47320932524306	-130.15156023169197	19.52842362032987	18.056578334463456	-50.055291761974054	151.97497276829196	-119.91631993612398	3.81227928208566	-52.02156288506447	-46.64735345682266	-34.80704830633436	-39.04342686101221
4.407885304659498	23.012291171101474	30.03670907028082	151.13334215068556	153.97301273878713	171.32722427740532	167.82184794209292	94.97998823374692	101.6082293966575	17.15431680566944	6.244383536337194	-11.609915171162417	-10.902368689352903	-124.56847948935221	-130.9158974554756	26.564862661498534	23.039307445243058	-50.063716181988454	149.41832467951554	-119.25309493087875	6.0538066536020985	-49.78474442351211	-43.156503255618375	-32.7140378073026	-36.97795140462305
4.447956989247312	22.055890671413653	30.312406223412587	151.66389883404017	155.5624633393496	172.99074810058508	169.09757430685738	95.78545669197513	103.19241156363077	17.0356899512829	5.502416911954015	-11.298376783562748	-10.94671371083985	-123.50144045898078	-131.29013197557222	28.162458364601545	24.270155331580376	-58.52695171610879	149.47883496661274	-119.79979118381571	5.3948705183930805	-49.03978625242362	-41.63283138360591	-32.01549712335923	-36.11194539934809
4.488028673835125	20.722996286465907	28.743798583704532	147.9042650647197	153.22619254494953	172.42956031820285	169.81720411578416	98.08960468584937	105.32140294980479	16.428754752304062	5.343980273086192	-12.289385019148495	-12.201645783534138	-123.03248629784918	-130.9517271576852	24.87177877246489	22.277377587975277	-70.7065967343235	152.19633075106083	-120.62213021851333	1.7742728278594635	-49.45313404303024	-42.22133580952747	-33.01079329256549	-36.48791044043046
4.528100358422939	19.843942394961662	25.897009186666743	142.42449679704782	148.43101880150067	170.79847311673493	169.86619798729504	100.508818424279	107.10117672631189	15.803297219580624	5.619866704439887	-12.895300613900496	-13.773247333926447	-122.71533134785001	-129.6653685940404	19.709165514602837	18.766240048434195	-83.90690303699895	155.75413980182321	-120.44851064068509	-2.960222354380971	-50.59172935535438	-43.99937105000588	-34.78546488421782	-37.73714638044262
4.568172043010753	19.76406607069294	23.685072496143775	137.68550523158075	143.15450641474564	168.93972964171718	168.72680401350254	101.793981894062	108.07953812674238	15.491010929712612	5.865983685693656	-12.863857614976665	-14.712979530130317	-122.62269457636656	-128.39660682635014	15.062810648975892	14.757440569126267	-92.7833282105338	158.6224964472268	-118.57490943380601	-6.46056675015298	-52.17492253096806	-45.88936612031589	-36.68603715003507	-39.630700815269996
4.608243727598566	20.00201947014581	23.461915561037536	134.9630439659249	139.1534545140664	167.44014485221692	166.87468221229656	102.06112408092619	108.44029750369988	15.460134446396168	5.744766695087834	-13.482260252540108	-14.755345925628509	-123.48801985428862	-128.21799750007548	11.475023729341936	10.935321453225898	-91.16986370724136	160.59281722051165	-116.04617170921834	-7.612989605251322	-53.878101117410615	-47.49892763788128	-38.41863510571273	-41.73612745332273
4.64831541218638	20.086527009103058	23.92368333089532	133.5999810514382	137.05844233948935	166.7019156986185	165.42810953593326	102.29698108501063	108.78260675760374	15.546564441601172	5.542478013335028	-14.707460536323227	-15.059234807199521	-124.7951643551029	-128.98322913144696	8.804816569614871	8.075282422706017	-81.98247452149317	162.00648835006746	-113.94881712216268	-7.906958258630894	-55.05591524289753	-48.57029057762567	-39.509033290440755	-43.11004481084007
4.688387096774194	20.283964200184684	23.02232030712078	132.42920829623029	136.19139954059426	166.3247876187342	164.74721519866566	103.26081465533501	109.6161872049768	15.111436314930245	5.353059421594299	-15.0984540236144	-16.803244785601887	-125.38186152121746	-129.82546943692057	7.047348936847984	6.365958587992072	-76.57213333479753	163.03487711725435	-112.81895730821967	-8.978035157652217	-55.120470439641345	-48.76509864881523	-40.00889542246711	-43.42404565000092
4.728458781362007	20.59309760717788	22.04891485636679	131.78123034625463	136.0977571563625	165.84581065749427	164.53179298163064	104.77049848857973	110.70897283993449	14.045972822409855	4.9735021064377705	-14.881897014506889	-18.512281234137458	-125.47475570624158	-130.56109573417012	6.30647629696972	5.5366515776251966	-78.41134044619983	163.64872358183194	-113.95699277119613	-9.903719280177391	-54.22463307083959	-48.28615320480575	-40.178704817183245	-43.20892358689041
4.768530465949821	20.51461357687317	23.41530183331425	132.90390581400325	137.44447823426304	165.84440900675412	164.60298057884256	105.84620277369604	111.46952519172294	13.655950581633508	4.660981125873993	-15.657862356561191	-18.513416893477515	-126.17254529405706	-131.92866204073115	6.731348696885501	5.515810554300396	-81.1243577123802	163.74075640715415	-117.3170750781966	-9.5291269187427	-53.24096161167615	-47.61763244224806	-39.58503824183294	-42.89189108227745
4.808602150537634	20.886617373148013	25.98306405021294	136.03379215785202	140.67031472818582	166.76889065366413	165.08807064703726	105.86019095865214	111.45381503009884	14.526072100553932	4.977802233634048	-16.88785263815138	-18.20054653986167	-127.77448285202779	-134.18382551025536	8.259294656796301	6.48649050124204	-83.6716450641555	163.25517344995984	-120.47582721671746	-8.76381497013623	-52.741390470574274	-47.147795481482056	-38.215312683945186	-42.68373062439327
4.848673835125448	22.81905408773303	27.702597062857755	140.33708313399097	145.16431067142966	168.0430225883865	165.9924345515176	104.77599845014612	110.27037664966863	15.650084033596432	5.898878536444932	-16.99515434651688	-19.00013917503968	-129.81423585628468	-136.7032293322491	10.522909553633614	8.461082406614462	-87.30219874867709	162.18494523597525	-121.6751727803679	-8.590535084190924	-52.75535476188786	-47.26102810407736	-37.10526561479798	-42.67367792059304
4.888745519713262	25.089270682511703	29.124864530840767	145.21777163004748	150.1640923269606	169.25130749539744	166.9636875692772	102.39572328360363	107.59109348113068	16.53708932916443	7.102123348403978	-16.893296371978057	-20.077669952415604	-131.98277735090505	-139.20156367602516	13.235105760518383	10.962528508127374	-88.63044058473686	160.6547509489098	-121.87153841148701	-8.378337109341848	-53.60543563391878	-48.409918867840695	-37.0683469093666	-42.63151287883413
4.928817204301075	26.033192535493804	30.643712249173962	149.79031181473567	154.50237815981396	170.3487796884684	167.40831465988413	99.16971522891834	103.73151120804482	17.510323260089528	9.189018982860512	-18.23707950275521	-21.279515596498204	-134.27014979241	-141.919947756444	15.519848640027949	12.58243020865079	-91.85931144835558	159.4794762738928	-123.6205992627429	-7.942947799725863	-55.656169029002335	-51.09401176661645	-38.14584669556594	-42.43608011548064
4.968888888888889	25.74258348965418	30.7741972148781	151.77194123730476	156.14683944082742	170.60860971158593	166.75380162596088	96.6761679800648	100.31590720259432	18.937053401067427	12.393280646648071	-20.773710573988165	-23.96941654718319	-136.5149719991945	-144.74782920835125	15.25618935744706	11.399010242677145	-104.39763620892391	160.00838336506945	-127.35843363958331	-8.609523400009284	-58.67862341876838	-55.039579545559484	-39.741569981211114	-42.58727719861801
5.008960573476703	24.689176337748734	28.54472926726342	149.8771602536251	154.20435778003036	169.39027432185398	165.17139155950673	95.8534900811612	99.2074120824173	21.11726841550498	15.124458260838193	-23.884811156332944	-28.553894041590087	-138.57413727233845	-147.11943420971505	11.304506564596	7.084923604846436	-120.72757128871892	162.7400600176813	-129.64249128934665	-11.061829822834191	-62.23297790216015	-58.88144664200002	-41.11570932449068	-43.658730709343594
5.049032258064516	22.491472688861236	24.85262802077368	145.92110282185854	149.9431154602844	167.33732001284417	163.46365238029864	96.21733485726045	100.11286476724518	23.4390363593131	16.698670515407038	-28.253489711562924	-33.80578998174401	-140.75269826658095	-148.642867698958	5.173557869649079	1.3002477627786038	-129.2409553396251	166.8169969371687	-128.40435103542094	-15.311801335544613	-65.94606972820652	-62.047529733012276	-42.5070333657332	-45.35513351301208
5.08910394265233	19.23755055425309	21.530879800767007	141.69150740700962	144.87849176109023	165.28911694941732	161.96279475696258	97.08205828208588	101.33619916763486	24.52357719763694	18.120704578211495	-33.71115475539754	-38.0670742440496	-142.95113804090784	-149.47069731665067	-1.266030497576963	-4.592205562197343	-127.28573760308599	171.20859242452062	-126.32285776645942	-21.28994339085572	-69.4729420501629	-65.20365981984854	-44.949364879020685	-47.115021700517566
5.129175627240143	16.402146155327934	19.483150434911565	136.28966696962755	139.45609470539324	163.07168634970384	160.457375427393	98.11176523528225	102.85385818726806	23.9763103965067	18.59152049002812	-37.76214960593094	-40.41490768550086	-144.12049479113526	-149.93388417187467	-7.863427695064836	-10.477789471439081	-125.62480740400515	175.58875523872732	-125.81447913925093	-26.86592581453164	-72.8233998612085	-68.09229228817682	-48.84708945227033	-49.48902885689959
5.169247311827957	14.619512427728646	17.64630329563414	128.83736236903758	133.49329061727227	160.39241387296178	159.0114767590597	99.33795471642846	105.79264837343587	22.37215475261859	16.284955698738962	-39.21265312588432	-41.41390821585042	-143.79937416089498	-149.81308597939864	-14.938829118668663	-16.319795358590333	-129.587736003307	179.9848629070887	-126.63496398695217	-29.6851741116341	-75.99331737688821	-69.63107149713414	-53.62116261966451	-53.249238472075994
5.209318996415771	13.066651676751727	15.259590352038622	121.16544848598835	127.11908341824258	158.03065233530575	158.05900386816467	101.17375987451238	109.68575959459555	20.451083121506258	12.415904763324683	-39.57875071488407	-42.1123454510426	-142.88528234606176	-148.61171590113875	-21.520990630096883	-21.492632456154013	-127.51787722678596	184.20523756763293	-127.79429499015173	-31.48247959357727	-78.37787529028118	-69.84165376695823	-57.92679225747658	-57.45750414448629
5.249390681003584	11.918201948061672	14.520095400393032	115.96076742607264	121.19321382205587	156.8026037076528	157.35625662008337	103.48644281636702	112.94751502961246	19.217528760766513	9.919247219996844	-40.117390956612645	-41.78333482557453	-142.3280169330377	-147.05632097834837	-26.41676557865715	-25.863107159971804	-122.85490418749653	187.87296688765522	-127.40572604317508	-35.079567687220624	-79.73292061532811	-69.72568021929769	-60.51539189385955	-60.36564363134375
5.2894623655913975	12.105746647132658	17.331948976857667	112.93428179443512	117.07715477537033	155.6877797757842	155.67853294669857	105.66130918706617	115.55359596929152	18.306705773117365	8.70398450886546	-41.48444642194443	-40.282579484920255	-142.32462187730178	-147.65037780269898	-30.563975543186277	-30.57322318289582	-132.04409220859162	190.9052994371342	-124.47612713669994	-38.69425507452827	-80.5904535155425	-69.78592148695849	-62.28374724000532	-61.95404923813398
5.329534050179212	12.907942136374626	20.42880609029997	107.6476785597372	116.14130638666279	152.23122869112035	152.53256574558782	107.98902099021723	118.72498937907535	16.24901921178398	6.5299536727330505	-43.583043231609686	-42.36066356986114	-142.4392410370304	-152.6621431625758	-36.822172882068564	-36.520836821831296	-143.45949833071484	193.7069095492656	-122.54591064342317	-39.31699930759243	-81.06438640034251	-69.76613258506252	-64.81536675037142	-63.708327910903456
5.369605734767025	13.443734175501252	18.39486740056999	96.48299903305167	117.26270470526623	144.94205107228618	147.86654872263603	111.15734651939779	121.93277873036729	13.798148397456238	4.543183748311129	-43.46035138258401	-52.97832248715243	-142.0372980651946	-161.3574730861363	-47.019265629632805	-44.09476749902577	-143.66578938768504	196.61515430717884	-127.25227835050212	-38.27101764510145	-80.80393366266607	-70.0541522116577	-67.00578799144229	-65.68000820001852
5.409677419354839	14.461984235320338	10.90979120453964	82.18994998835015	114.50699585479367	135.63308082823156	138.7442666800816	114.68173698797452	123.07022698753417	12.469351848368436	5.534341219121359	-38.881574576980796	-69.36639766671847	-141.10370747287396	-170.29733044955532	-58.90152009785574	-55.790333952179054	-146.67142995067414	199.18879055480585	-137.86018884383338	-38.06554541676436	-79.85282031015456	-71.6623181151426	-67.38347216429867	-66.53509828306952
5.449749103942652	15.268339264520609	3.5192937685084837	71.23476782282069	104.4380221421172	129.00172410854975	123.98084208971807	117.64328494001028	121.91837691238166	10.98306779769165	6.509693684723883	-33.13428834475854	-83.0336250389318	-140.02050392360474	-176.55824049813333	-67.099338752774	-72.12022319297289	-156.375425979293	200.75348624982576	-147.53033073444493	-38.74744371980778	-78.45797073822412	-73.93937158470375	-67.4748887188675	-66.80284245460662
5.489820788530466	14.186346291730072	1.35391565926966	67.6553564270026	93.44138998233247	127.87024936263771	110.94408777514974	119.81845191440152	120.57071425981005	8.028516450943478	3.3102273091158594	-30.799845292586856	-87.85762087779764	-138.9600581878566	-179.20681235610317	-68.83926483483923	-85.76542816229397	-159.8904527795242	201.35914277690563	-154.98606784544228	-39.62278340217127	-76.89139643691173	-75.07252869733342	-68.86285245732373	-67.91702179437067
5.52989247311828	12.306835034661708	4.217671643626808	70.38846289637905	85.31824526706875	130.01982946602345	103.48996210256361	120.78819500703852	120.31188958131366	6.009863840040419	-0.010086992525432104	-32.01827325892013	-84.20290806592384	-138.3961817143143	-178.41258083547257	-66.56445596419412	-93.0943100032862	-155.57472752847718	201.24295957044836	-163.57748871126563	-40.714950199071005	-75.79511540661363	-74.91862056851137	-69.78532224889089	-69.37461438523896
5.569964157706093	12.25736409523653	7.8033326473601825	74.74040158793319	74.02136710912791	131.85342259897033	94.57467447263313	119.94191005806672	120.47495897131027	7.745412724044103	1.452732477247718	-32.846518443491014	-77.37314670410159	-138.6691305138051	-175.18234332637155	-63.882199232290084	-101.16093175732118	-150.26086994387887	200.41435502105293	-169.5531277665642	-42.14994747863103	-75.79135910340592	-74.5665180966501	-68.04613609888554	-69.99602577956763
5.6100358422939065	15.049401280411498	8.131305024045286	77.4835569839451	57.65377348718103	132.7965397231352	81.7213972824604	117.55651248212006	120.04394846582491	12.452268576754946	5.321329963239044	-30.7638170791779	-72.34508981048987	-139.04220043631256	-170.51963668585927	-61.79077937316375	-112.86599240313673	-147.1443469540867	199.22218334918676	-165.72239331657568	-43.57679622651817	-77.0354539292859	-74.54622320039317	-64.58285663273057	-69.16451936496249
5.650107526881721	18.293724875966348	5.0348091457679995	79.66533281240226	40.90184147604496	134.75035164147818	69.95283985339687	114.40223583663612	118.9004184744006	17.822939972639166	8.506204209802728	-28.47269357372072	-69.59728954008067	-138.66106187635438	-164.61927289197806	-58.92011193449671	-123.71774424303877	-145.08713069146745	198.17034441398053	-152.98652438025186	-44.52844421169154	-79.28384704411445	-74.89032296423328	-61.459667173549676	-66.943788879585
5.690179211469534	19.819493299909443	1.5488656681802697	83.57018726343657	27.271495073147015	138.61960545842487	61.2757240001297	110.83236188718081	117.73674806940426	23.13570616939316	10.706547073799197	-27.863498056970766	-67.50465080729315	-137.76380295922272	-158.79858088542318	-54.18294668522641	-131.52647042855114	-142.59339383261576	197.49909846992185	-139.30946001169417	-44.67401208652878	-81.94991936239278	-75.08958714961848	-58.81558937120223	-64.39902802872203
5.730250896057348	21.786359123657398	-0.10807770482229226	88.90956935760525	19.100540676766762	142.53271288062228	55.12897372030385	107.11574578068165	117.36923692204985	28.426201321939544	11.473165492775497	-26.397484967188294	-65.9960092728075	-137.2632936591007	-155.4702724756654	-48.964768060573434	-136.36765603568819	-141.25565917118212	197.06032068260424	-129.6405427150637	-44.022232958996184	-84.28255472131917	-74.1140487901264	-55.86412716473561	-62.37841382736391
5.7703225806451615	24.906331008783987	-0.26347570311080537	93.04455183763682	16.502535240899462	144.90102288577128	51.85940981394066	105.41036638105174	118.20737773959883	31.952858508911063	11.253482254454317	-23.616537379692186	-65.50774745468784	-137.45963548108483	-154.9839352558302	-45.440757841998824	-138.4840810251932	-142.08167073096837	196.495729747701	-123.53285580440367	-43.211508481729275	-85.00658246164689	-72.04193056515341	-53.04906483333678	-60.90159924302029
5.810394265232975	26.24785575390908	-0.1795626491590624	94.44172004949232	16.946814710923093	146.95410760881248	52.26294714707226	108.52763655860038	120.37075433626705	31.661413032120628	11.545680565050631	-22.020836683567968	-65.7273237739992	-137.70221741012125	-155.5117526652529	-43.88128951971904	-138.5781132457115	-142.228179162967	196.40469708160737	-123.26681371424895	-43.00603986786156	-82.91469180415545	-70.39516748930707	-51.20623345344991	-59.92924844697253
5.850465949820789	25.53197633518129	-0.7151136051080883	93.17677126562133	18.352449448600886	149.2187673397166	56.26617869959894	113.81021997667065	123.91651982670734	28.972250960597496	11.7772120643004	-21.752407907019297	-66.09906476675528	-137.28356733961292	-155.4425980611424	-44.13513818204621	-137.08023159966143	-140.93422410895607	198.04344798264665	-131.81915162307288	-43.55556321738568	-79.36700159406622	-69.92657248613418	-50.401679593218184	-59.518141343803414
5.890537634408602	24.460395348874815	-1.861317865499336	89.32183109142088	19.507151026320305	149.84035306836185	61.442135607916775	115.32296355047197	127.79314524658905	27.165914273962866	10.718675630088825	-21.46649107255441	-66.24493327067016	-136.01030988567896	-154.53358096153266	-46.58363893434833	-134.9458334057603	-141.333750507316	200.8880673882054	-142.37740575199712	-44.0886733583144	-77.50782789071044	-69.95181079404676	-50.61754748080242	-59.686066694101406
5.9306093189964155	23.23714826347984	-2.8786978695367282	85.15235120185557	19.74749840168551	148.7914593807372	64.21230451546194	114.29573316225174	129.53704448045042	26.935640090642387	9.429285683133914	-21.28091108273283	-66.49943892923474	-134.4186035534036	-153.58621475661894	-49.25457755126265	-133.86180310799648	-143.04684270145037	202.70824144352076	-145.20264059658513	-43.84859082144566	-77.9198957738378	-69.8994388057966	-51.53372929767476	-60.23522489635691
5.97068100358423	22.09742477591861	-3.257507151325431	84.15489550043303	19.48900446934725	148.0036086366464	63.65305186477359	115.33730765724785	128.19937024462268	27.03793071334623	9.036559128871081	-21.584935152422535	-67.25237434109742	-133.6981225820687	-153.1431510864816	-49.559813593546046	-134.13114000100816	-143.02137631623475	202.4607032671461	-140.1751710782395	-43.48935990257423	-78.8880919212943	-69.96165830662694	-52.409854752049384	-60.8105451860637
6.010752688172043	22.129228841667352	-3.1844079101331646	85.68284889293767	19.43088563076527	147.68289525502223	61.87465822368746	115.7488451125584	126.06300964473986	27.368320536272492	8.979280580052137	-21.631939857634723	-67.76635015252421	-134.4083482762902	-153.11277900759848	-48.72304838673035	-134.46279474355217	-142.35958569868956	200.99901551696826	-133.60990813206197	-44.0935834075129	-80.42122643125245	-70.28408374164292	-52.999174390816606	-61.37150297736083
6.050824372759856	23.654324725922777	-2.7653650734967	87.0210867122758	19.653830471825867	147.24769871196534	60.18472113726129	112.11324605524499	125.13039086052407	28.232025260573444	8.796649725053875	-20.905495171450653	-67.27692309133307	-135.6203672923456	-153.53994115444212	-48.59753350560968	-134.35169205884506	-142.9245511020276	199.20023471632916	-129.58510772683005	-45.19203960698859	-83.03341297227546	-70.53084159242273	-53.303692442054874	-61.83801991858767
6.0908960573476705	24.81507903667258	-1.9521134068251111	88.24866111434861	19.484825029779955	146.96946897760515	58.176919293318136	108.22006049464119	124.33493730160089	29.14318916844696	8.697318896698514	-20.77332952884512	-66.24149533251246	-136.20128976234133	-154.17380411146937	-47.98643436199642	-134.7191055700899	-142.7573203027107	197.53783801114383	-128.20891750705553	-45.40303817412893	-84.74226270285978	-70.54945922998927	-53.21426793487873	-61.944510259986366
6.130967741935484	23.456296814351592	-1.386386684753094	89.97588479052729	18.145734832405637	146.96064485744049	56.195497379738235	108.07907175300902	122.85858147583616	29.620240851287136	8.556068288190726	-22.70430833752509	-65.38171459494767	-136.19898572366213	-154.1374146235704	-46.232685246163854	-135.97166564169294	-140.56243886729442	196.7345531643724	-129.80655517104242	-44.51986011467723	-83.93483149726826	-70.44655826848205	-52.87932661517954	-61.868666436509876
6.171039426523298	20.660823447333758	-1.2604790956513399	90.85296791817832	16.056860317807903	147.12624842713822	54.93333639568757	110.19770721201559	122.13315745441366	29.293509992336745	8.199148177385226	-25.485642139760536	-64.56001400755537	-136.22981860311214	-153.32709344689619	-45.18038877118389	-137.24268017107875	-138.29734312619178	196.85429841735862	-133.5607274585971	-43.787652143024935	-81.97655440964517	-70.13121299319259	-52.6156742836553	-61.962676508021126
6.211111111111111	19.510905942087483	-0.7041265563950898	90.47298787449034	14.569693118892044	147.56267453421108	53.96438346209605	111.38686854313934	122.50729799009846	28.530985529476713	7.8472728440771915	-26.556524586370255	-63.510374302591394	-136.3755246138229	-152.76793807516196	-45.479321949140264	-137.85403614652478	-137.91016607162044	196.98545342275554	-135.4247921562988	-43.878891078879796	-80.77315823899609	-69.661555368132	-52.48288595140702	-62.30992976256139
6.2511827956989245	20.523235678778562	-0.1443960701885995	90.79833976555231	14.346125898754925	148.2991921613306	53.179245356946055	111.18572679024699	122.78648363204904	28.28904955824342	7.464971369930625	-25.703185237426883	-63.13584882859684	-136.43106360593922	-152.9936043558636	-45.26680284411354	-138.0702142692221	-139.2619312719745	196.74863884752241	-136.52834660225417	-43.743670068530925	-80.56449094844659	-69.3134631011542	-52.306368442484484	-62.64928816851667
6.291254480286739	20.89556503632015	-0.7071930073342994	92.74938624737047	14.777430578452252	149.3068492402791	53.07534514214319	111.3821255287402	122.83064039159271	28.1585921139315	6.985372453555805	-25.55524841564663	-64.1187015379579	-136.42439176625524	-153.51414535118266	-43.56832343250802	-138.3984967941723	-140.0339315314239	196.64113820334953	-142.0381049568059	-42.73729607874947	-80.2941576174903	-69.10536697024861	-52.10831573457536	-62.535963478992564
6.331326164874552	19.272693695043525	-1.2524148421427432	94.71904606577213	14.60517218517935	150.33952794382554	53.025489930968185	112.59860434813267	123.16097123099134	27.441266791680405	6.853910066487357	-27.20542690508163	-64.86898713537146	-136.45212952513072	-153.6082903557817	-41.7577941726319	-138.97150724612092	-138.3361948298945	196.67537330281527	-148.21943697895918	-41.86379167957779	-79.44153577947299	-68.90082589571831	-51.98888356507922	-62.09570288216512
6.371397849462365	18.515474060763054	-0.10982132737831057	95.41604784307918	13.329275824344418	150.80536981113042	52.22009089976842	113.26496178502035	123.59373661114225	27.229417918832034	7.328242917169668	-27.791424473212853	-63.61939855631342	-136.53279387837816	-152.92899865213613	-41.08468448170684	-139.54772411299288	-136.4655986424636	196.33394006190542	-146.166180870822	-41.613054767306735	-79.06788800157895	-68.74161150138202	-51.771033137369756	-61.799030489481716
6.4114695340501795	20.416681580196048	2.0092298592931863	95.3123328239711	12.036055393877668	150.82141958107474	51.56817517984834	112.92625240773904	123.80179572915036	28.156484240034434	8.105585216899062	-25.80435639042834	-61.43645942756162	-136.63073020494414	-152.01052931881375	-41.22602159754962	-140.01594220970594	-137.72767806082584	196.2248632136642	-137.6454194096819	-41.45517058178617	-79.67236441731897	-68.86020242736262	-51.39338036953046	-61.47745474829579
6.451541218637993	22.215827273007477	3.2161654930608856	94.92132867972425	11.862745844018805	151.07301853330338	52.28068627882884	113.28742499537121	124.03913520048582	28.84294578949093	8.654715201805953	-24.083201068598704	-60.63510135834266	-136.59638955292067	-151.53562866126268	-41.61638137053317	-140.32802522906854	-140.84814793736723	197.27937427178347	-133.04474968800676	-41.671992114474925	-79.96911216495594	-69.2487857346528	-51.04101351881091	-60.95921754498655
6.491612903225806	22.060320960995735	2.8086049696908457	93.5367192287928	12.439287863850696	151.05241966581502	53.672453916285505	114.21288167895675	124.50701003883603	28.776048698357563	8.621131321548651	-24.244077438629727	-61.15295665553888	-136.28553748616122	-151.36141298711908	-42.747147933576635	-140.00569766589135	-142.34422156598094	198.34881383317514	-134.93682225371572	-42.68337768323249	-79.50891072004941	-69.22511367190653	-50.72784581897822	-60.65734428739686
6.53168458781362	21.938504766714455	1.9386309244882607	91.46406338398845	12.809506073356939	150.3145603738547	54.022487873173795	113.66346806822173	124.50824961616891	28.764390723231976	8.533540932033802	-24.397218338502952	-61.12248202159015	-135.9555396715763	-151.30661455015064	-44.50468415652584	-139.1771185487542	-141.27515919718164	197.8403544668784	-136.79894205711508	-43.4694598805119	-79.32487427879177	-68.5897228779724	-50.625000191397426	-60.57701442376352
6.571756272401434	22.994461417139927	1.8800511280020764	91.53438050353417	12.843313726033273	150.01259596331872	53.04902210682367	111.89740130092714	123.40814123607637	29.045137251415035	9.11204359546764	-23.529790014435264	-60.3979724755473	-136.1649958879884	-151.67434960522235	-44.62929266421884	-138.95010284956888	-139.28105925489066	196.56525667152874	-135.76758976704002	-43.19096287002469	-79.80460006054832	-68.47196879389243	-50.90238254522789	-60.32947349987406
6.611827956989248	23.505717112262452	2.2033804809130437	94.70092671247163	12.758180906242735	150.7789342198774	51.907641118530954	110.69951388077656	122.075450326446	29.846789909114335	9.800953831045826	-23.166643657966908	-60.222764926943036	-136.9474285971798	-152.40501815382873	-42.22443659983659	-139.50932684665588	-138.53499294729363	196.0953333316972	-135.64355085595096	-42.69732119228723	-80.54224589873911	-69.23956752026376	-50.91513619275832	-60.0283078712425
6.651899641577061	23.53750273700554	2.127531785180114	97.83195740975955	12.199120942423784	151.6882145680667	50.95843360256967	110.50837039111258	121.62353609280838	30.718516004325004	9.824883620392018	-24.268180357434634	-60.534294410554274	-137.6482618522806	-152.64899045561253	-39.82147926685531	-139.9223231489538	-139.57703437762407	196.0480092633045	-138.34845838365425	-42.83067411079437	-80.91591039639715	-69.81547451677432	-50.16603087129544	-60.02762493698945
6.691971326164874	25.138650628646946	1.9994171310767759	98.77703102700278	11.223649170335277	152.10878677141847	50.05723561428267	110.85077777314261	121.93495993270595	30.558700025294428	9.53090392725579	-25.75115767846997	-60.47231424525594	-137.84158435466182	-152.01939225813328	-39.185664573806086	-139.96828387673554	-140.79799280586244	195.5246935914573	-141.05914900038655	-43.139023432254895	-80.66053350492533	-69.79179632084889	-49.22767986780799	-60.27356119814602
6.7320430107526885	25.776683814118506	2.1127438861129266	98.65831121625101	10.709167300876098	152.7607384357629	50.058919457193134	111.37661834403937	122.65938625929326	29.932035896757384	9.242064163134973	-26.928271650351583	-60.076567649468494	-137.61992805134685	-151.43972131157705	-39.163004922959296	-140.22142812775564	-140.99328296582271	195.44743372814673	-141.804296356956	-42.86774963644449	-80.41618658486975	-69.54740004773431	-48.96438995680803	-60.48225446485039
6.772114695340502	21.825078438339922	2.1119167017520133	98.73671869720835	10.70875871739464	154.33637267678102	51.34198351726177	112.06602276555668	123.77013421895029	29.706450579311635	8.679403408048156	-28.344900541149283	-59.696764425674736	-137.07563762005367	-151.4139753398387	-38.46389687741129	-140.68001209591424	-140.69691665524266	196.70002985216934	-140.14400334247676	-42.14827885023094	-80.51489944209679	-69.13529380609258	-49.65473452503145	-60.59832518381078
6.812186379928315	16.845044136962944	2.0323599491593862	98.89549527511005	10.598603690983108	155.41728929454715	52.80983429872595	112.83430432248616	124.86485953389857	29.93115570634405	7.841557006289566	-30.20812498580931	-59.19270079764584	-136.91898768465953	-151.18903746170605	-38.022459287613415	-140.67359074129757	-140.83382770177025	198.050222917943	-135.16226981931536	-42.377874924449245	-80.61792278210066	-68.57280584275503	-50.71777550881753	-60.76194505788839
6.852258064516129	14.318330032852414	2.0151183841713904	99.11699761791047	10.613192405999884	153.73279385402122	53.59977116153529	113.371576913965	125.28794894873636	30.43795636076277	7.055946990118666	-34.11518697085305	-58.981358142835724	-138.95079993511627	-150.67558069826583	-39.78929733534723	-140.05981221194634	-141.55728449101923	198.3025682562851	-128.80044090369142	-44.600515874019706	-80.61891982062977	-68.21584557414118	-51.82965518994326	-61.0975917229869
6.892329749103943	10.914964406843637	1.5387492989478133	100.96183965913694	11.324922108397306	149.9901053028114	53.95488139403983	113.97293449576577	125.07648009330798	29.215001616402667	6.777123176597681	-43.49863915972308	-60.01064217858545	-144.39289707706868	-150.82413903759806	-43.45768935363318	-139.4955009218922	-142.56296047726875	198.11816748373602	-125.55585306296457	-47.162697420196885	-80.18624978503547	-68.37032739062695	-53.434317734110614	-61.44747300121481
6.932401433691757	6.199064067292338	0.6692672005895934	104.66274309316945	12.518122874188272	145.34692260134034	54.37202286086983	115.3708781371846	124.75079805608135	25.102135372149043	7.488452604146779	-56.6346778176829	-61.602977780299575	-152.7468872574077	-151.6280868640283	-48.23900450430536	-139.1903733991245	-144.51649238679772	198.2188628870545	-126.22114572664752	-47.97130554849412	-78.6805213298312	-68.83821430957913	-55.01750110536608	-61.52361016160412
6.97247311827957	4.015223820195508	0.4594458646730586	105.89355538848781	13.432696023136806	137.72921701997493	54.97030918948069	117.21562097675177	124.51744540201383	21.410556382821163	8.689532308058785	-67.32681323566374	-61.54094705318649	-161.81582285515935	-152.0300645048022	-55.81872543744514	-138.57545157363182	-146.72128235768344	198.19711907107154	-127.60030882951214	-47.75597935667353	-76.56032709141441	-69.03089224674595	-55.27978700503688	-61.240860992559554
7.012544802867383	3.154106811339094	0.9830328187399735	101.20692352718322	13.648170225719728	127.30583116997914	55.69233128538501	118.12067033762234	124.6568343860173	20.24760284222758	8.981898522106809	-74.70814418029367	-59.483495022229214	-168.09279471340957	-151.72100401819594	-65.96273205118003	-137.58012795083403	-145.4151624333695	197.925394687368	-127.66464549427634	-47.766067979016555	-75.05105074655796	-68.61121774290955	-54.74715520614052	-60.41672115982802
7.0526164874551975	1.4362780734165141	1.2755495170298463	94.74622152921624	13.450765787731353	117.98673484701203	56.387588501983075	117.76143756540297	125.13624670887336	18.745619595456233	8.628975379889837	-81.12894205140653	-57.89192823063046	-169.8151068645731	-151.13258134327504	-75.27909616906467	-136.87892070457434	-140.12278070559697	197.92042016496112	-126.85201030679177	-47.769774057658466	-74.28300728069986	-68.12948832024642	-55.21852646756569	-59.142770185292264
7.092688172043011	0.4118909313053404	0.9770566039085748	92.03631941151343	13.327330659528627	111.0658584906868	56.757499583022124	117.7376374573254	125.37735693920544	15.848659529087628	9.079779448620988	-84.83352385361759	-58.4182815170896	-169.0438240332496	-150.5440899019312	-82.44485098250516	-136.75261236514837	-134.94421553171438	198.16381072979564	-126.86716797515338	-47.60846711835102	-73.53348801469689	-68.13348353471117	-56.48898069766743	-58.16643101333015
7.132759856630824	0.20495375148659442	0.37159901736058987	89.39991700887782	13.511087858784794	105.37239368645662	56.995005967232494	118.9542908507254	125.86138727497297	15.469228184832847	9.649755466317188	-83.4970530258888	-59.863362212659226	-168.45868271362696	-150.16716977395276	-88.24853947029092	-136.62569014519846	-131.9886334883093	198.27433313254636	-128.39870747175797	-47.53970047328688	-72.9295824174241	-67.75953643284093	-56.56492422439491	-57.96146205525516
7.172831541218638	0.4016917180876418	0.16028056702070037	82.37684171534441	13.958342434356634	102.09207896983455	57.691032620111265	119.89213242080041	127.42578142633973	17.102512576788293	9.092265542695438	-80.72875085209103	-60.05241276992823	-168.64172531293636	-150.04839142706146	-91.62246695771219	-136.02342317062568	-131.06506474783237	198.36824592233816	-128.36935952194764	-47.564038240807264	-73.78439910800134	-66.28843683409103	-55.097410726119406	-58.26393664613418
7.212903225806452	1.9948889454632246	0.849025849030639	76.63242943086654	14.40763545503519	103.18411798800761	58.65295633930671	120.20781507206638	129.12609420320956	13.346139249050779	8.184312261367927	-81.42624612213812	-58.497569626497466	-168.91179590914234	-150.03915205287484	-90.86461150146089	-135.39617315298904	-131.74660335980607	198.7022851322963	-124.93564545502862	-47.58436069076958	-75.49753890938247	-64.92268956450444	-54.139277706822156	-58.35630960711098
7.252974910394265	2.9357118399108564	1.7024217653859433	76.33718550105021	14.693897951245328	106.59455840018578	59.32835242459918	118.78536570139723	129.65660761254583	4.311437476010968	8.141315507469537	-83.64084012887025	-57.12744815642167	-168.67535742765338	-150.06552084318122	-87.94235049403154	-135.2097763520249	-132.65506519268507	199.19022955323754	-122.91928246972756	-47.57540190188835	-75.32854114720396	-64.8821587140537	-54.703337260582096	-57.68301180649913
7.293046594982079	0.41241777278762215	1.8409124995122226	77.65623876444431	14.812240758251404	108.5390875017021	59.78343392382766	111.74285234103334	129.51523095343612	0.010963047951257687	8.587572667535362	-84.21841376692373	-57.36365951351713	-168.44092008340073	-149.99703147673412	-86.41968977980356	-135.173745654874	-132.83181898027746	199.61269787356113	-126.16562330781925	-47.529928741377766	-74.35091476095401	-65.44399552779295	-54.89551269465618	-56.89206801249494
7.333118279569892	-3.344322126445475	1.6931158474694343	77.93556757546828	14.736548882138205	107.65143346940296	60.07083120937037	105.87801494925728	129.73010872599892	5.839971425866751	8.211728558746024	-84.65288241130149	-58.06469241301843	-168.95427083212508	-149.76716923259016	-87.47948338337193	-135.05225721485868	-132.6879511039084	199.78617527933125	-131.03578868714456	-47.54675951275566	-74.7596458730326	-65.3902431155284	-53.46664012821226	-57.011271943315954
7.3731899641577066	-3.8127826482693963	2.1475949088008406	77.74743766085052	14.784206218202804	104.91646286034644	60.155376690039276	111.87863697054851	130.22590337587818	12.873886730865184	7.2515241754930475	-85.65162873978932	-58.04665471903186	-169.77374609339995	-149.71383621408384	-90.17092708215652	-134.9378928708442	-132.6464176371632	199.7397449357504	-133.18549823310505	-47.80321478368135	-74.40767235824562	-64.85438024036274	-52.61485589407018	-57.59032930267876
7.41326164874552	-0.2317301642474554	2.932929215519497	77.52071928652475	15.392872746753053	103.04059303532505	60.442786567613055	121.66251961148639	130.5760813223353	8.754722610236687	6.860968849045867	-86.00678350198812	-57.70209996569255	-169.98858967796298	-150.05212986142132	-92.0441907767972	-134.68989039602744	-132.66882074555423	199.7281942224794	-133.21004703945724	-48.13679276693624	-72.90359952864934	-64.5669042220007	-54.19091332282587	-57.77878977372601
7.453333333333333	1.5010150864858944	3.1048470130156893	77.10195386470426	16.219228691895253	103.40884083117652	60.99484664894203	124.41701707275689	130.5318725066977	1.3057245745772197	6.9596953329223314	-86.07414975851813	-57.622466727196894	-169.1148363328588	-150.3975465403292	-91.76557848845108	-134.16593910527712	-132.680492686145	199.83084434924808	-132.78279092802995	-48.09901630345557	-72.13675714001094	-64.70857067299401	-56.17894036453252	-57.7411634822789
7.493405017921147	-2.7061359325869434	2.739453349704191	76.55041672352779	16.613856299378796	104.32956971661531	61.243594409547626	124.27870865517735	129.8239734251479	4.551377032224738	7.065273927151795	-86.44719615719735	-57.8333691686995	-167.69049316068347	-150.45625620788658	-90.83233884744679	-133.6349039753442	-132.67500065437912	199.8757224030356	-131.40072013662555	-47.73107322480423	-71.18384887753449	-65.02876923010831	-56.57428177213601	-57.683485089023584
7.533476702508961	-7.313764411535231	2.509594556670701	76.1133538193215	16.602924495767905	104.3308190653387	61.100645026762336	125.42234227360917	129.07474307511148	11.908828306609495	7.031953787377158	-86.23904155659474	-58.073194477717244	-166.9107257651283	-150.39685746519152	-90.7361823626487	-133.50251720632755	-132.65496427678116	199.82009430714444	-128.36175412142597	-47.50632083443046	-69.71149515860743	-65.05573154647753	-56.35600805263617	-57.56601066018402
7.573548387096774	-7.877387590568151	2.4992865931316017	75.42618991345586	16.510461306489006	103.56307797304055	61.02459889457678	126.00093648133225	129.50964244951882	14.141418960740332	6.823911336719068	-85.04494907879051	-58.113952683702074	-166.9276978564201	-150.38261966973388	-91.59430512495716	-133.85876920634993	-132.66132915351295	199.87192546313352	-123.80108061173259	-47.53034402154183	-69.31015520860353	-64.60943326086687	-56.32223793017251	-57.50816854907307
7.613620071684588	-7.0410986584278	2.501518615381851	74.41418153018216	16.43141358185924	102.7848749931579	61.07207619194409	125.5497064543913	130.7005573552167	14.072834389639283	6.691536706408823	-84.03365734134287	-57.99034396585666	-167.04652126796117	-150.41584701250488	-92.63349727997506	-134.3325382212081	-132.77031284286997	200.0740999136056	-119.48065696737903	-47.58290705450743	-69.91649868506788	-64.21776371904484	-56.06077011810469	-57.524178002966
7.653691756272401	-6.925377861896097	2.4410570162401046	74.02947141998281	16.381782632100194	102.82392997160994	60.94255121409449	125.38645311992002	131.07141012014347	14.096723177614304	6.792226891798645	-83.8357352352406	-58.03604606464561	-166.95984597468959	-150.42946921989903	-92.65129193396056	-134.53352574152862	-132.78211989517666	200.1146407454476	-119.98352798106998	-47.57827847306904	-70.06086845345199	-64.26515960850719	-55.778258077794426	-57.535336337434565
7.693763440860215	-7.338395733752958	2.3270908781803077	74.68482076974871	16.179605210580007	103.68394975864396	60.60422862980326	125.80753717162894	130.60029583945752	13.547012964561198	6.905832262603954	-84.04085434897694	-58.43498735232581	-166.68316085937147	-150.31572840490082	-91.5435864533025	-134.50156807062834	-132.15734553492382	199.88244287113787	-127.30772893201477	-47.55661054302766	-69.41352054602555	-64.48963157104623	-55.817714109174034	-57.53339574777207
7.733835125448029	-8.18569288563754	2.3502646421277458	75.52736140476523	15.679005884979402	104.44043094436394	60.29146989882062	126.24157111265107	130.36596038458848	12.966735038717989	6.938867330658926	-84.60561072453456	-58.58504806722624	-166.3801944600384	-150.1260314299118	-90.54441502553148	-134.456343629303	-130.73299138334193	199.6642530832458	-135.90123015794254	-47.57581725396716	-68.77765997834027	-64.59350762798489	-55.85696177345674	-57.53132722863215
7.773906810035842	-9.090631393292009	2.590821297237735	75.72629451863216	15.361443644484513	104.35444130751894	60.22310787843601	126.58094305752202	130.53922415607622	12.777445413290026	7.1180256909488655	-85.42525853358612	-57.90627830173391	-166.40133713355357	-150.09415864412335	-90.61371142469662	-134.46138513156362	-129.2060324745553	199.61754636004804	-139.84969634134075	-47.660555989424786	-68.38149244762063	-64.375540862576	-55.60972771345023	-57.53150941495702
7.813978494623656	-9.201204858754124	2.61486549049835	75.68290090465615	15.60345913401027	103.73271566755854	60.47330388094397	126.91257102378799	130.59063269615876	12.662826669780946	7.545863140079578	-85.91921086498067	-57.16075112616064	-166.93058045957403	-150.28522518350502	-91.45588745426684	-134.48566910520734	-128.6353290834473	199.70003488721173	-140.17551572688063	-47.64421497029222	-68.09151955684128	-63.92864562656943	-55.31678753369584	-57.53188237567535
7.85405017921147	-8.54851934772272	2.44364733215159	75.95487231515949	15.982993449424221	103.44505645517553	60.860643152471084	126.90782783470263	130.29473974150432	12.838044441403671	8.026910543427928	-85.96128408585237	-57.19132703318997	-167.45592134605675	-150.51129044882646	-92.07744199604709	-134.50950777935077	-129.20683981218417	199.9221704819223	-139.1784400514419	-47.409736726146086	-68.29875168628416	-64.07684558419815	-55.281349693459084	-57.531881472280666
7.894121863799283	-8.164321924979111	2.6754677439612973	75.89030185651939	16.125205093120428	103.62895889660426	61.172579170843136	126.21368775351205	129.94797749858094	13.776507658147484	8.26780653673288	-85.79103286423198	-57.35057673994529	-167.30690221376966	-150.5854998596708	-92.10139929320913	-134.47239003197123	-129.91461305243791	200.2036177589507	-135.6538657394686	-47.39717231478617	-69.30209218503312	-65.04080239576538	-55.41964217903403	-57.531802932286915
7.934193548387097	-8.356626616326672	2.578342912711257	75.18311536700838	16.20319618693901	103.66921574646716	61.40414522870671	125.23483492813389	129.89583835837038	14.86746138953248	8.181043398484693	-85.51553051445786	-57.390952417655036	-166.84704498031095	-150.49789709995378	-91.98956337997723	-134.3341988926494	-130.1369057526127	200.36123630555045	-130.54024123705273	-48.10565567493954	-70.43598346026762	-65.7453627595245	-55.563329047813056	-57.53177348016553
7.97426523297491	-8.367578032272451	1.464677911512935	74.58104515987108	16.325414031343776	103.28247565724435	61.492938635334006	124.97819631697979	129.99964116205058	15.102282495871918	8.164016740987359	-85.19681743587167	-58.12875161437421	-166.81407740014822	-150.39778720155172	-92.18321451989812	-134.2062601797709	-130.20080113429015	200.36250869634432	-128.88948253712746	-49.02471801850145	-70.6810920165802	-65.81985597730142	-55.58959065443897	-57.53185657098343
8.014336917562725	-7.366582563577359	1.1779315588477866	74.40818022655034	16.288011588733298	102.88138261198337	61.34669115910484	125.55664852696518	129.99726123622025	14.791256002074604	8.503724875384954	-84.41613681497796	-58.68366996242302	-167.08923097504555	-150.3789599787411	-92.64650081480063	-134.12154769636652	-130.26264699342042	200.287740270143	-133.01682195395608	-49.04943287992166	-70.1654190132028	-65.8815474689104	-55.365476167731664	-57.532036464117816
8.054408602150538	-5.668622003023175	2.5177592188788562	74.42236279026366	16.0686325086952	102.72833096894563	61.106392264425	126.0585318655433	130.04809026516918	14.769206658465798	8.588615166042926	-83.08636892411063	-57.95006193546609	-167.20275350952278	-150.39402880857375	-93.02972972563458	-134.01843834160118	-130.19618542039035	200.17145071946624	-138.22492334840018	-48.23642525431183	-69.82603226955273	-65.83009331652627	-55.04922058032242	-57.531691732582445
8.094480286738351	-5.2079388125329	3.0959858824511697	74.22875217072989	15.912164032734552	102.39851997726656	60.92538280478077	126.0834396753624	130.4203507938162	15.009497817177902	7.931263366895672	-82.66168013900989	-57.45837249995467	-167.0717764113879	-150.39933489883623	-93.16512573644043	-134.05543025083708	-130.086305524575	200.04062811507083	-138.77515323096165	-47.817666530721205	-69.91872033852809	-65.2943461084378	-54.905252124787964	-57.53051091358612
8.134551971326164	-6.898188985507836	2.1730567633852105	73.75492886029838	15.907078872369791	101.86853986835004	60.83982348944651	125.8980587140245	130.80956246592143	15.156320268102768	7.252859187777599	-84.0271377959317	-58.085498361277104	-166.9003873063616	-150.40226650002137	-93.20553855344637	-134.29538431539558	-130.01594498017602	199.9847110634443	-135.67543997659305	-48.18919648058657	-70.06181826653396	-64.77573189847364	-54.89209821592271	-57.531995397278024
8.174623655913978	-8.893898283497265	1.7755958139623922	73.7012228755919	15.917762547670176	101.87420807469758	60.882518474140795	125.64794763443172	130.64081116212438	15.21342163661013	7.19745917906172	-85.73982585285333	-58.4002181942455	-166.83247761478157	-150.39826372294405	-93.15903000672238	-134.49576059401193	-129.97311829985756	200.08463835178836	-133.23797383064522	-48.35911849746582	-70.11107654218033	-64.76894780666393	-54.909175398385	-57.53947069476093
8.214695340501793	-9.291826214260386	2.4075832597698983	74.07165256510471	15.833742559780937	102.31449586121376	61.02355925502211	125.38194711956243	130.21570105035266	15.22380453054982	7.3710129853087345	-85.93690186750754	-57.94278382889698	-166.67117210201934	-150.36625740063732	-92.83249635540868	-134.56811120270396	-130.09116457701168	200.2236737402987	-131.6027194875992	-47.59531426152532	-70.20324938272859	-64.9380200446869	-55.07122627957123	-57.53405797555686
8.254767025089606	-7.822123162888014	2.6593837470176136	73.88370727228731	15.853121469982145	102.26956341068359	61.159861174952724	125.1003086309897	130.14748334522724	15.07198660971234	7.422221916776765	-84.0937755519554	-57.812485918700474	-166.29240845209105	-150.37042039408533	-92.35458029435883	-134.51728221681694	-130.17115041356743	200.09381895053988	-130.05477282719508	-46.63805126165475	-70.28515325641446	-64.89788557542003	-55.187232455728086	-57.488421511337286
8.29483870967742	-5.167863460133292	2.05119427796568	73.58400330852362	16.37736841580662	101.82180118688865	61.18629734287357	124.74517772308926	129.94232392719323	14.935281469684398	7.60782683415389	-81.39386890405281	-58.5465957515191	-166.30164387727507	-150.55960689123327	-92.08984553409165	-134.17609032931256	-129.24111216608978	199.60156357058574	-133.07577322154273	-46.4616578359835	-70.17156543195394	-64.9292111746728	-54.691783265708104	-57.50031934791455
8.334910394265233	-2.927594760350329	1.6224333102381299	74.6159496450561	17.32993044571385	101.68905636967158	61.03768464168739	124.35382774664328	129.01097817005316	15.051460871530992	8.015588371837241	-80.3053325934193	-59.28995155532974	-167.31755460487574	-150.9286195959364	-92.07798449526139	-133.59826443252467	-127.56257182613702	199.06490491887024	-141.93771738755302	-46.80313097143653	-69.96478221320336	-65.48887833930321	-54.015946021689615	-57.76990767360382
8.374982078853046	-1.8385139550962035	2.2708181263824714	76.34524049897541	18.75037922180955	101.7536799949103	61.140044206536714	123.75317749697962	128.04811521861737	15.438746504453125	8.233203892261457	-81.01345278068831	-59.28904120282444	-168.67528433758469	-151.5728551168513	-92.19488189444145	-132.82354754224997	-127.9718445805273	198.79635067187948	-145.49168427445278	-46.94323154054215	-70.1470394413712	-66.20545044813697	-54.161771511718094	-58.15879258957672
8.415053763440861	-1.1459926170951413	3.2532116108929294	76.88054501337706	22.11011785417422	101.5715469877191	62.569932190577305	123.03588214681787	127.46381895340957	15.895244266627863	8.154017405822481	-80.1817267215918	-60.12380953717702	-169.16392036458743	-153.3684595101958	-92.31321213427263	-131.2583666359273	-131.25715784174673	198.8356745968353	-135.21897722686646	-46.587924587342364	-70.82327373986065	-66.31364644239626	-54.902673695447746	-58.15864964351006
8.455125448028674	-0.8516654168964701	3.8542458968957103	76.67371726531687	28.796693825709706	101.28697487501951	65.66681569845552	123.29160335743141	126.31443945499113	15.20468027212721	8.333588998074738	-77.0055466783711	-63.3924380011237	-169.11019517150098	-157.21073155332888	-92.05669156535568	-128.4135559811018	-133.84536949186068	198.92997775269046	-122.30721122515537	-45.8771340213798	-70.78064517878435	-66.07374925322338	-55.6781393871176	-57.6622825890215
8.495197132616488	0.2555509109298617	5.547412395651666	77.65738914692224	37.75045885579716	101.14433275410585	69.22528897540177	124.50505801868232	124.75553349757394	13.27375806915241	9.361973345923474	-74.4310586060236	-66.70297528083499	-169.73962194495337	-162.274036426851	-91.36312652045095	-124.52414756698104	-134.35694166886043	198.40514983586192	-119.32876634447796	-45.391771789568864	-69.25554830463061	-66.19886507743217	-55.99402935379302	-56.86862538011024
8.535268817204301	3.162994006605669	8.60439951996415	79.87602387876524	46.162400343802496	100.98405273375178	71.77306033229868	124.63793444768416	124.10008098063858	12.647331914471128	11.246594306054059	-74.268754689588	-67.78422130442338	-170.91695464480415	-166.59888796343552	-90.56634998995733	-120.43860414854736	-135.4695115037353	196.82972638813652	-121.58349349713491	-45.355591824101296	-67.70687189436161	-66.41263638506241	-54.986451582796086	-55.46214997829714
8.575340501792114	4.329847211223628	11.084091535636889	82.33008473156555	52.37808694973046	100.70430126997235	73.04827005852371	123.25651603520419	124.04588600640946	13.695757131644271	12.827707079004771	-77.51953642356044	-68.5923844405318	-171.82266858022948	-169.63036377126105	-89.5345252432789	-117.24964983179791	-137.183181570351	194.95070978123528	-128.87642887341906	-44.749309383863455	-67.00608140561224	-66.16913554235015	-53.276798605732964	-53.261197777509175
8.615412186379928	2.7607491450659043	13.301840290636294	84.80746255353233	57.182788974651054	100.51755431121869	74.01706601524101	121.88607715053647	123.81767839054973	14.133911685079646	12.783131089302273	-83.040645328905	-70.19881738989436	-172.57977469628267	-172.2637675689715	-88.11717893474109	-115.0677319475271	-137.13573770265933	193.7562166570334	-146.72830888375108	-42.77521164201999	-66.3959079657301	-65.57487048468302	-52.5877014267249	-51.068704103071404
8.655483870967743	2.219279010489264	15.758313337354656	87.0664262416882	61.43130311200506	100.84052583197749	75.07686969064727	120.98297114876722	123.88166228973688	13.707942444560025	11.686138995410301	-85.984318302064	-71.07330071803922	-173.80058169145133	-174.5977722671291	-86.4404673245537	-113.17609212701895	-137.4248137842338	192.90038741301834	-153.72145672085594	-40.709037790204974	-65.91309784726198	-64.433106724022	-52.92192214431933	-49.907792309665815
8.695555555555556	2.59066247668344	16.640684563908085	88.18485415855844	64.85379999185452	101.82042438236337	75.74177884853084	120.65962817618684	124.21560013032817	13.608826717696424	11.057987489982711	-85.15287670162024	-71.2591548501725	-174.6718981129415	-176.07735875275912	-84.52507209245	-111.30442256254102	-141.1737523570634	191.62487678758944	-130.70966628727547	-39.88428239453503	-65.48336396096043	-62.67248993596876	-51.94107420251078	-49.89643443067593
8.73562724014337	0.2582289426584971	15.408033029710753	87.86792307928458	67.59303074294071	100.79117737834682	76.12343451307052	120.9034718414922	123.88459464012308	15.31302854053062	11.226478979347975	-83.70637277073858	-71.69138617091954	-172.2109708807765	-177.17865767354547	-84.89202923004756	-109.56434843016395	-146.5640611115959	190.35061060689884	-103.17855781637088	-39.264846578267736	-64.77185849466922	-61.590115842180026	-47.796742246638296	-50.307994840647176
8.775698924731183	-5.076860526399809	13.37114572309207	88.16434579717068	69.92565716633433	92.84864497147531	76.10974453637891	117.4977576497455	122.99083744223381	19.53063871492832	11.550428178254798	-82.17681779965555	-72.07119336431465	-168.97120485367253	-178.64327836816358	-92.12016976416885	-108.23985317824321	-152.5039885274353	189.43639862476113	-96.8934146407104	-37.0330521609293	-67.49840702192077	-61.92399163459171	-48.37566747289525	-50.657137944041004
8.815770609318996	-4.3308102257449255	12.296023404369679	89.1133472681843	71.64334075348191	77.8963064497764	74.8361926548676	105.17898676047602	122.05376728016752	19.62145744399986	11.255669103173483	-80.19224334626246	-72.7614180364066	-176.0106822129059	-179.98759024835806	-105.27563080018302	-107.52492065735439	-159.95878706315176	187.88351522082434	-103.0957662083789	-29.450811847318885	-78.00152203646236	-62.46646195786118	-68.27466359197207	-51.09120879500119
8.85584229390681	13.062556170249744	12.373651190505026	84.94539355954822	72.91096866794146	62.59095165461273	72.57792136831215	90.76759740326241	120.21871283300365	6.121497908724225	10.150465588411887	-77.2609203421807	-75.35547939390811	-191.85670205776867	-180.67330201836612	-117.50325827100824	-107.17233752560482	-166.39934917587559	185.27398665125534	-108.89641727875278	-11.113900951438	-89.36536512561666	-62.23689996512895	-99.6379806038715	-51.78330982164454
8.895913978494624	34.052867844251836	12.739067203770427	74.97989439728991	74.59475094187756	54.64530173708383	70.44654750111869	87.82051309729482	118.24725961380997	-14.394044692514914	9.066295537846777	-72.0575047496397	-79.09256922831831	-197.48756777930384	-181.97752857741017	-123.20857297594705	-107.35306037410717	-169.15742994884474	182.88556753529375	-113.06136866229247	11.884839334288113	-90.02288310720407	-60.919014850030514	-114.27391843765146	-51.68779970509859
8.935985663082437	33.00162557028766	14.62927804632236	67.59248887198204	77.489598352348	55.842782384794475	68.8062870373665	95.41438680019124	119.69180636550456	-25.539559421314948	8.473240807703258	-69.93440761289186	-81.18566420658497	-187.99804871139648	-185.30965108697058	-122.12640512558771	-108.4578331961675	-169.4151492632616	181.57219117876798	-115.9903303886633	23.53963442779874	-82.29398100364975	-57.55293454819299	-107.67707584985162	-49.08008863780776
8.97605734767025	14.373124468824837	15.452227125505662	65.42284028327055	80.9116487074474	59.62441381239895	70.87058227224838	102.63969572576615	119.80373030867833	-26.265230349155317	6.996665925545026	-76.71200926466214	-82.15596124911802	-179.0791157823136	-187.47820203570953	-119.3937150068608	-106.84930957949359	-168.62562826606967	181.02479922823653	-117.29132128631146	22.02386490184873	-75.93496551500138	-57.6788986334172	-99.50429547083175	-50.711579105171396
9.016129032258064	3.4264049612882275	8.382293884718187	64.04419873016985	83.30843268200414	60.68000779123258	82.26481631724565	105.33999276419325	104.39967087156387	-25.367082499910186	2.9436318057624375	-84.55398601250928	-84.11603183061918	-178.68423206542937	-182.5938597702393	-118.54652498672732	-96.17534856821315	-167.20133231712435	180.9706507072589	-117.9607752495484	19.10594269340103	-73.63895112280541	-74.026298795986	-98.16476883834706	-71.08351688911324
9.056200716845877	5.989446712395157	-3.9192744994152893	62.852270234872755	84.51502645083949	61.35105097742969	98.42862711545229	104.45593071845931	76.51938836889713	-23.866462726755138	-2.3789149262374822	-83.94656763244059	-85.93637890575748	-180.33523759382703	-172.44610773151712	-117.57619818509822	-80.57007592048276	-165.96696991378099	181.01580684060778	-118.98935532814195	19.726058786673082	-74.56828652777124	-102.51942646779433	-98.61709996971845	-104.88780545290426
9.096272401433692	10.485958353255198	-11.81982893799302	63.08384397688994	85.07749782202387	63.59803093712478	106.42147891908881	101.28467735498423	57.679606045364636	-19.995637470997842	-6.271979791107278	-79.13455679861163	-86.20232164231331	-179.531491021301	-165.2011684840877	-115.80731704411319	-73.10932564834887	-164.97303681225438	180.5770777381093	-120.24812352426646	20.186011045295093	-78.14703020939763	-121.85710430696199	-98.33116562639866	-128.13300164635757
9.136344086021506	11.39415813219056	-13.889989944019959	62.73693401969874	84.56421122497947	64.114128280496	104.2670229537453	97.60932680071578	53.14696157847544	-16.144207137314734	-9.15203806024324	-77.37728794991884	-85.99109490976194	-178.6897490947898	-163.06239901350187	-116.6907395308083	-75.90567181922422	-164.89342040921838	179.762215402678	-121.65209111259608	17.630385188458998	-82.55985219633256	-127.01817766980439	-99.03976832452581	-136.20647037860294
9.176415770609319	14.225207138036199	-12.574970887350144	60.143900814685836	84.16762615116971	58.86637758491088	99.9795897034924	93.78691383719818	57.71845886040203	-13.76881862061527	-10.149553715822565	-77.84735687683204	-86.4391321108668	-182.06174243078084	-164.68999252134753	-122.26919971348973	-80.90905932527613	-167.22154263280743	179.02793379520892	-123.3454462790696	14.204974930724514	-87.16854515681298	-123.16524025674612	-100.90685280879083	-133.30330717639873
9.216487455197132	25.16960961544274	-4.937703196476919	56.897110010683704	87.75675185579158	47.75200522483949	97.25398782654287	89.28914780402545	77.9448471890475	-11.506391284327252	-3.654678215036061	-76.85258888751255	-86.4405548661634	-192.06319923018458	-171.94053923796454	-130.50072414960056	-84.65954737205338	-171.05152523260506	178.47473503390734	-123.8974929284465	13.40307905754952	-92.60381297374761	-103.97438762950254	-101.9926486101755	-107.41828661021246
9.256559139784946	36.762772885924115	8.528256959801602	55.120931664259075	94.91445030033152	36.68322748001827	95.35095720634511	86.38680985973217	106.2398083800077	-7.078514946849328	9.375296966302296	-74.54459538235325	-83.54987774850632	-201.44095947078725	-182.03701233576652	-142.8871086323265	-87.09087273118429	-175.67676085239947	178.1124945975738	-120.02070290381981	13.26151365011491	-95.7412037246235	-76.22488663773689	-101.92273698601913	-66.82726927132468
9.29663082437276	31.441671401976073	18.688892568172832	55.08394965507059	99.97444685639611	32.806537638398254	93.08522315012522	87.29240398686615	115.36190974799703	3.3068541014601243	19.24942395897402	-75.4540509922457	-78.82419213625917	-196.7928429742603	-187.18201773106554	-167.42129574235645	-87.12315349469893	-181.43150873061293	177.7627109625229	-111.30267768862352	7.911221899048641	-92.91934495546185	-64.8287885823046	-101.51804345995065	-46.79086990119058
9.336702508960574	11.86930738497122	20.376271013828344	55.31154076224938	102.67275559890331	34.27636761945525	90.01216817756949	87.6334189572439	100.13296626965047	14.696289088798133	21.99522926343952	-81.01365561313305	-76.8985613088774	-182.06127627375122	-187.46501358861744	-206.42965009587095	-84.79150970084468	-184.78869387051202	176.72119276160328	-102.80870970399626	-2.099111517715975	-88.97773996769418	-74.53247748194495	-101.78942329461582	-53.18337213820211
9.376774193548387	0.4426560206359642	19.901834429781537	53.84851408831811	108.43791859396006	33.1180822533588	87.78865646408285	83.60875483056961	78.48278127318758	10.96848374940236	21.65062996197294	-85.65004460605213	-77.79475828323042	-176.32468682993184	-189.31988881776	-254.23339041451896	-80.89648431712232	-182.04130484051473	174.71795216581884	-94.628758734762	-9.052723258939126	-90.1565128849703	-90.24500470591452	-104.80697699606212	-61.84824330411252
9.4168458781362	0.2320094076520538	23.501060980720048	51.70569776414863	112.59247942242067	32.91053132118252	87.6005949719596	81.48716501767802	66.55258059767483	-7.770476066499121	29.627810853680803	-85.51270588525095	-77.89719736351029	-180.60584320220684	-190.94486183566755	-295.6212919977358	-78.3535852401643	-177.27661626704707	172.70802907676784	-79.45712247666468	-8.640329439162022	-93.80919749743552	-100.22063151134316	-110.70237042006161	-63.96913933674134
9.456917562724014	-2.076414247110846	24.24370901880502	53.347827119657396	100.08488640831816	47.70937855328936	88.06681556457923	85.99301821245581	78.68313146258505	-21.66436641580928	62.08286355957328	-83.10141804435364	-78.68065200258569	-179.02771052364855	-183.38395123901623	-307.6607596570373	-83.29662507950383	-176.212693350923	171.54492724747266	-62.558367259429254	-2.704728793583264	-96.06614758001	-93.97260905201743	-116.19598544260447	-68.16414936469663
9.496989247311829	-5.799656729576493	11.933801982853275	59.124043688562054	72.90885023462118	73.05496833079954	87.43043464729328	90.84188446079753	109.25962935853553	-22.977124945682494	111.0280321853815	-81.69583759398597	-82.02283930047716	-170.75375780010881	-168.31288407311047	-294.08650623926786	-95.4036065803967	-176.95152474481552	170.85045005266414	-56.79666362435757	4.101636449748488	-97.7809076064888	-74.22581468876419	-119.07200010524657	-80.12496343148179
9.537060931899642	-4.83741018164969	-6.7080732144882935	62.98357004730782	53.22028491856413	86.91933800973672	85.67585952596546	91.1646477154929	126.34504702363314	-20.63703188859746	144.84935021782843	-81.42945758004733	-84.33648959307216	-166.83021458801466	-158.34288195164157	-283.65184734083573	-105.12310950390334	-176.4434130129573	169.82811242517803	-55.39833148400381	7.236387981448859	-99.92226567402986	-64.5323392901725	-120.69579535576538	-94.94211772423664
9.577132616487456	-3.468277045177751	-16.245007672286146	61.5415152615446	49.30388138259924	85.62356468087805	84.1300961737605	89.78629517058681	118.12568094511334	-20.897894592242487	154.49400458856582	-81.05581297991232	-83.87029325880476	-166.7866967438731	-157.2459426334628	-284.67694939313344	-107.94245765498245	-179.26649301570097	168.2396448530405	-40.94811831258819	6.57985397465656	-102.13340550332126	-74.66468275820695	-123.32529120871907	-103.12306380493281
9.617204301075269	-5.160151941469932	-15.634015794419387	56.563437411425355	49.4424860616789	82.25607442194952	83.41773465053593	88.73178315528762	106.60075220669893	-22.155403219398174	156.43789094213477	-79.8297301269131	-83.1811712971646	-164.53826720599122	-158.13022228556008	-288.1076804867568	-108.68708571228974	-186.9485716976364	166.46465424242896	-4.3705126905515925	4.517807069636602	-104.65089428574056	-86.89099074041586	-126.82532940537227	-103.52258246209144
9.657275985663082	-6.6861951465516585	-14.594300609028462	50.05969357856832	46.10543152302636	81.25183073095121	83.09221782877671	87.46779062083257	106.62586949866082	-21.70168651310561	160.19822040038005	-77.93085572945411	-83.58076533793955	-161.24558445163507	-157.27292186518164	-292.10749625582656	-111.16547010663761	-184.48180789140878	164.68348830710107	55.25488933167126	1.6424589977977824	-107.80085246694621	-88.50587734100553	-129.50244425500892	-101.99559312882101
9.697347670250895	-5.533505866923619	-16.704158330378178	43.643667356779424	41.73554094425836	81.13688344420973	82.93277347388394	86.83120773374502	110.63619975493853	-20.27957854042551	164.54251344351107	-75.68904796255718	-84.39289698730069	-160.3050019946757	-156.1919482102768	-296.2358385230105	-114.45898537835286	-167.79861956385818	162.54203305077957	120.02630163196777	-2.033131985157904	-110.68352093905598	-86.80080422706199	-130.85946176768937	-101.6831710413348
9.73741935483871	-1.8277146528460277	-18.64458098210752	39.45673235618425	39.22551448707183	83.41419311825253	83.169701453555	87.73260916672223	110.90835014657691	-19.840063784276843	167.50028560915305	-72.3106813676419	-84.91837165965268	-161.28734353142082	-156.13661600018827	-296.7227854074801	-116.92379099992262	-160.40824710690504	160.09922259340652	154.08178326408077	-6.145571080117348	-112.24804734117888	-89.03870224283172	-131.7523557224102	-102.55757398839161
9.777491039426524	2.7657272638271464	-18.080447830425594	40.66667137690376	38.498061240370745	83.6021263246971	84.16123780936572	89.42545167238991	109.56214740838976	-20.859748512808096	169.3834151752671	-68.38669052001357	-84.4750523025677	-162.201911209451	-156.64405218114183	-298.021917166627	-118.13651115366525	-162.8512903685097	157.82188225556084	141.96884957384103	-10.074567133749627	-112.58078054515985	-92.71605734291289	-133.87528033128086	-103.52921867913263
9.817562724014337	9.229631257175903	-16.183349738636682	46.07217406691869	38.39518811472091	69.10285354795892	85.79942097375661	91.6434058253724	109.23788564000637	-22.48309696229363	171.68028047142866	-66.32383490955637	-83.07915138653048	-166.97421334016832	-156.95345442290343	-313.30112586314755	-118.48069635991197	-145.95090866418462	155.64914647865317	107.9877245380735	-12.79337585676589	-112.21843933180062	-95.05967266532473	-136.88183658668612	-103.38710722457806
9.85763440860215	17.016804044565976	-14.887817403746116	41.68760151615463	38.1219082170181	42.3310111889265	87.32859465410755	98.32953956355792	109.68345329060746	-22.985685703616227	173.9768269360255	-68.77546267154253	-81.91090604198043	-178.9312411376961	-156.98340393205882	-341.7688821210255	-118.88333329263456	-106.70758604761139	153.19752513726664	82.91880047029244	-14.781162978687108	-109.24277831868075	-96.53594991433093	-130.64651479678824	-102.46858073442334
9.897706093189964	17.87883531068708	-14.40654857042766	15.606913469882471	37.72814541173692	25.18360273843875	89.54282019499621	112.50206686074085	111.76553183853139	-20.990308309606203	174.60731265939117	-77.66546087249071	-81.63408406504374	-183.95917618185428	-157.12374874368197	-363.84272819519236	-119.85451677310134	-71.83404078797162	150.59874176097935	72.46614827403236	-18.193225641837525	-100.0525513580521	-97.6675606453094	-107.72281116099778	-102.04785484622755
9.937777777777779	15.344538146943869	-14.203735061029764	-18.021337049742183	37.421209744491534	26.164930299425443	94.09451674498935	121.04461098611532	116.6606937725744	-15.493852810486413	173.73279268548302	-82.61441516209952	-81.89327705514798	-169.4053776498815	-157.42462297843642	-368.3332184533254	-120.75911830560868	-61.87835481108305	148.5326602593954	67.72593102137996	-22.846700714449195	-87.30866834768979	-98.19425087996645	-85.96704046826746	-102.75514119527689
9.977849462365592	20.863789406793906	-14.196931547233191	-36.34581523143127	36.85148997025282	27.64110585212483	93.09358157705037	106.22068324539899	115.8968879418629	-5.519891184956428	172.9412460669485	-64.84667271478254	-82.21927376859216	-147.77422511354382	-157.51301567058763	-361.41693109701936	-121.12043951873109	-71.5803985912896	147.2790994688438	64.39826829575533	-21.65250360164891	-78.61759167349504	-98.08955460526933	-79.66628488217195	-104.11468399948166
10.017921146953405	27.17324711833726	-14.201879059568412	-39.25691987307925	36.08370498734165	12.0449871192948	71.854478648453	78.5026626846603	94.9102618884805	5.909327115341902	173.0594059966062	-37.0115411549917	-82.31100419922889	-134.34224684189633	-157.51562643744896	-353.616596751537	-121.45375953131318	-81.57016871622629	146.4782652855725	62.50004272031406	-6.20213640935121	-75.97811008424945	-97.91159022272826	-74.96409272475175	-104.85508972256225
10.057992831541219	25.19639277829439	-14.1225205996095	-39.171352320233304	35.678580671572846	-13.034733935660723	37.70416464626602	63.2521118521095	61.42067872658663	12.554377317108953	173.46419836009227	-34.239420061077375	-82.31716941516932	-129.54585123549037	-157.87110966645682	-351.6757380778192	-122.11495741239649	-81.73562666246615	145.9736070681344	62.01171157903229	16.731750080215622	-76.36672879929911	-97.98515332946492	-66.38201271230332	-104.68158370778671
10.098064516129032	21.071765389840536	-14.480311575334166	-39.81822268007248	35.40901211928558	-27.09117758792035	16.90065210270784	63.094447780799385	41.627609728631036	13.259213477272333	173.116512424973	-45.57557834638302	-82.73623197288558	-128.9227573245049	-158.2369257927213	-352.4492664393679	-122.8184302357274	-71.67418345446508	145.79575905075737	62.05469975736353	30.188023226574874	-77.16478049205615	-98.17938596740268	-63.21328301972641	-104.76465104548683
10.138136200716845	20.831379771930614	-15.204371288605879	-39.00539005061713	34.81005411355037	-26.67003377371376	15.012832277495544	65.4467075946588	40.563290393764866	11.858554750837547	172.30489795980117	-35.895648777122155	-83.44789137167278	-129.29111923543687	-158.25583032704935	-349.05871876130163	-123.4584735537655	-58.79557956178646	145.80667510815846	61.325814760145526	31.449546995948896	-76.87671534838003	-98.36176066040984	-64.452922748337	-105.50089901947287
10.17820788530466	21.295449595816628	-15.265512206038105	-36.91688054041914	34.19975430530028	-23.08764176891307	17.898393024792597	65.68265510427929	43.657894330418976	11.202564004789043	171.89623558403437	-18.08465644805352	-83.61287310759694	-129.48472351915248	-158.36615607765646	-344.98550598515016	-124.16900439650105	-54.49002507866367	146.05230903433426	60.83855502394227	29.91227912571132	-76.03999794487234	-98.37786051268145	-65.09874429148674	-106.15803399852662
10.218279569892474	19.82592600240154	-14.774146296922117	-36.412175505768396	33.97636703294419	-23.090782901701818	18.82970938409101	65.29524021502137	44.459191626764095	11.821470875676548	171.62954700362735	-15.926987987248873	-83.16732052428578	-129.61999699817525	-158.6427521281173	-347.34744336158957	-124.66432981104587	-57.786253478248355	146.6024072966963	62.34365422951414	29.780199516007368	-76.14037068897436	-98.10015484463044	-64.9250273926552	-106.4663149343944
10.258351254480287	20.684082308249614	-14.82314938020923	-38.66245940837533	34.125695308003856	-25.77856874654655	18.981980366105454	65.03275746827046	44.48379262436599	12.601292464074415	171.24776444345923	-18.478298520414228	-82.99082425676777	-129.53853316950284	-158.59199853685135	-352.5298674613902	-124.46549568986363	-59.02213556165848	147.12030477514372	63.91612773260693	29.99989597489647	-77.00897426062288	-97.87177628480164	-64.40343944280572	-106.67124072011768
10.2984229390681	22.56500547875565	-15.449049768106395	-41.634467163756966	34.43595052480354	-28.719996113143374	18.926145799965397	65.09087734474521	44.18279152596871	12.428671601149489	171.26011004085555	-17.4774454210127	-83.38035791477078	-129.34988001333318	-158.19150164929502	-353.89737962884925	-123.75608366244442	-54.8895171896959	147.08018479907895	62.526650191739805	30.254838181596902	-77.23609385854537	-98.0403461030085	-63.95170461221722	-106.74562552966908
10.338494623655913	20.30611197275809	-15.914793350409521	-43.02411853893627	34.63816330566182	-32.349387934160774	18.292276655058597	64.87136641555003	43.36379337545658	11.60899405960674	171.7694986315186	-20.616138288275714	-83.66431265148437	-130.81916890690556	-157.76223102293858	-354.0050835967717	-123.12554841878519	-47.980788134187385	146.13971344790733	59.61364747390328	31.566301422881715	-76.65371701126426	-98.09582587224259	-64.5239612819416	-106.34707950619043
10.378566308243728	18.211201855415737	-15.202373530922431	-42.044538804885214	34.86636586091938	-37.045666090058575	17.116482596311247	62.60662699610655	42.625645828787675	11.204745526881712	171.90733552526763	-26.462686850840843	-82.76020435007848	-134.8400343710717	-157.5140191886312	-356.39877811839864	-122.64685020196393	-42.95211958202312	144.4654647328143	58.98997278516343	34.32011937301013	-77.2216495584071	-97.22228934516036	-65.78797914523801	-105.56092438522151
10.418637992831542	21.050447924843578	-12.608764852156202	-39.58787803316117	35.63747387764804	-39.80267025774364	15.888151025839802	57.97549390178697	42.821668514441555	11.54108583080225	169.89497022030505	-27.1718607623046	-80.35974748935895	-138.1794903078765	-157.74571962846616	-357.69737748309643	-122.1000336917571	-41.922463721085784	142.63795084316322	61.15151833341013	37.404370228957745	-79.98591788440784	-95.17298656010831	-66.61653665618145	-105.21202816627576
10.458709677419355	27.301956506010278	-9.382879229216254	-37.09135313601069	37.021564597573665	-40.200685227535	15.065415596732873	53.56938358801864	44.9165162233534	11.917533894781629	164.1893355148957	-22.526664380676348	-77.68294629698192	-139.45131664166274	-158.3064703226677	-356.590342582354	-121.28582389714396	-38.038830865970716	141.00148661300597	61.76940738475482	40.03403665473799	-82.78772262460483	-91.41035007769598	-67.66722855331098	-105.75716785130432
10.498781362007168	35.17136249874052	-7.99395271469118	-35.539751667699576	38.49562579439542	-43.234149132911696	15.054293530481566	51.34748195626525	50.177496517930976	11.953584510093755	156.59918866589163	-17.192921843490158	-76.21348342470185	-142.61862247105975	-158.21967970573354	-358.1973080327523	-119.77190312777945	-24.674906789550157	139.45706109657448	54.716918573346675	42.72999320492574	-83.56752406098374	-84.59821958348073	-69.62511462908118	-105.58061815201539
10.538853046594982	41.48640620892748	-9.724537534784247	-35.615076973830774	39.51394477841879	-51.10543657725372	15.562235567515108	49.9114649755032	58.21433120410278	11.64319953643765	151.7468719967853	-14.947172592687261	-76.78776763314778	-148.63709281947757	-157.06606339567026	-364.4363886259641	-117.56724521970784	-9.330647393137545	137.7413162430748	41.37394633916914	45.85333729724119	-83.1489117592446	-74.95476579725768	-71.3991810132091	-101.76503609968822
10.578924731182795	42.21606081062238	-13.570121485247112	-36.43912829660202	39.88558626951874	-59.57167818703884	15.305249697190126	47.43705464840949	66.46215700287487	10.698148253340571	150.32209090596575	-21.82173234531978	-79.30878418459534	-153.46832946266	-155.74765325600094	-369.85987256928547	-115.59121177301891	-2.3591629738420274	135.6676783068631	32.75190023488445	48.79219761279783	-82.92168270790573	-64.73834431922978	-72.56666025987738	-94.43300372123956
10.61899641577061	37.61968977143045	-17.339876430442892	-37.57750561405672	39.85065869375002	-63.637992083838675	13.825731925394468	45.94043810321334	73.2886306162931	9.67883415243965	148.33936048158955	-39.762267288968054	-82.6180550050889	-154.38050366642	-155.25934852415006	-370.8006947914059	-114.82003427340405	-1.368750763650104	133.6007244886267	36.23139865362045	49.61258222896447	-82.88947054497082	-55.27068025041435	-73.28880331346366	-87.11374359944891
10.659068100358423	32.8415836492367	-19.633053372131073	-40.860618280665044	39.716835838805544	-62.55515718524295	12.199169526429786	48.751434918397166	73.16776698705023	9.807625745691606	144.55461213971319	-52.717353307032845	-85.34413180220463	-152.33221658018726	-155.64898209584592	-370.95774444674475	-115.42914474992436	-0.06348143147604324	132.31228611010874	47.990958807933666	46.4129397191845	-82.84430143642969	-46.66636109544944	-72.78373187115925	-81.61477651344867
10.699139784946237	34.93444155911464	-20.126589976671507	-39.01205317201984	39.638063730618825	-63.85834220256233	10.149985858182681	46.492022075329885	60.45813113118632	9.400340679165483	141.56751420601066	-49.323117573958875	-86.33214299119852	-154.21071106428724	-156.28912846759906	-370.86118093396146	-116.46136499980747	1.89295793308163	131.90657626949536	58.67399362006843	48.15597026306835	-83.88894097798143	-38.89666347700646	-73.4959654831073	-77.43718414876149
10.73921146953405	42.31821102255648	-19.563009964793384	-16.764664133393573	39.88775570291147	-77.95207860439021	7.35388074006675	20.430804772115188	54.26998623539775	4.372353015745768	140.34666167098553	-44.71254604906457	-85.69165958073388	-167.82629560160976	-156.62221363756868	-362.9565436659752	-116.58189375825044	2.562531144353406	131.83540254366775	62.39932570284666	72.38508471846046	-86.47130761388401	-31.642325779567617	-81.12923861734463	-74.40607988905873
10.779283154121863	41.58650934886512	-19.50387372686214	17.983666060405096	40.50947378448199	-99.67443428668011	2.2856416890018147	-21.099014562678	70.39684436493867	-3.901043435637452	138.63325487406877	-48.71936003368969	-85.36724646230574	-186.69549101015048	-156.56463133138857	-348.670650331581	-115.77977103905731	2.081510576730567	131.78820042908436	61.11187222457132	111.73228754860178	-87.72809431627316	-25.688713934529186	-93.52466502141219	-72.1972932344115
10.819354838709678	28.781315348079495	-19.85879335720537	37.60034403392403	40.89614731440617	-112.15753777848703	-15.388690268442947	-45.70689890828137	76.18850580202509	-8.998330413681868	134.71948523099974	-51.90355382702418	-85.84193451835036	-196.13857448413836	-156.3727181761277	-340.1033500845892	-115.28290655751415	2.300661209185247	131.74069272956916	59.66142865905896	135.3635884493696	-86.5055097128185	-22.45190160906779	-101.14862409540166	-70.85298218064148
10.859426523297492	14.57027350658501	-18.71529712024534	37.702506764735915	40.85408113029591	-112.58092815533693	-46.21910388938612	-46.73088848232702	50.375038557129514	-9.758282953357378	130.17834053880784	-52.84402952104239	-84.96634718163784	-195.57077843352815	-156.25815628060997	-339.48786889504345	-115.3814394835829	3.4751140314518323	131.71808525043974	59.66247165566897	136.2572085728144	-86.65496379592292	-21.60554048096998	-101.99505368310841	-71.5748033735882
10.899498207885305	5.613567184971659	-16.648266521799936	34.64321425507465	41.11631628588883	-111.01799960587232	-67.76517520958238	-42.635945080287854	25.023682140252415	-9.853643651720594	127.40898812225431	-60.078720127795	-82.89664398621812	-194.27413360488072	-156.18004908609635	-340.29799890594205	-115.10155462248638	4.1636933701463885	131.7776629492102	60.05227816883765	132.36878680190495	-89.30229077172721	-22.07069871438698	-101.26533715733106	-74.13378622239861
10.939569892473118	4.849594221471181	-16.184436483928522	34.78035774925753	41.87270521834874	-111.75307223689796	-69.77302341948356	-42.00223679615191	20.43950602442169	-10.387718965281124	126.84762342783776	-73.40104758416301	-82.24586118201563	-194.8472595788001	-156.05593732083736	-340.50418353999225	-114.2345535112036	4.10978862391896	131.93371421066425	59.83626066105038	132.61292724014322	-90.969590745971	-23.309314746888205	-101.09603124772885	-76.39629556429256
10.979641577060931	12.504813794681615	-16.597763034826677	35.14452685017671	42.373143293568134	-112.68435659743707	-65.90935521470894	-42.83157689862246	22.863549907327968	-10.429994996311049	127.40665377784896	-83.8129360091453	-82.61185124079499	-194.9408046529844	-156.03529145083567	-340.54692325998695	-113.64323448028114	4.0202300219361105	132.16256635632595	59.527046035507105	134.3149981148441	-90.69229640279477	-24.877757660768502	-100.86371930042412	-77.55921702863792
11.019713261648745	20.797393230448947	-15.865345505361558	34.90264826504624	42.28980226863661	-112.57650301739704	-65.1327605118569	-44.025715358062776	22.305308140086986	-9.9716955444566	127.45285999645077	-85.75991216413351	-82.12084608735763	-194.20814287816503	-156.25773949761327	-339.8339561189452	-113.69210516125491	4.067350420039578	132.47541773293494	60.520389940397486	135.51649255217094	-90.23403196995406	-26.656711679186877	-100.52568044887872	-79.22856259798202
11.05978494623656	25.046672351749805	-14.807532158017699	36.598818748693205	42.01808325168458	-112.63077337331036	-67.21064991574814	-43.941680158747445	18.466178701362125	-9.9932666915884	126.10851226009454	-82.71456155427747	-81.37520026970158	-194.8039611823373	-156.50715164832656	-338.26146254715565	-114.04565656968137	4.050065862607625	132.97963954747954	62.00096503690869	135.54185151964253	-90.30460345802454	-28.81786849391929	-100.74317913268098	-82.68824501097053
11.099856630824373	26.86597710178649	-15.142337945974099	42.370761492452175	41.860165636636445	-114.68608428211218	-72.53132099102739	-40.12376926893289	10.628779823344216	-11.25642465349284	124.51587271927642	-82.16347042179153	-81.78182559668124	-198.42886827420392	-156.5301999564882	-336.01653002516326	-114.41542874812109	3.884092470918224	133.74056668762123	61.961949229592214	133.0731678408163	-90.68511774414769	-31.407332415913704	-102.15915113972191	-86.84211446890477
11.139928315412186	25.359903339029707	-16.76583108797348	42.962024617884076	41.94489661121858	-114.38375762322974	-71.82789291477488	-41.970460807769115	8.246192689066554	-11.302999764591334	124.1294920865335	-84.36086545937032	-83.22738216895245	-199.98611269961376	-156.42319999689732	-336.96981233144146	-114.45185578211995	3.8682231909225466	134.47983168602525	61.68620874898004	136.39741799991637	-90.61151275165818	-34.39406039602428	-101.91585338687447	-90.29079668702512
11.18	21.57623712986951	-17.425686012595357	20.642056227894606	42.37603657879184	-101.79843054281096	-46.63275502477015	-68.40387008204397	30.07819865162978	-5.445955358567264	124.46696078472189	-77.93434896849476	-83.57258103848856	-189.65638364786184	-156.26088684297386	-348.73634935376526	-113.8262695818873	4.608372577189151	134.8548624332273	63.0880881217933	161.94558040600435	-88.92637177004184	-37.660394095730275	-94.33020320529239	-93.46735413790057
11.220071684587813	23.81059973062953	-15.341103887896896	-18.203887545681198	42.90068399946072	-79.6915467308581	-4.802510812988661	-111.22714729550952	67.01230043808368	4.7348024423909685	124.60711589932669	-55.832447806593294	-81.3644837197305	-169.66572367639122	-155.9896719061573	-367.97905589265014	-113.12764432622274	6.048859450406912	135.12561065075465	63.38276036851913	201.06074553458583	-86.23623634825489	-41.521575384141144	-81.47588367273408	-96.89056716822348
11.260143369175628	34.07281646025923	-11.961656880131699	-43.37515675303002	43.16168517709796	-63.80872043124671	20.574314836359093	-136.6287591848372	83.33599599358811	11.566910258141162	126.01938265075944	-30.8393960175033	-78.66537735498605	-154.7821176738146	-156.0113312848146	-379.8943234296813	-113.46184447193797	7.332666425881785	135.86470611398542	60.07683639044574	222.69909255933743	-84.6090762650441	-47.39028504122221	-73.06518761518727	-99.7778915083125
11.300215053763441	42.340000644888285	-9.96473501285883	-45.86821450010075	43.16313969661063	-59.82632802855676	21.783965817582555	-136.82224134533888	77.96760417280888	12.499796505028055	129.2659025447751	-19.406070767685648	-77.6820610602657	-151.35252756779062	-156.81287352955223	-377.3483980475795	-114.57689552109947	8.123404157821836	137.0102448588462	57.482652301064824	220.7005572202911	-84.45404478352874	-55.741141374810404	-72.0966509357075	-101.5879091086734
11.340286738351255	43.37279863258607	-10.147344456236851	-41.37811580471335	43.030976310616396	-63.87206490969663	17.928908839324254	-131.21381002729544	86.9442187996629	10.974395411901206	131.30213405896527	-20.34612230424756	-77.93721552188144	-154.16812801826848	-157.9382076779273	-365.5205615253552	-115.19846712740296	8.717706430877112	138.03534534125328	60.12713513768828	212.6312287194415	-85.08013261214462	-64.27480316302758	-74.068198753202	-102.42169001444897
11.380358422939068	41.30244151914923	-11.350288167394712	-39.483029100900445	42.81656369596351	-71.67486732588783	18.210428483594093	-129.429373163162	122.92715011768755	9.495940328571837	135.07080217062492	-22.951769189622674	-78.73343303613662	-157.2526019863136	-158.51026352942966	-356.8990398387704	-115.23554203161581	8.475174029664533	138.7665597443813	59.721154281461075	207.57967243829836	-86.33590287738274	-71.5329230339798	-76.00383331743718	-102.33687550765681
11.420430107526881	39.352203931970216	-12.418100884743373	-39.36430287825594	42.63093216468188	-72.62519726476106	19.791898707260295	-128.92441107102843	169.3834714957436	8.70455003420266	147.3317883350552	-22.52967584448637	-80.13089269341648	-156.28846365270007	-158.49520902103703	-358.7408793462459	-115.39208352693122	5.465547351172514	139.42227660492523	36.06301968590233	205.3455960265754	-87.79840990274612	-78.73452473488328	-77.1804451253509	-101.82571269389241
11.460501792114696	37.81413557301134	-13.222229746412966	-39.27631479547285	42.596721799211814	-62.236652134887365	20.875098352726297	-127.59061708322481	208.4659458490146	8.501641841122117	162.4794355454443	-21.68657287863513	-81.33794545419929	-152.00571559840762	-158.42340888065985	-362.96532969073763	-115.63976501402	-0.9026271361805316	140.1642759863772	-14.920269279949318	204.4293187552612	-88.79820397176475	-85.66670370372582	-77.12070572123821	-101.37166830715165
11.50057347670251	35.877016363599026	-13.67020837934611	-39.38070845825468	42.66780315301589	-52.29149773008079	21.115196729391894	-126.14297274017042	226.46121370354115	8.495771558852798	170.60414467608294	-22.995773971406468	-81.4307904812423	-148.76945896091885	-158.40307782648551	-363.51393955423424	-115.70839600127559	-7.732843032546807	140.76122453828773	-65.32972153746329	203.50619036581674	-88.15444246144118	-90.48913215753502	-75.63034569503522	-101.01463067831456
11.540645161290323	32.782087875612326	-13.780502990418043	-40.467564043414804	42.69547816340184	-49.5214233593682	20.902311677784816	-125.43826026414129	225.8873772572014	8.512244259645456	172.35040770515693	-24.143400769629583	-81.30306276725251	-146.31817169775346	-158.1522803216387	-363.996115126451	-115.582107645667	-11.267527660110972	141.0961097586053	-90.69039224744728	202.54912260522195	-85.15206674380399	-93.06628013702083	-73.66046883586887	-101.120044551179
11.580716845878136	30.011132608562257	-14.010289408021745	-41.60544895252342	42.647608348386385	-49.21598849995295	21.822937988140136	-124.3312402005651	222.81720192676872	8.398082097192868	172.2840939065253	-22.704448156750054	-81.79985774789718	-143.6910202429743	-157.645780071189	-365.13052049169596	-115.20258900898766	-11.092017449541235	141.6029410344486	-97.10438673243245	201.51876213342274	-81.93436373161654	-94.32702125434311	-72.75546718124725	-101.87142196766858
11.62078853046595	30.222112619357375	-14.053037409136277	-42.75623042362168	42.6273242284237	-47.97502851042548	22.926201528228134	-123.23427105436372	222.63050022786277	8.431514573013159	172.0900852599622	-20.91639118026627	-81.82756121566071	-142.8102088397455	-157.22114046841946	-366.13373724959587	-114.78982463064463	-9.957403653483073	142.45619782059023	-98.7011064123304	200.84862019240506	-80.57273147533115	-94.75088683723435	-72.40233682453366	-102.53077435450838
11.660860215053763	34.261434409985256	-13.186651909369637	-46.05363688036801	42.79123507055104	-44.3367187188067	21.639790654982836	-124.4526797381514	221.15650190877176	9.152428985989232	172.3392858146224	-23.46118136255161	-80.85391668720753	-142.52999088966607	-157.15705678105846	-367.58251791343145	-114.75328944892597	-10.314042459499463	143.4294200657431	-99.84017591330479	201.64356969592077	-80.20142658041	-94.84016933045744	-71.02548668512391	-102.53744139525251
11.700931899641578	40.61190122876879	-11.854205467061995	-42.68376269412861	43.23938198414455	-46.15102648613818	25.9220744140079	-121.43980561269004	225.0392941084747	8.75512940573679	172.91783716866345	-29.90218656892998	-79.76859028415295	-146.5277686009099	-157.36762273694538	-366.5407459050572	-114.71323881379594	-11.76176260268709	144.52031205512242	-102.3020894124108	200.07016911058966	-80.83503161950397	-94.97431673039947	-71.82996585593057	-102.3649496018866
11.741003584229391	46.54097726456508	-10.941186731996233	-14.817400868219806	43.83548536041226	-70.4966996581939	51.03828446777615	-100.98986764914008	249.61254652077213	3.7994349533670837	172.80093845699457	-29.835261956012676	-78.84289538120593	-166.64067912533406	-157.45509013177607	-359.26956118307544	-113.98862152869891	-11.981915629322701	145.69897072087332	-107.22001183715608	188.623123902778	-84.67224831655399	-94.85063638179138	-81.20859022537995	-102.52928409091614
11.781075268817204	49.76623266241734	-10.595380739129286	22.140324749082954	44.283610441850264	-108.64541702947976	83.38116470851622	-74.26930695198881	281.799204439713	-2.8941585851339013	171.75119931226544	-19.23832829135546	-77.9302281109672	-192.99663393599076	-157.3333641394567	-350.52156430053213	-113.07895457372871	-10.850031341986389	146.67475820567395	-110.78322453388886	173.55070670093693	-89.8843947983565	-94.31814709622083	-93.94790454372405	-102.85698394842724
11.821146953405018	49.144770487128966	-10.732567063604433	22.824799188140744	44.49657218230284	-128.00481993834245	84.06582169732555	-74.23909502084715	282.7234321735533	-2.9634240724049867	170.89892905988566	-11.043592419239882	-77.47954837726373	-193.83922223423485	-157.42479206588118	-350.8023569084805	-112.87175994173693	-11.114795735489844	147.34038437583914	-109.49865450373598	173.34847326260802	-90.5141449384916	-93.89873564502797	-94.66554228065691	-103.01405879856786
11.861218637992831	45.75855302570514	-11.082200166465864	-12.765802596844107	44.67280695462682	-131.54349798505905	53.517115628402095	-100.59022007113283	252.37219730222392	3.6934927710287466	170.95865173611793	-11.983428188457692	-77.66165943243186	-168.55382671669753	-157.63392179320408	-359.5217783025409	-112.91674802899492	-13.946222331961858	147.97959376584546	-107.17931493833939	187.88488970452195	-86.28199418331366	-93.79728904799622	-83.0584002350442	-102.78961879527652
11.901290322580646	43.70490711433561	-11.139589556925133	-39.19509799387394	44.90182527854374	-155.26233420998838	30.957859379179947	-119.90651943458055	229.70641987030098	8.791157435871057	171.33066745380208	-14.025566732815252	-77.77905975269466	-148.94516163731203	-157.31637166226233	-365.99575224513774	-112.37670098069594	-16.939511804238613	148.73731892311596	-108.29154063895619	198.54191914405678	-82.83789389582672	-93.611601974336	-74.02490461284115	-102.27457254324783
11.94136200716846	44.90333891883245	-10.688806785686202	-40.91980007107185	45.0786695749724	-198.45079464057767	29.72009055902706	-121.14949434528768	228.3114960935472	9.265816727323905	171.37317252244597	-13.611556229854914	-77.28712515329008	-147.03665916186034	-156.60629027851994	-366.9848370814436	-111.71743486925712	-17.497023058399922	149.39672538451723	-110.43963829894848	199.1649531038668	-82.53775039272332	-93.32239689223465	-73.1774618827961	-101.95724719598816
11.981433691756273	46.18671417510879	-9.950725531169493	-36.45635801209204	45.18733953889939	-225.0751175179277	34.34690877879912	-117.92707546724657	232.98717520050468	8.398776449156612	171.407133973323	-14.01740007755698	-76.61635700372256	-150.7378596331128	-156.22829027838523	-366.7270026884898	-111.64874177578129	-16.800822077687716	149.98759094149236	-110.48123340693867	197.33597186004152	-83.63402004900567	-93.38847112795762	-75.02826522860109	-101.98474455195534
12.021505376344086	45.52317482402	-9.555103216980662	-36.12674385372286	45.23867470798247	-226.09757428809843	36.07334135199595	-117.33528694994229	234.77898704612085	8.320989883457102	171.63315924690815	-15.31492134698882	-76.3192668403607	-151.71529658979964	-156.28382332542182	-367.0756583957974	-111.6822216512548	-18.177990486945742	150.69348928801008	-109.96870300140965	197.0599555955179	-84.52550098992386	-93.49230912003158	-75.87071700523998	-101.85855310416993
12.0615770609319	44.427380137425715	-9.847195734205219	-37.169904866130416	45.26774009680135	-220.45215673453575	36.17618275032073	-117.60747761866413	234.88244550187483	8.737572503493933	171.71633002168377	-15.54579227113254	-76.27381944004999	-150.31787254568303	-156.37548891373896	-366.9143556767151	-111.18341578148089	-21.29453601727441	151.32837865866594	-111.11848404438207	197.45183475734632	-84.67496990312559	-92.83708712875325	-75.72185421807468	-101.11039033891142
12.101648745519713	43.96606421864976	-10.242780707096303	-37.06719872708248	45.47410712743708	-218.11007048900157	36.42681444135426	-117.45829255983789	235.24587132982674	9.195636613613068	171.7757926995489	-14.997211846557603	-76.36842208116933	-148.94006421083984	-156.3477936382712	-365.9499113593135	-110.61684681327661	-22.702840585831257	151.74091889437813	-113.36939978467859	197.57158472964855	-84.46084524846408	-91.80400869895271	-75.25359305201988	-100.02029165566346
12.141720430107528	43.97036314314241	-10.190976627517996	-36.75144064264664	45.902717368932436	-218.16379372498662	37.086622987361494	-117.27404979498078	236.05369145950732	9.498154548749156	171.95154503859587	-14.964362140677016	-76.69699176050709	-148.97488895141686	-156.30059996313105	-365.81753068836275	-110.5982043122513	-22.275148341884634	152.09167738575738	-114.46742558423908	197.07859795653076	-84.56887098825658	-91.30386843124722	-75.1331658632986	-99.40685305322121
12.181792114695341	44.80700712330603	-10.312247845883412	-37.41299840394269	46.30671512419113	-219.55654233340553	37.69293677300977	-117.36082487051122	236.66784870502687	9.420583947287563	171.9684125516593	-14.9911649468854	-77.21295910147946	-149.95051443933698	-156.28463778296847	-367.3792685761976	-110.65511418767902	-22.73860935559571	152.37527659993623	-113.32307911843368	196.23844966630836	-84.98121708426662	-91.22055199401471	-75.60253680943694	-99.3223792408257
12.221863799283154	47.1635819260311	-11.234966889438603	-38.7894045856291	46.521532599103224	-222.05811662497	37.91542591830351	-117.47164888069278	236.72831927084889	9.239184172371953	171.8718601981075	-13.903583779871768	-77.92982457115322	-151.1220967474073	-156.29502494548365	-369.907467956504	-110.19257822139845	-24.503902522643696	152.360245334513	-111.70420591980694	195.54697442926246	-85.16159691555634	-91.11350945355017	-75.90344290259786	-98.95601768805963
12.261935483870968	49.68331609491291	-12.213834855688145	-39.747914362943014	46.5771291894728	-225.03087446865953	37.90051052004121	-117.35271812618629	236.3839261747417	9.29915596498252	172.14640636471992	-13.173974619132382	-78.80912040948137	-152.87803294538514	-156.36026080287553	-372.6182249766043	-109.69322027989034	-26.03085009238983	152.22499259823206	-111.86658189583994	194.89245371991612	-84.95087714757875	-91.20010144194069	-75.62121304975159	-98.23660972860415
12.30200716845878	49.80070792843632	-12.32091729446018	-39.58898508887865	46.56313323022166	-226.8529110001025	38.01741106004646	-117.11232303344613	236.2188737779437	9.245861505909232	172.84218745801365	-14.824796271828125	-79.32658873403675	-154.9183599581926	-156.46137253410046	-374.4349277315711	-109.72575491163882	-25.53557521553475	152.45196944052384	-113.38151513451601	194.06006069681564	-84.72641714774973	-91.57079975038576	-75.66265586745557	-98.0688356417288
12.342078853046596	48.092930565493305	-11.570734237362752	-38.99914083163887	46.55184575352327	-226.91041024677256	38.26220788184733	-117.00385764891699	236.4546999495098	8.760712692780567	173.11143945074377	-17.35059212706756	-78.75337197708323	-155.94661470275148	-156.50805570472446	-374.82382555956787	-109.96293596186364	-21.784066977529175	152.89732527055452	-114.36265524264488	193.3172841905033	-84.711723555249	-91.75682396977378	-76.46608203675324	-98.72373004886106
12.38215053763441	47.2595463977397	-10.568088055490763	-38.82515972542892	46.4751888533507	-226.31839063653223	38.271689013814395	-116.94451828882804	236.632431787675	8.320550109249089	172.67652474267638	-18.21102826562535	-77.39029090921753	-155.76809630765004	-156.49651825551948	-374.5193335160784	-110.04590052608104	-17.669752209858956	153.04018322578162	-114.36717800595278	192.80824982879682	-84.74497725951842	-91.61727612677667	-76.97754624788736	-99.38658860940724
12.422222222222222	47.60991033800499	-9.927321377842052	-39.01148306674899	46.219043256735134	-225.8790041914615	37.9314999284041	-116.70958601478482	236.56556443835905	8.432668971247493	172.65116221326622	-17.482681276067918	-76.43292769434457	-155.11992252820204	-156.5233084291416	-374.1261043275934	-110.3523873612401	-17.283735184576912	152.9116101779465	-114.2151358377521	192.47911107061714	-84.73958150445334	-91.73403810952168	-76.54159366237546	-99.5872808937092
12.462293906810036	47.64566198520031	-9.795905400657015	-39.42781253808321	45.77393854515135	-225.88169544264932	37.45367193130188	-116.45851929539737	236.44328347537842	8.664313007538816	173.38664206458384	-16.90864470674474	-76.2443754367082	-154.58920495862583	-156.55678221593215	-374.02172151073523	-111.18273396141922	-18.264922129039185	152.81792530355926	-113.77547531580429	192.56618353338948	-84.7873442418792	-92.51161106643015	-76.08222246871209	-99.68561289461566
12.502365591397849	46.77337209943588	-10.119531773782008	-40.30302272430207	45.13248805103016	-226.3401815998555	36.929341767697565	-116.40325724465913	236.2672213863301	8.481694804112461	173.67901071398785	-17.256050771996158	-76.5071573371244	-154.1245066548438	-156.49879038350304	-374.4347363631936	-112.02022331744216	-17.03953851795715	152.83534126189062	-111.69889086120544	193.1071578480042	-84.8420723612013	-93.16539049747325	-76.28217852713	-99.87992212788444
12.542437275985662	45.347534900606725	-10.822437387969407	-41.389111491910356	44.47392456542072	-226.2586889930045	36.31695848692493	-116.31182967661817	235.98151863989693	8.25375403016298	173.1354122101913	-17.5864198136364	-77.21025691212829	-153.02414580868566	-156.50081271421246	-374.4599092615396	-112.3754519719228	-16.464772432581473	152.90046736733825	-108.46735509397043	193.50495991049044	-84.64393635458713	-92.91404716450455	-76.3688185967711	-99.97861864309604
12.582508960573477	44.01373332114147	-11.465627872183882	-41.76448351997022	44.13797685032216	-224.97170330119994	35.68880460097862	-115.87556112874842	235.57538429978322	8.33599247322874	172.759616402537	-17.162494479500904	-78.15748662352483	-151.44476078059307	-156.67695255203682	-373.196999699967	-112.57363026173518	-19.260853329310308	152.8718932027541	-106.64876265802711	193.40348954850782	-84.12188517588744	-92.72903378712522	-75.79203747243616	-99.85793611087882
12.62258064516129	43.342704688623286	-11.637216359981771	-41.36559774264748	43.99579223042643	-223.49397985476796	35.130514163622905	-115.17167819648441	234.9876829051182	8.504578979576383	173.01334928301375	-16.565170744819355	-78.75999120435053	-150.4393042862517	-156.75736957926821	-371.51776567048586	-113.03604226274088	-22.64722340793286	152.74732393085606	-106.73800413092813	193.24891251638215	-83.5438058070571	-93.70080162821944	-75.04065871649614	-99.66143515427358
12.662652329749104	43.1806505252525	-11.471249478688625	-41.08276625871378	43.62315146029468	-222.5656138918226	34.72370304933939	-114.47637396836573	234.33235177634702	8.8129657474236	173.33043902345239	-16.23769040958889	-78.65388194554468	-149.8838339170863	-156.5945814552655	-370.47754835018947	-113.55982144202545	-24.274535154069152	152.77475131564705	-107.16238608684013	193.59832412487694	-83.01010230170277	-94.8871265056747	-74.1956173439748	-99.89689164257554
12.702724014336917	43.08040236831347	-11.567814281873067	-40.59772604443747	43.02583166693539	-221.02727069615372	34.71862732451383	-113.62445634009097	234.23028611554366	9.256540763889385	173.02708462665316	-15.8975393173692	-78.35916427226364	-149.07672583239548	-156.43628040152578	-369.3598507581101	-113.85965487569526	-25.611568817681665	153.08039753949492	-107.36303927368515	194.4087230037242	-82.3277995259141	-94.9383485207671	-73.08634556095593	-100.89378596485396
12.74279569892473	43.03627356101965	-12.586569288848844	-38.96346813422453	42.3664555736183	-218.30128135204788	35.155663267494816	-112.23477039745464	235.03854680568858	8.987243001583218	172.1097300264834	-15.676154614988013	-79.05976114934839	-148.5332536731724	-156.4566872787462	-367.53228277005235	-114.08654453719157	-26.855198225342004	153.4059399320684	-107.22007015945333	194.58860229835335	-81.47888153874722	-94.25613254500155	-72.50287417861192	-102.06318861008356
12.782867383512546	42.81607552604224	-14.257620664056992	-38.15216612927006	41.59801870879509	-217.39597320515267	34.72260444075398	-111.48751198521254	235.07267278304886	8.046086792834538	171.40500069080736	-15.272912694431588	-80.7144562316913	-148.16996403434962	-156.51735062353984	-366.5300255088076	-114.37500526282382	-25.32514872212747	153.47590768310587	-106.06771488772067	192.92263334641285	-80.636382307977	-93.89121846742609	-72.50320446291184	-102.65764877412902
12.822939068100359	42.715201525918815	-15.100801035644405	-41.01553055056326	41.040463839245035	-221.37826553430943	31.92180803227919	-113.17393678424602	232.329643172641	7.972146097789848	171.3210111086912	-13.152659975166818	-81.47497233157681	-146.73539972626764	-156.38066464229382	-367.82081811116853	-114.53808100623645	-21.42092945476981	153.52087130418198	-104.31191745611807	190.5520449708767	-79.7855217690169	-93.92139506942281	-71.59714433006896	-102.81045918540651
12.863010752688172	44.19530681643177	-14.300102110436843	-39.66395186320952	41.12095322412185	-221.18711686559	32.85164894016975	-112.68328283729957	233.07436477616255	7.967702983535193	171.38857839081228	-14.668054423060815	-80.40907328543831	-148.6231459933303	-156.0959412923293	-368.53739996969824	-114.50270699256332	-18.835684552923446	153.77886897129227	-103.40746036395096	189.8829647021961	-80.10120031863629	-93.9718421635055	-72.08114987270046	-102.88015189506342
12.903082437275986	44.876273083730574	-13.05088911456156	-18.938805035763217	41.37577090493319	-198.82202650452103	49.37822554629203	-100.49076284242652	249.56188039884455	4.56100699921182	171.32464889516595	-32.73390545716008	-79.05305933629343	-162.50444801243916	-156.0034740004046	-362.91309225160217	-114.60667564868345	-18.40447929827518	153.94471226235436	-103.51499169951808	189.54950888078258	-84.25003540003844	-94.08997684171692	-80.21955692077346	-102.83899019272701
12.943154121863799	39.56417480217659	-13.010560076866115	14.604244066614998	41.29179320109192	-160.08592212906436	76.52433422350198	-79.98009118001283	276.90362920677967	-1.9003816460388634	171.26859667994518	-62.838972804436416	-79.19026234846133	-184.00344271727565	-156.2012678145077	-351.7774821174329	-114.98977663954044	-18.13114269981558	153.82456041235147	-103.5229604418764	185.56715544805004	-91.10132585810969	-94.33948845332655	-93.89960207188491	-102.80420969913975
12.983225806451612	31.489024651657097	-13.846318547389124	35.36312906116369	41.38201197296152	-135.5352611052465	93.39788541098865	-67.12768291993002	294.0831395792644	-6.494311430208164	171.20720348969985	-81.63100941790069	-80.28524186187637	-198.0061428611499	-156.4288781260327	-344.1009861776834	-115.0575613048809	-17.370674375120522	153.6563616686192	-103.0248468858221	179.21846716094825	-95.35491933057031	-94.2404228210651	-102.37783952983106	-102.97996221612813
13.023297491039427	28.00996737552831	-13.794782309039089	37.296444402874066	41.97781122945475	-134.91241877645402	94.79497474942403	-66.40495681318538	295.6170109530591	-7.077490036708651	171.03420216159608	-83.7000965008393	-80.35251337569355	-201.3984965135458	-156.436993914828	-344.1706353572155	-114.44448182553717	-16.885491275284345	153.6713418605284	-102.87390472224926	175.7441250485187	-95.65551055025323	-93.61790765320048	-102.70810216894563	-103.05520526036945
13.06336917562724	27.620067842575608	-13.016568636342708	34.23588892881931	42.44036549971824	-140.89416975777135	92.23447417103154	-68.82133987327015	292.94467360216225	-6.094006296040173	171.01135822806015	-82.9261476444693	-79.29022271503929	-201.41885597726773	-156.28300077283512	-346.93868781175547	-113.83231544745406	-16.76769702671175	153.8528150105538	-103.98421704940002	175.54036902295556	-94.92164998917994	-93.14453611481419	-100.93706713810374	-102.59564626791945
13.103440860215054	26.16081759390895	-13.114196339408245	33.44253499716152	42.53415093754373	-142.15130117612114	91.74736332958074	-68.85463740401306	292.35638927860117	-5.9783841486646	171.44742848055165	-84.3704938473581	-78.72431148262076	-201.03886967277455	-156.3126230186176	-347.6011000813183	-113.78656300894595	-16.596733532732433	153.95795099228204	-105.75873084793334	175.70136332154604	-94.27485705669932	-93.17997066353395	-100.52660188959459	-101.80685319543416
13.143512544802867	24.58454362230641	-13.79254220711795	33.91125506765027	42.90735060700722	-140.36411414471152	92.39830337980204	-67.50683477345754	292.82629524892167	-6.974307609247138	171.88216224494906	-84.8565631482014	-79.02815049832509	-200.111900973437	-156.52662228603137	-346.29770290871244	-113.66718819217556	-16.269703399601866	153.91096813717883	-106.64331117861951	175.93640258299604	-93.3713910311521	-93.23550712553318	-100.85458093477787	-101.27971347146239
13.18358422939068	24.175380522669276	-13.89348371082898	34.81699810803671	43.70390701454251	-138.08281925457817	93.4010759339282	-66.68472893308024	293.3613067256102	-7.960838829166697	171.6001070191668	-83.9639197936815	-79.3715611799263	-198.95650455583836	-156.4956536931626	-344.1792833345111	-112.77671352817062	-15.772073443897474	153.9081437588902	-106.51378818636734	176.78289338710164	-92.7431678568257	-92.81579111692227	-101.0705897033227	-101.19961540487192
13.223655913978495	23.867704460369485	-13.638285808020838	35.63278278156723	44.35098482986757	-135.43324046779196	94.35363183223593	-66.86237657672739	293.7911154501021	-8.085816155322025	171.20209125044042	-83.27258835861156	-79.43799791355937	-197.07382365699465	-156.29033241903437	-341.4411880325179	-111.65869478481629	-14.659008220810774	153.99806739810185	-106.598280638075	177.33012587504788	-92.87009319453794	-92.22179785782981	-100.95122784653182	-101.02816830976455
13.263727598566309	22.514726342360156	-13.559838300574938	35.486323730816935	44.90485106582908	-132.56127413057484	94.9103320624363	-67.34692834613398	293.84133329318513	-7.897298556048263	171.75346279762357	-83.76158341379214	-79.55806257974737	-193.9466274810555	-156.3521911475899	-338.47612869131615	-110.99082020398444	-12.25055536796887	154.08479331878533	-106.8286942194368	177.04096848427395	-93.2683183880849	-92.0599827433401	-100.71158665705387	-100.29601333356354
13.303799283154122	20.621390672182578	-13.683349923746782	35.01581573168429	45.82253966337547	-129.9508242028405	95.46574769999576	-67.1299132185406	293.883427391695	-8.283488473792417	172.46434448106476	-83.96533020893463	-79.9276014983433	-190.88054427577168	-156.54008958739615	-335.8472629098041	-110.42889634635227	-9.214691717778269	154.10249681818175	-105.76821011910245	176.78975551036427	-93.0268795490321	-92.0111215966556	-100.5965725291268	-99.55634131815991
13.343870967741935	19.63771448982904	-13.99969558495974	35.56330454803732	46.75290803767386	-127.97992059454546	96.39267984142978	-66.06852963489904	294.5032086428806	-8.984184416011523	172.02864183860723	-82.22414677103022	-80.32331682938839	-189.6466682128915	-156.3862292271425	-333.9399718065734	-109.56955285848494	-7.4891530157455275	154.03993065580346	-103.56457052053328	177.44286072568553	-92.0275415584292	-91.4589790451967	-100.48629136325995	-99.5184648599938
13.383942652329749	19.90603536903002	-14.186787078645901	36.70247976937783	47.2123933065244	-127.06677374391704	97.22783726827923	-65.29318610785114	295.18583598785415	-9.10416114053437	171.00586106650866	-80.00549184476343	-80.4568701951231	-189.7083705267998	-155.9015802063994	-333.0467091145543	-108.75272256156747	-7.17151253276524	154.02025125921713	-102.5978169805869	178.46204788470797	-91.2729367122072	-90.79476691996713	-100.38916217217907	-99.76189673589373
13.424014336917564	20.10682696028232	-13.896275834760916	37.18313052661949	47.47082788477077	-127.1353783445381	97.51495822125679	-65.3747870701367	295.22017717489825	-8.561228481003605	170.72470829460175	-79.04938783544861	-80.21551798629518	-189.33258109879466	-155.5218666472994	-333.0056613494255	-108.35535263866471	-6.455882397964638	154.1297386775814	-103.9353654285744	178.87546952406427	-91.24494187392045	-90.65021397766289	-100.53815378939608	-99.39851778634547
13.464086021505377	19.071397914936135	-13.575617888876026	37.05107497215482	47.91248017935988	-127.32754464168627	97.70116863295459	-65.31175745377655	294.94200819812266	-8.645935335358073	171.37477273903508	-79.0728553294286	-79.73386553981969	-188.67713163825442	-155.46033020285176	-333.03633910407103	-108.00677918271379	-4.9848317002560485	154.29115200974064	-105.33194650923409	179.1268726420432	-91.02054873521054	-90.76579386049553	-100.77995104531888	-98.55662412868362
13.50415770609319	17.43212568157516	-13.701504566722386	37.12968736250366	48.50364237425295	-126.94655347042678	98.30646484419466	-64.50643909028027	294.9696630026159	-10.118630589044164	172.05021957766235	-79.35754839034003	-79.44350956407366	-188.7329498175323	-155.48405211500636	-332.45971790958095	-107.20423980502827	-3.641957770081935	154.48679019596818	-105.39916577624267	180.24890761833436	-90.02131798488574	-90.54055352698194	-100.83502768191359	-98.06391533019614
13.544229390681004	16.673691463826557	-13.822379316968796	37.29389980919074	49.001442424095	-126.15430733708229	98.87950572821464	-63.76436105655344	295.2158776913798	-11.704469089455307	172.17334743822977	-79.44843967391746	-79.54524650475905	-188.66587199871964	-155.349723596427	-331.412796048174	-106.38222158182383	-2.383124882217692	154.74163397677273	-106.27745254413198	181.97694678085742	-89.02384730428817	-90.04647702616269	-100.74705887207631	-97.82566350364526
13.584301075268817	16.924595223498986	-13.700856516373799	37.08913775448716	49.351232674032154	-125.3133354404871	98.95553303183756	-63.55025402261553	295.3098352618356	-12.299212176276736	172.15267699602734	-79.29006809905438	-79.81155167992408	-187.61414989983814	-155.15484885517725	-330.3803996532502	-106.12745888223604	-1.0637018128510953	154.9332208983338	-108.2114790725711	183.5046005140763	-88.60765723108345	-89.77624607184947	-100.5692978550806	-97.19861466838613
13.62437275985663	16.942872975799645	-14.15701932178997	37.435297442139984	49.62937742820915	-124.1794417964283	99.14930518613059	-63.19769088765402	295.3938403939589	-12.41294205411958	172.37227606589923	-79.47757976908422	-80.13464012324867	-186.73534092260078	-154.98376007311631	-329.2820565158457	-105.94146327525493	-0.2909752171614701	154.89682263863676	-106.96373328910967	184.83348522497585	-88.26158638533842	-89.69461094366194	-100.28839468033605	-96.47045363994175
13.664444444444445	16.318700261656115	-15.362177413927885	38.92444853008009	49.73325214231632	-122.38930276778632	100.01003130871202	-62.154555577664794	295.98308408156885	-12.711227542798147	172.46382690364342	-80.66846213202817	-80.43240813841082	-186.6668839023954	-154.67977904774324	-327.76508134331505	-105.26833399421591	-0.19457162791531024	154.62233599110544	-101.17390655347724	186.27263682653341	-87.4526671613485	-89.27638737134062	-99.95567091091473	-96.22757230576998
13.704516129032259	15.941132473272592	-16.23576218185478	39.94370917810586	49.818232513300785	-120.92602274986913	100.90149707198321	-60.98382049803756	296.9611043656796	-13.063811330048516	172.30467548767274	-82.35173960601034	-80.62614066938434	-186.39185891877477	-154.43842727088924	-326.45422154452456	-104.65376924849862	-0.2823092552601736	154.47425364559288	-96.99220375516465	187.68007989496547	-86.52707570357747	-88.59952952027987	-99.58373375917493	-96.28156607995052
13.744587813620072	16.06391444596864	-16.319074939725027	39.508965456044976	50.20419509170123	-121.27912876753939	101.16495663131693	-60.58361461927757	297.4507604247624	-13.409577753770845	172.44962957057243	-83.05161187157996	-80.76082520096226	-185.90591911718823	-154.5021811319258	-326.39972855932984	-104.53181107811788	-0.38361651633707616	154.89137326061964	-100.07092211045553	188.56604579490738	-86.05299318232326	-88.35780725809283	-99.49795427149033	-96.2990289184337
13.784659498207885	15.177095668878595	-16.143511133388706	38.84595418640137	50.6622171086493	-122.61851854406567	101.07978134097604	-60.82941530047128	297.22147673525603	-14.189432133104342	172.52971357679075	-83.17895091644704	-80.6846843397709	-185.92836739191387	-154.5217508544448	-327.0766887156471	-104.33233439170824	-0.5388983039783519	155.53272518364867	-106.2046005818661	188.85288459872498	-85.86458745873453	-88.37542102676618	-100.05790471458316	-96.34970276921017
13.824731182795698	12.225982385941997	-16.049187137495327	38.52799556965448	50.972370649662935	-122.93367832760406	101.01561460498489	-60.97086723484655	297.05672277204513	-15.131827689535184	171.64959530593478	-84.38363752316282	-80.53055565359756	-185.6989248590673	-154.46206685893242	-327.13180770835004	-103.77360737555777	-0.66012258517285	155.72858929800748	-107.66099560613286	189.04715085627956	-85.5371529553649	-87.84847318374166	-100.66326920132268	-96.47352052577062
13.864802867383514	9.011356721912458	-16.048038537874497	38.229238883930805	51.348729712212815	-122.27507694329192	100.9401773062574	-60.80304981829998	297.2685375200822	-15.445527565929442	170.58749540763435	-85.86232032400612	-80.71856554047552	-184.75160196214236	-154.66735431312136	-326.5324520982151	-103.34025071871069	-0.6831060256473718	155.76412459248678	-105.13510111571958	189.48017997190226	-85.07246321192994	-87.02090529949899	-100.51667968981991	-96.43956035034697
13.904874551971327	7.590911947058804	-16.128812302473726	38.456312807950795	51.787031696434795	-121.82620414956142	100.78738758449245	-60.702583384040075	297.30090667673267	-15.161561039358382	170.71466030807323	-86.32266149237708	-81.06914172397373	-184.21108958770998	-154.9229116460538	-325.98891516691344	-103.2012780106722	-0.6142887902862526	156.2712057652445	-104.10133554270968	190.25634124755487	-84.68922942014846	-86.64981995566625	-99.85096370756153	-95.94094043753378
13.94494623655914	7.369684274032453	-16.164397364754212	39.23792501233257	51.97053808758516	-121.73438505126595	100.59455667180649	-60.79170271503843	297.02473087502455	-14.824836426453912	171.69804117333425	-86.5818009560658	-81.10648651467727	-184.44086781348304	-154.93142932446872	-325.59374526803543	-103.1463428091907	-0.4726491890783504	156.83585686129726	-104.22076000953733	191.64718449058236	-84.43322749093393	-86.69115285710647	-99.25927427874271	-95.10989004221067
13.985017921146953	7.03623705943218	-16.073637641992548	39.65050585296968	51.8051900861409	-121.56245263651167	100.45928499715069	-60.69676543760359	296.96226295273163	-14.61052973325192	172.11570690764535	-87.26669745843223	-80.82174416923206	-184.5623380432737	-154.80350233210575	-325.1388507080971	-103.1232475766975	-0.45971735022243676	156.79065862689578	-100.69114700358968	193.78570604846786	-84.11263258527462	-86.75042544812612	-98.72778387503332	-94.66712765679823
14.025089605734767	6.797499864268913	-15.946672058369872	39.65878603943839	51.56134853842524	-121.33699108677568	100.36661981437777	-60.42206759996259	296.9822812920941	-14.01900830321536	171.65479226905035	-87.79800259629154	-80.63872710948392	-184.52555051542856	-154.68595197605478	-324.83081211566326	-103.13193633628403	-0.773087245803779	156.52214365400658	-95.38481741866264	196.05286612387007	-83.92375647164981	-86.74324858789967	-97.9392127821705	-94.82108742350134
14.06516129032258	7.299036138915355	-15.616962559078079	39.92130834074984	51.47132681244709	-121.44072442529281	100.16475435190206	-60.40656183961015	296.35000029408786	-12.770026135263054	171.49847485618048	-87.71294657837366	-80.6333834913328	-185.01165008114754	-154.63158515086087	-325.0637826349193	-103.13933152343716	-0.9965779944503756	156.63519141216972	-94.99336105267271	197.38795186203237	-84.31801943874076	-86.73603522083835	-97.05897134828146	-94.84481203147944
14.105232974910395	7.638538149977752	-15.177265269565057	40.07759887626304	51.48333886874659	-121.87122488136478	99.85131456314684	-60.58084691430206	295.4827384038471	-11.978064971863752	172.0934592689723	-87.18976870939862	-80.51438150843005	-185.2991979253949	-154.62061983832686	-325.4948460571423	-103.1342786270124	-0.6408957176626431	157.00463515078326	-95.14458026317317	197.65253070808785	-84.66456064798932	-86.7373092624822	-96.65049228626704	-94.50363927113382
14.145304659498208	6.699636798626405	-15.560751912954341	39.35822532321825	51.48738933091762	-122.19732514337184	99.61810678300695	-60.51375541804511	295.3774207109007	-12.533840165821914	172.4845714151688	-86.92483522545284	-80.70512635038592	-184.3046501640342	-154.59941891776813	-325.4121673098203	-103.11482194597703	-0.19021267517624763	157.26368425867489	-87.52147454031542	197.86737692353225	-84.04061038719216	-86.72477864109104	-96.72867731997331	-94.26466366439958
14.185376344086022	5.623549397785563	-16.853530797515972	38.411721945573554	51.513386228810674	-122.25249084807015	99.63201610892725	-60.212257054315884	295.67566673900535	-13.305897392355678	172.35230979697178	-87.14655340918051	-81.56828822417584	-183.30277155542365	-154.64219425229896	-325.16596848847297	-103.13041557903509	-0.44026049154766556	157.24342106819472	-78.30385523410408	198.50181075693501	-83.12932894199675	-86.7323076638053	-96.38317504712514	-94.1477863499702
14.225448028673835	5.869680756508759	-17.782343616924784	38.48240776303086	51.59812301695145	-122.1699989608973	99.81996340473684	-60.07387796304376	295.78835656865084	-13.232013875844935	172.1449939779969	-87.19642378207259	-82.31306764819401	-183.90935321713567	-154.83968279134658	-325.42137914262895	-103.24503455090986	-1.10627613865209	157.01408600215714	-76.73643792681848	198.60683125628879	-83.04452185519	-86.7944907259335	-95.25160621147731	-94.17451499715459
14.265519713261648	6.793817255570329	-17.78108522591392	39.38524133284102	51.641539011945355	-122.00769169048678	100.00065102632172	-60.17852514348956	296.02572375418947	-13.049197978598208	171.91565409031193	-87.05958217321448	-82.4240848853061	-185.10501019919025	-154.970617402785	-325.6859609277935	-103.32557117050689	-1.1752268005735025	156.80773893310123	-80.1388917665883	197.70664824596952	-83.42961742712018	-86.82451223414247	-94.7538277757777	-94.58538132776494
14.305591397849463	7.234145913755085	-17.443435862304582	39.8483190875682	51.595558140461065	-121.84617627931839	100.19310614807355	-60.21447354438587	296.32778584848097	-13.325652324378732	171.8784488731691	-87.19052568717377	-82.3327600169875	-185.14819959515341	-154.75904973553173	-325.40285174877584	-103.13890007683334	-0.7241989208243855	156.75255684747782	-82.28169469203486	196.93082514691167	-83.43920753373006	-86.76846466328716	-95.76231925574544	-94.88185571922186
14.345663082437277	7.222670219580168	-17.290041979261645	39.37715085657993	51.59842990870113	-121.79168681518686	100.41807774703284	-60.196052210152814	296.2388444754722	-13.151232051646788	172.44103056469473	-87.22519503361403	-82.33551735525522	-184.43965483894962	-154.3956767918465	-325.03916943250425	-102.80611685734087	-0.9451764408470122	156.77665247827048	-82.30076794925424	196.83455566274998	-83.45783880132605	-86.8097759759536	-96.86011369731118	-94.59637399795349
14.38573476702509	7.266211430833705	-17.271121316800738	38.744228838662416	51.74097990576472	-121.88446187176774	100.56653881419868	-60.24574719044658	296.0602177940391	-12.265953295826831	173.2224230264877	-86.9936741504429	-82.36069243567876	-184.53106209209858	-154.248503332622	-325.1459807910614	-102.65428102141588	-1.7938375461743425	156.7458929831599	-82.08151266740764	196.45689742131802	-84.08066349225699	-87.04669680101242	-96.99579693721255	-94.20410791279258
14.425806451612903	7.375722793954864	-17.339724796330053	38.57747265600438	51.84181964300668	-122.07518521070217	100.74253916270666	-60.00375845071177	296.2821329611006	-12.194008525155764	173.64095421909275	-86.74941149814241	-82.36511104816645	-185.20114737886774	-154.30384522713166	-325.5705162337582	-102.67579054495263	-1.5312200253249038	156.58203570093298	-81.97653410571809	195.46298828587413	-84.39031256271076	-87.2310400425683	-96.85345345704631	-94.0528609429527
14.465878136200716	7.496323652883777	-17.68202779997603	38.66213891653283	51.6913159532002	-122.14480654634447	101.0245690500281	-59.492190950615964	296.537936264726	-13.282815774527556	173.84650752750326	-86.42877223777374	-82.36400193835588	-185.09402156002685	-154.32310240028647	-325.804025007598	-102.69663456057249	0.12860882583720468	156.36385162172914	-81.33207920309042	194.79688978343	-83.70468324141085	-87.27826972525513	-96.98016012608471	-93.8705907093061
14.50594982078853	7.97536567407769	-18.041596208491626	38.8866529084789	51.53618237020996	-122.05502178420353	100.89306369591776	-59.40295320392951	296.34187642540826	-13.797568324733923	174.02854235438278	-86.23221815255131	-82.3467743683559	-184.69826202612262	-154.29249730910482	-325.77202918944886	-102.78484209814067	0.5786259538826721	156.29888970939436	-82.41391537651684	194.94794586141043	-83.13500197569402	-87.40627691560395	-97.13783343137116	-93.64447857588115
14.546021505376345	8.956303676824428	-18.069082317511867	39.13877079702802	51.79788999303246	-121.99968017626689	100.21183351159817	-59.71070876062899	295.96552753625076	-13.321904252410818	174.01187054181918	-86.07884939989752	-82.32184496638364	-184.99982476082937	-154.33650482471333	-325.8909226740612	-102.93340621976837	-1.568336281035871	156.33557703081632	-88.11766806785822	195.32424472510036	-83.37099649867251	-87.67129333343917	-97.14699987905027	-93.6548622459067
14.586093189964158	9.944931384987935	-18.04233614237399	38.89681058061956	52.364624051253585	-121.9201534816065	100.2389165646257	-59.712797881594106	295.80664771602846	-13.15881452145205	173.91543448608599	-85.11630608908261	-82.35273735979926	-184.96486367712856	-154.38959511398312	-326.10164245109576	-102.67639597011495	-3.945949683828322	156.20713798287636	-93.29302900100417	195.39547930769825	-83.71875346075066	-87.97606633485887	-97.13796582443602	-93.75698135706024
14.626164874551971	10.243064265909277	-18.123735452184352	38.500490715182536	52.789193787327086	-121.55595452787345	101.53565902574877	-59.40786890392724	295.8813231072623	-13.647349333424103	173.91027199836194	-83.6562772132111	-82.34518207436986	-183.8357304517366	-154.3312492321721	-325.78088771872336	-101.86475368945953	-4.444129287560788	156.01287146672962	-91.30482047124532	195.3878826538121	-83.75497987865283	-88.1098209199707	-97.22442527429239	-93.75737900618277
14.666236559139785	9.681765619268495	-17.7103931805541	38.772339315453415	52.976727859864475	-120.84916414101998	102.66864140965762	-59.30215685093309	296.07205845469184	-13.980776146489436	173.8106805107692	-83.11550139807215	-81.9957235023361	-182.8353271560309	-154.2498442490924	-324.8647964481038	-101.31915629121602	-3.8055945115373233	155.99826581303634	-88.17917929673163	195.7110652142182	-83.70265113295766	-87.93171888709885	-97.24545211382349	-93.86141909270394
14.706308243727598	8.905677860331117	-16.511760508644883	39.323432560993865	53.210220925822895	-120.17242853825273	102.7881948864663	-59.47789445792709	296.18900469161304	-13.71418711443289	173.80459425677623	-83.46465074076745	-81.34038388597256	-182.75814575806984	-154.32803884274142	-324.0523065409941	-101.55189427392324	-3.279941565662322	156.0872662355983	-92.13331572023803	196.20473900052255	-83.71478988821615	-87.7231829543973	-96.95347735737413	-93.90745190874692
14.746379928315413	8.60755326915723	-15.559750509979029	39.545246243557855	53.55688698230638	-119.85317701504255	102.62046443516127	-59.67291284220059	296.19096367735074	-13.208552469386145	174.2823225227505	-83.81543692577716	-80.85818275514475	-182.98763895872838	-154.5596038999987	-323.67738421213784	-101.78977437707944	-2.925275306703655	156.1546840657259	-97.66255411166911	196.45090462305927	-83.68080905454175	-87.65397720127952	-96.50242604956235	-93.41495221997964
14.786451612903226	8.684201226549261	-15.627718491773766	39.65824133358296	53.79632964246675	-119.67418568830979	102.65839013942167	-59.69640054185956	296.3120618407563	-13.000642139418359	174.87757135571775	-84.12775167699644	-80.73421857890615	-182.98790243303165	-154.6845809828649	-323.37018328790487	-101.30613078633955	-1.8699407542912732	156.2337785977003	-97.28832299657971	196.53348172617035	-83.43098126188784	-87.45425541376564	-96.26178138590193	-92.57962381346707
14.82652329749104	8.595196274567321	-15.9637469378481	39.76408162828769	54.09572197998792	-119.56617125407854	102.73430323141736	-59.564532502634265	296.4946988377553	-13.088126638331604	174.96725633714468	-84.19730451004008	-80.92400365997578	-182.83084922597604	-154.57484529141533	-323.06455105948186	-100.52930751581673	0.6879367481364298	156.52387967985058	-94.9254404511903	196.49935901417572	-83.07098323719426	-86.98140337010044	-96.14425991424393	-92.00987967033602
14.866594982078853	8.24340851482073	-16.030386522462692	39.74995574430158	54.809642290800554	-119.84875870647278	102.73991950074425	-59.49337450585927	296.47289976080975	-13.127466413030067	174.47815180334078	-83.62585165311876	-81.5080175082922	-182.76795923641654	-154.51397896246985	-323.04335473843776	-100.11009307929929	3.7940626448495456	157.2342324519707	-95.43289015987241	196.13741819318355	-82.82942587272095	-86.29264207013034	-95.84677754639536	-91.82751732956153
14.906666666666666	7.807735661234579	-16.020842360931617	39.92093861599463	55.546210374610865	-120.25052784775295	102.73356653694776	-59.59496123140944	296.5084971517666	-13.110446937641433	174.03315835891112	-83.40280387659338	-81.82749937855068	-182.7887186911724	-154.6914057549809	-322.9205775154967	-99.92224846824529	5.472795607080329	157.9914891305405	-96.84349349751149	196.28445544913987	-82.52752002073784	-85.50043246902307	-95.42157087012106	-91.45756976494836
14.94673835125448	6.944217450138458	-15.582762139200828	40.568534713180824	55.67984912532347	-119.91478743425778	102.76565948905551	-59.63230351465877	296.9566499406951	-12.981055874907977	174.4570587365261	-84.63633179435867	-80.87188823766132	-182.51028986355283	-154.82760848688565	-321.9709446365337	-99.59349001530042	5.542798735510489	158.18741543655221	-96.46340310914708	197.87965030463525	-81.9206714284497	-84.85739353338498	-94.81076775992847	-90.31224190061589
14.986810035842295	5.608734341474588	-14.811783182489961	41.26112956781949	55.59862180924125	-118.83023602440005	102.68572098093722	-59.49943153876719	297.4627206953445	-12.324820003669835	175.46192763086074	-86.14785130540939	-79.51975339470154	-181.81906905468884	-154.72527748440996	-320.5654273050925	-99.16655448109401	5.292338038210026	158.21602373813403	-94.92706648329107	199.9070252454882	-81.31467258996192	-84.31937820100448	-93.64343272676153	-88.88238470542706
15.026881720430108	4.613674838406017	-14.77922287213677	41.17276649284103	56.0604398215534	-118.18574684724183	102.17705669601108	-59.54283933430327	297.48817386945416	-11.385216187433809	175.97078470804442	-86.479169912535	-79.62763902523727	-181.2228347871158	-154.642534989697	-320.0762548723073	-98.79495706955022	5.379898383047882	158.93000019626467	-94.80259368409956	201.05772401814107	-81.05416831405455	-83.57256836785706	-92.18316815736014	-88.12493422200572
15.066953405017921	4.204655963026227	-15.096277261139772	40.392639913720956	56.805162822162856	-118.683059691242	101.52522435366069	-59.932778526880774	297.23563051468943	-10.762809750842175	175.92615902232814	-86.33912108457346	-80.40561981999052	-181.00861058146768	-154.82223009003522	-320.6121670118566	-98.49473523788164	5.545909277300623	159.96802758855432	-94.81907744136899	201.82582019568295	-80.92217741535586	-82.80328526982433	-91.09750846508656	-87.73670712503798
15.107025089605735	3.8618551866682713	-14.314612871502806	41.20834218835033	57.25833639654459	-119.4529559848882	101.54778132892218	-60.34323237916245	297.3092047616188	-10.04996881449471	176.03723837333743	-86.52736554316796	-79.73910043828832	-180.7078602273213	-155.1121189947391	-319.38339433543376	-98.16395127533033	4.9740751390299245	160.35778165563292	-90.67291919293758	203.13909083285137	-80.40880263714531	-82.38963485486249	-90.17474426027137	-86.87135281764898
15.147096774193548	3.2134558079633004	-13.337156147146873	45.645701051635946	57.66821949480199	-118.57014803977904	102.15749786612204	-60.29040607791035	297.61221828868764	-8.90453612993793	176.315071192622	-86.71705237511149	-78.62700964852432	-179.95021081695398	-155.27475585567396	-314.3773565239502	-97.62348702304337	3.129450487486811	160.2085469346531	-85.55365351294967	204.59675250073875	-79.3173057482456	-82.16315040239287	-89.0419966676018	-85.87787717376047
15.187168458781363	2.54375352609005	-13.760219020430549	44.28299191007996	58.36544551780065	-114.82876007686507	102.53426333107573	-59.55735183062921	297.54366425468936	-8.156372137556271	176.44420440907143	-86.566335256247	-79.0596002716699	-179.0751766727493	-155.35408683535152	-315.5656280970178	-96.93635595573414	1.3494336988762774	160.19903279315332	-86.26416261575346	205.55237852817385	-79.52579992058385	-81.92225917272779	-88.1386609343805	-85.41336662148525
15.227240143369176	2.422369337984814	-14.045000339686041	19.650599011477425	59.18475922925529	-116.32949039504575	102.77055227828708	-59.98384213487812	297.32195403424555	-7.1772123960415435	176.63878584526674	-86.03710142505246	-79.52079732878123	-178.49515741131947	-155.48104691990298	-339.9034298301185	-96.2894744009642	1.6505769058995492	160.38449308576693	-89.18018331913107	206.76113528540236	-84.28797129013516	-81.74401303543216	-87.71614417223165	-85.07595188822752
15.26731182795699	2.5705859386632817	-12.448824513618383	-20.321597023944978	60.02274994208074	-138.06276971583753	103.45566809457227	-64.89271671394066	297.79194446387766	-3.1308181958806074	176.90010649902027	-85.52701074035782	-78.11505094105596	-178.15875771368218	-155.64543417642358	-378.7973422355904	-95.63129997708975	2.7794606132544395	160.54325763095085	-88.5334917230367	208.92005078107647	-91.9517790156488	-81.33625396201823	-87.70786252024456	-84.3055814946136
15.307383512544803	2.4841593802416093	-10.587575434637797	-44.21215323154546	60.722524779048726	-174.53153957570234	104.17798949339642	-72.72436859888117	298.8098634189961	3.977524409482857	176.8412031442796	-85.39843127898266	-76.385386922026	-177.8758224740677	-155.79837813349718	-401.8468465847367	-95.07793227333296	2.2522416777921848	160.73835897771568	-87.9044980305526	210.92296288431166	-96.7750351383179	-80.43431229057956	-88.16064428903907	-83.64126731739613
15.347455197132616	2.2897009996120463	-10.155281660073554	-44.90590127022588	60.98927080654357	-207.53431264020168	104.27702784020443	-77.59884887275052	299.3947386931489	10.045108448164418	176.60344652229705	-85.46124175551877	-76.03148353387165	-177.57597181879248	-155.9491601284407	-402.9438245287385	-94.95811137795728	1.7805639135126072	161.03388305777733	-89.1776102604606	211.6178173096626	-97.92858183901059	-79.5948093852601	-88.68941745520685	-83.84889488632659
15.38752688172043	2.163771175051246	-10.411627778480396	-41.8336150568897	61.050293773864105	-247.4990509970122	104.06602230880561	-78.79137870035223	299.34448316570433	12.248501800532424	176.44890816436407	-85.50330823847236	-76.37616758331744	-177.37694266024212	-156.0956847078319	-400.7670121629051	-95.04315201286435	3.582128635991435	161.24885541633734	-89.25223862504534	211.50877644343873	-98.56554344869419	-79.35909929601947	-88.93490544374426	-84.19686689535132
15.427598566308244	2.4572097335244223	-10.579736397631457	-44.23149073396957	61.34775685098596	-309.68945121640036	104.16218941717062	-79.78959111391637	299.2006636521991	11.845547859018996	176.3383575604738	-85.48628884470476	-76.58495857312046	-177.72418895265238	-156.10894046313743	-403.52603920462843	-94.76315547570196	5.869393251307677	161.28033081730086	-88.6974493861954	211.60263352949676	-99.41542468085262	-79.47667970303223	-88.81385051866886	-83.52202594644137
15.467670250896058	3.1984893661097438	-10.90402574449612	-40.2299936088117	61.832700746036735	-361.69218363278054	104.47425884118134	-79.44392955782743	299.0658105354057	10.360385806309797	176.50905692914594	-85.34972760103305	-76.89153811393615	-178.59853433668957	-155.9706369194344	-399.2860026253786	-94.1493878090914	6.735417116272425	161.3820440146339	-89.6523364960793	212.24066788462733	-98.21929252286199	-79.54890993437266	-87.94622782869894	-82.4982219444619
15.507741935483871	3.1548869384639833	-11.252935504478646	-21.47399052913392	62.15155640286829	-366.5687475227882	104.46130993078219	-75.28768150076147	298.80122122557447	5.713942753625858	176.99185389461883	-85.34175289694417	-77.29426516060433	-178.98632436509868	-155.85801006207157	-380.0395799576518	-93.70101001690617	5.927508361147898	161.7903475539532	-92.22307925553311	213.1935427749985	-93.75514844415918	-79.41579199515468	-86.54166195459659	-82.406858223046
15.547813620071684	1.560570998140601	-11.239132703511077	-4.28470960653963	62.15044884469553	-347.52431016677536	104.24167337414494	-71.05401951380281	298.8294777892752	-1.989276538161282	177.30762753539773	-86.14220148481866	-77.26335154125412	-178.26294127607696	-155.8121636209646	-362.4403569620775	-93.59350677369416	4.1083838056536734	162.1703123819754	-94.01961525272283	214.03865321412854	-89.63058151797496	-79.00025363385762	-85.62433056703028	-82.81914682989381
15.587885304659498	-0.4297143418490654	-11.149443487858058	4.769625112241321	62.14991361730457	-333.7329912560477	104.40829446741748	-68.65313816410357	299.39515029187237	-7.049553359534716	177.38585955010157	-87.60974635513016	-77.00482227436082	-177.0735764350168	-155.77112458060247	-352.91168032302716	-93.56529947504181	3.1139854172870427	162.11032086516545	-91.80685225869804	214.39461515496447	-87.20830057479155	-78.49109304538088	-85.4744662376919	-82.59899657350391
15.627956989247313	-1.4722434765202346	-11.236945500593485	21.68311249403876	62.51359093791372	-315.6882635766302	104.76214772342325	-64.34490179256716	299.89161623455436	-7.439237439787732	177.37301511353442	-87.59938073427232	-77.11637606484437	-176.31440263690382	-155.73140320921013	-335.18680127259216	-93.35209612975171	1.049343402041132	161.86541431436737	-88.78876959950429	214.17991241302303	-82.77903554203799	-78.2479060039831	-85.58435502955885	-81.88656310660939
15.668028673835126	-1.5706963109685912	-11.31825134437645	41.70660819748259	63.0318898025227	-296.7058403965484	104.69312930425335	-59.72779958971067	299.9165190046823	-6.899446197059852	176.95961316102637	-84.90733809185484	-77.48178551541419	-176.13090138790747	-155.74129245369002	-314.67544818141465	-92.99018404368441	-5.210631392569098	161.85310043462272	-91.63216331959705	213.9323120121864	-77.66899445577506	-78.24612650083178	-85.72966637229	-81.66749259893918
15.70810035842294	-1.4245274382420223	-11.426791857434456	49.31751853639996	63.29963919856428	-292.74545642122746	104.41872153404339	-58.877361451595526	299.89999114143984	-7.261077593102324	176.1319814408073	-83.16425298089769	-77.7803306671846	-176.10796925939636	-155.89697901992162	-307.3336548409505	-92.76365630261753	-10.007405520694105	162.05317501697067	-97.56087068308432	214.15236298172601	-75.78329880012559	-78.14296813970657	-85.75780550052345	-81.99577612427946
15.748172043010753	-1.4869042819715774	-11.310326706724563	41.534665213005184	63.3396668001226	-298.54168141400913	104.55927076830905	-59.46216292758323	300.30222288901325	-7.80482352857697	175.70378368317552	-85.48145756420082	-77.64941834635827	-176.17220849353652	-156.15221583891628	-315.5258003654188	-92.81214119934761	-9.351694909878884	162.1693743393734	-98.41721890116109	214.36615165685714	-77.61141786185695	-77.96648596693625	-85.25658518645984	-81.8348311440351
15.788243727598566	-1.6774322256218106	-10.441028026067851	21.243044780952516	63.34836891275282	-299.55690740002063	105.02163948998846	-58.38453833735076	300.83748837169725	-8.270320981143216	176.08151233199277	-87.48408222989737	-76.68731215353586	-176.7337296612012	-156.2686197811866	-336.13088901396344	-92.95246447578393	-11.126962096959096	162.02497764090495	-94.93296459078049	213.86420087200483	-82.30128711835157	-78.03552334778988	-84.47149783632518	-81.06607237546466
15.828315412186381	-1.2104426915412352	-9.472438523969526	4.983747269240169	63.3652057252362	-283.09826848724026	105.30873563991966	-58.58753388903504	300.90385347357744	-7.25179463749189	176.51710200760192	-84.68145922002206	-75.61589007564497	-177.713233897639	-156.18954459299428	-352.7263755231829	-93.00599214889203	-17.081937798248468	161.7570429423212	-93.43407216470492	213.05998313073013	-86.19060544140446	-78.26034978824538	-84.90826770706578	-80.8880753301333
15.868387096774194	0.6234105605000786	-9.371208966474208	-4.340893634140195	63.421677468434964	-250.08869044165704	105.33786173403533	-65.25445004298423	300.57856494049577	-2.31491754286837	176.57942469315327	-81.43585820726587	-75.51790426101998	-178.47121287583116	-156.12604840383057	-362.3329447295987	-92.9942960323645	-16.76917928208555	161.55290562131276	-94.69211433025669	212.8748832356467	-88.4664212037046	-78.31369451339758	-87.49985047308733	-81.42532246171226
15.908458781362008	2.5590438469258534	-9.661988439518831	-25.980214025342182	63.5197796474222	-214.52398374912693	105.30550110215292	-74.33220532214287	300.2199377466243	3.67373406600678	176.96098057952003	-83.00544702736006	-75.98577233659346	-178.61527558809223	-156.16804986667134	-384.43287078929035	-92.98697786653183	-9.092481959119098	161.49470676931293	-94.66720447248376	213.08598417828182	-93.33778725508544	-78.31097450891961	-90.01577066890471	-81.46945804115276
15.94853046594982	2.271455209563542	-9.676647832678832	-44.104349216939156	63.49958270854542	-176.43056456210667	105.30272147850442	-74.51352949437056	299.8052526169802	3.803766143052342	177.76170168098326	-85.62924850595385	-76.16150677575796	-178.18808390263968	-156.16241518962798	-403.0278034791354	-92.99249808968996	-5.229020812269223	161.59100576985003	-92.49216704739756	212.9430362675225	-97.48695179625686	-78.56202488436732	-89.17225022774029	-80.83816370273017
15.988602150537634	0.20948584533992498	-9.713608061681779	-23.754493882091516	63.3044607299115	-135.6541867243501	105.30405822810489	-66.13155838332509	299.6299800160436	-1.2875368493715167	177.76714557937333	-84.21169749568479	-76.11838226806105	-177.7585081481858	-155.97938057227026	-382.3839282679397	-92.97978929440049	-7.6716849731515815	161.70621921001907	-92.68811187665757	212.61916678345293	-93.36241821673472	-78.71946848968133	-85.84774150314135	-80.50485196595228
16.02867383512545	-1.0339633746881327	-10.206790198032175	20.192780535508376	63.141023256618176	-112.98776608995536	105.27608703152202	-60.20691185975933	300.00039647428855	-4.864348846229939	176.9422727165914	-82.43560190065914	-76.13231208743453	-177.6538867923945	-155.8092222805467	-337.3292205199031	-92.94834355302417	-8.334047521310112	161.72796055663002	-95.76339257067552	212.53778555387873	-83.98983341609619	-78.35672654028006	-83.70682399366693	-80.66931502689947
16.06874551971326	-0.9806694454226044	-10.962492910123869	45.52145903908107	63.12260412371798	-115.65301079043138	105.2318304776632	-59.620135770164126	300.2768140016123	-5.9270207181456716	176.96101307331801	-84.96268110964515	-76.1415587295218	-177.31133527048948	-155.9868801101642	-310.74558994199043	-92.96639681341831	-5.514949196797849	161.70424647178277	-95.16577647751967	212.5560410762535	-77.98864095584486	-78.05380984354981	-83.67704775923858	-80.65256273368014
16.108817204301076	-0.8990415250699604	-11.214985177193139	46.96783409148841	63.14345399988028	-118.56509739116417	105.19413871892641	-59.59420647316496	299.8224557924242	-6.979308441659472	177.81980102056332	-87.44111112856963	-76.47684238844293	-176.77478390668043	-156.30010226759646	-309.4693257775962	-93.02177989286294	-5.2158856044173465	161.70671657491516	-90.78664003998861	212.50048963360058	-76.83035485215309	-78.34214853724022	-84.28228565744108	-80.53362852965589
16.148888888888887	-0.9956950300487635	-10.880503827585365	46.9897504294042	63.138463032742436	-96.07458807803852	105.23748930595545	-58.55575912096635	298.9861303288193	-6.346131248269134	177.98801493957393	-84.87068427487857	-77.60957787418897	-176.9384278090334	-156.1787234332796	-312.94337288205446	-92.91463108454657	-8.626922169192417	161.7459018777171	-90.14651044388496	212.64631152287683	-76.88766093028057	-78.82528067933616	-84.66362508651126	-80.90725623508798
16.188960573476702	-0.8979109958134571	-10.925009966945394	45.24277695278133	63.145420380225204	-50.88557071836202	105.54319436779505	-59.19917371231253	298.7871354167279	-2.7339286588387277	177.59017045549717	-81.64970737583276	-78.58243898531235	-177.61762143402353	-155.75729830960665	-314.08783019996696	-92.56743802892868	-10.055117535459653	161.71708095858594	-93.37602761935644	213.3155564318485	-78.07724733555509	-79.02223077219739	-84.63489470609636	-81.26133667813974
16.229032258064517	-0.923749671310592	-11.595504798449607	20.449020601820514	63.22132011998887	-2.1438354623507863	106.00585318257613	-64.81414931472153	299.5748816726952	-0.6051498277634957	177.5779866661809	-83.31491756548321	-78.39503125918807	-177.64078654834668	-155.72776370314216	-318.05912157102983	-92.30823765464534	-5.789118033948723	161.51968334804127	-94.56394365449296	214.1493582732811	-83.52855421164917	-78.85905634058923	-84.0014472137227	-80.86970916257496
16.26910394265233	-1.027200469145319	-11.994936093605473	-21.28415118222199	63.34702790309465	43.50446078838377	106.09437225311973	-73.51466931983317	299.9376816653738	-2.303973694635169	177.72752138873693	-86.92360546477265	-78.2948521615209	-176.9319755109467	-156.12929623334554	-316.4770538605251	-92.43923919761372	0.6626371182804172	161.475854152667	-93.6631173896826	214.49725175971895	-91.71272766140744	-78.80062055145886	-83.43411418018552	-80.50785808704087
16.309175627240144	-0.16061840980290445	-11.668844508421945	-47.04996463635172	63.38274075468564	91.10776011828742	105.7046240705416	-78.8780764632953	299.00663421632254	-2.5603583396781517	177.4607892046834	-87.66488027945425	-79.21826563830112	-176.68853753622253	-156.34398073498704	-289.71569436141016	-92.67925026817859	3.032121265826563	161.98904184089116	-93.86228279047165	214.37807708262727	-96.57958812911029	-79.0943175213591	-84.71475077222597	-81.05119261144519
16.349247311827956	1.6577833639715365	-10.88492602284628	-48.40769977332543	63.35860728695533	135.01241417730597	105.37646501837233	-79.30587920091563	298.5083188823917	1.3173846009116186	176.8381427264368	-86.27980722108263	-79.36325761595297	-177.39965308866417	-156.21098623153907	-245.7858908099958	-92.61025119543906	0.5999969090806598	162.60422526445493	-95.29334802480747	214.20452765369598	-96.82650559360306	-78.8522848667602	-87.99403963657231	-81.66753036956624
16.38931899641577	2.9248431734643585	-10.229881510189173	-43.508044700900506	63.538539552300975	158.22460686064	105.34812562052625	-78.50191658010846	299.71117864778904	4.797382644523549	176.26434873123918	-85.40620948105796	-77.92481118726444	-178.23258476540775	-156.03681827712134	-218.87597954987342	-92.3784238162642	-2.8541130612112613	162.6356650731102	-96.35275924034842	214.22558350457763	-96.1072454347897	-77.60100326975187	-90.89655220281472	-81.42777674585295
16.429390681003586	3.239366545934601	-11.050994868740615	-42.43795521832703	63.859377801034086	159.5692100086034	105.37237851662027	-78.41267594598634	301.0396914803169	5.061856091339955	176.10856866365447	-85.43797294576702	-77.19320136279671	-178.5084539271294	-155.89965055846548	-217.47693397357963	-92.28336219102485	-5.835608992091254	162.3565753548608	-95.7377188720075	214.6473212393308	-96.11185436301459	-76.61953629720642	-92.06048541603565	-80.90601233817428
16.469462365591397	3.4048631054903566	-13.301970157205382	-43.4875330575705	63.928728548053506	155.54350822436692	105.32807032609347	-78.57147516374272	300.93798174400166	4.1434009743773	176.23579118820038	-85.58271832506749	-77.63079620320313	-178.43781516377382	-155.77544173532345	-222.31252446966573	-92.24306566745739	-7.040600473946165	162.31757277160068	-95.50725106346285	215.4629568745247	-96.23930111928925	-76.95767922815874	-92.20517624850244	-80.83179768805364
16.509534050179212	3.522304617799876	-14.31982483737923	-44.01813347732003	63.764388139861005	154.97271240550768	105.35186535740401	-78.59850127631867	300.232435625487	4.004091730728074	176.17895787708383	-85.5839721742985	-77.60171830650113	-178.38092459443848	-155.71163327831695	-223.01500148987174	-92.17253539647406	-4.195987662742446	162.40789486918544	-98.12870138191526	216.22987683926496	-96.21665305309688	-77.67817456001343	-92.05561075159682	-81.02571697252881
16.549605734767024	3.273342528686488	-13.292375359583506	-43.45502927716781	63.73627996665847	156.18916534210473	105.55885777206547	-78.35241624282216	300.16657380199103	4.112079697413803	176.29741699030834	-85.67183816854212	-77.64800820267173	-178.38654644139214	-155.7042091440769	-221.68812177850532	-92.19007014057432	-0.6567921127107077	162.2821547534659	-99.44528324407908	216.48526068771827	-96.09866036810557	-77.68151711300777	-92.08550508665967	-80.88158960598963
16.58967741935484	3.0686354343734523	-12.018727882875776	-42.7892585839172	63.8150150351328	157.4452095974575	105.72169719748389	-77.83474371841564	300.44623809771645	3.5610153477665136	177.2146858996022	-85.7158289109155	-78.0395924044996	-178.39539287836988	-155.7277270530002	-220.5063784313533	-92.26594538253485	-3.363911966162392	161.9960302309412	-96.4326592935087	216.26684352873505	-95.84486780997445	-77.58809393674011	-92.19054546044285	-80.298432158142
16.629749103942654	3.6488250824195325	-11.13783210815376	-42.79735309189738	63.75921707926946	157.12426578000643	105.53207665406414	-77.77659483439277	300.40253604869565	3.644360324998953	178.15565806008743	-85.09963589760868	-77.52665955956446	-178.39229892620017	-155.75177731898287	-221.09420868898826	-92.24270072245709	-11.689902595815092	161.86123593628116	-93.46276624410977	216.0168076291258	-95.91653491167287	-78.10630006541062	-91.35833744030661	-80.11321155138783
16.669820788530465	4.759623811316978	-10.671677363345937	-43.20593015623649	63.67249139934919	152.37756769333308	105.26183854363313	-78.6796213334892	300.25061342800126	5.408775753974763	178.06678084178446	-83.90456977667932	-76.7877067761362	-178.38944519649687	-155.7747916114484	-226.64335240399257	-92.14468524812034	-17.599221469706297	161.9149985107823	-92.63843077557895	215.97045873943233	-96.76284362317055	-78.47007872268135	-90.12360230326352	-80.40175067077347
16.70989247311828	4.77347010285854	-10.968860436159963	-43.553883104584706	63.67181605009897	150.7217051810237	105.23411724007352	-79.48696927644778	300.3053692565418	5.849158330806723	177.45764641088593	-83.61869200368068	-77.13455522572036	-178.39348975283707	-155.86404925086651	-229.62828149062375	-92.10104343177257	-17.87388214202252	162.0064619641821	-91.04289998428435	216.0086992859451	-97.49196740436328	-78.02466627455361	-90.29229228883658	-80.0558246657009
16.749964157706092	2.9786364918562516	-11.507323529603404	-43.899395143537944	63.66521824513589	175.410926702423	105.26469635583241	-79.28541928308479	300.40986385116446	3.397184953391613	177.18856084986393	-84.95826701409607	-77.8567031050746	-178.39837773050354	-156.01169176416272	-201.94825179067283	-92.11152035034604	-16.342764409102937	162.12473828553487	-88.66443312880536	216.04119936279176	-97.23861329567582	-77.50529710450401	-91.07616038318568	-79.46241733635388
16.790035842293907	2.174563087247764	-11.589594218981704	-44.39501788985411	63.639931659586686	233.4807973672626	105.34282842565287	-78.80691781226716	300.3036183839093	2.8233438753567675	177.20170055755733	-85.50881843401295	-77.80277544659877	-178.39835343623125	-156.0405196098563	-132.85663310469982	-92.10489206878545	-15.646310387898227	162.2063065427836	-89.3888847399169	216.05486270979185	-96.72584359488197	-77.79296535695575	-90.68001944075804	-80.01106175024577
16.830107526881722	4.688703645598791	-11.356735264664051	-44.73771400191348	63.62845142833629	295.3678751410173	105.58639647210443	-78.66419063078504	300.04516146961714	5.545807869399049	177.2410575240818	-83.27272296882991	-77.21820648669963	-178.39798735305538	-155.87672208510605	-63.69935333735912	-92.09067946476311	-14.617527291305896	162.1293808347484	-92.97643320746333	215.9321813265741	-96.59792944559754	-78.38839283883968	-89.89561964792013	-81.1438570895434
16.870179211469534	7.197504240822655	-11.359183750097838	-44.69888975760049	63.539005324970546	330.4920033873529	105.72488094121144	-78.41489891919413	300.09286556044157	6.079637705655211	177.276116024594	-81.15819213274064	-77.00880097862093	-178.40438326852237	-155.66969000659742	-35.997469244186796	-92.12963139236649	-12.009313226223076	162.02959138924018	-93.56308370184848	215.6433694655448	-96.36706678408147	-78.14382859677362	-89.99978338742534	-81.3743551879806
16.91025089605735	6.868124888736951	-11.817901620284204	-44.597370603279856	63.34636841268716	338.36503613288073	105.5586157266033	-77.969224235872	300.3332083208629	3.3538794537812993	177.36149023409234	-81.62350147019048	-77.3761697003752	-178.41333468395806	-155.56349912241558	-38.98377816239614	-92.24481713181099	-9.308380493823533	162.2176445544404	-90.21425504290038	215.47389053885115	-95.79782137921798	-77.49416850543615	-90.71121069934816	-80.8357323257594
16.95032258064516	6.8646799047687805	-12.172089627235101	-44.631455540764925	63.262402380715244	335.7674694460815	105.39610921171368	-77.89269351845797	300.0261235428242	1.3996808649726191	177.63189619406876	-81.70063608477884	-77.64823863649835	-178.41267587107353	-155.63818140914765	-44.10844756958383	-92.37806341809271	-7.761645698942454	162.64519663461357	-89.37177775415107	215.58154026044258	-95.39876776739474	-77.85076387372912	-91.31460694141525	-80.62450706383684
16.990394265232975	8.370377043157381	-11.720425078303132	-44.55242892402342	63.446349214833226	334.06030079198206	105.55517316790062	-78.15757195783718	299.45605162707795	1.9132353555794752	177.9480593895237	-80.25550855284219	-77.25884950168394	-178.40321022672777	-155.8575962938965	-43.95445025804445	-92.40333572143975	-5.0351862602188735	162.7748861245925	-92.4742303044227	215.65353362268857	-95.36541003213921	-78.75153451978628	-91.50063971618093	-80.81797802499439
17.03046594982079	7.903829999831844	-10.890924821303692	-44.35598455526339	63.76485634133147	334.2252404334279	105.65583329941963	-78.14361668929782	299.593266535534	4.866203190044055	177.74987657067942	-80.62680484252749	-76.80008334824406	-178.39966454450402	-156.07841711019466	-42.807968525367734	-92.31080220225721	-0.19698701968154353	162.51402545952004	-93.22344689845285	215.50692777022232	-95.37199462440877	-78.57382572232	-91.07029360779867	-80.75775913997508
17.070537634408602	5.527102309473765	-10.74241191057516	-44.45974315122996	63.99221207947315	334.4532884393019	105.11559751581639	-77.8925452807582	299.7922662560577	8.40045894270409	177.27486019659412	-82.87990783651553	-77.2041156844361	-178.40814692773245	-156.2060188720758	-42.73196301571864	-92.23335126114071	1.0570911873677769	162.4351535026745	-90.24599921771713	215.40705179938675	-95.36346181103194	-77.78344843082796	-90.27763874237998	-80.51717535882172
17.110609318996417	4.382545607596855	-11.141095379668078	-44.83996096315221	64.06525334496865	334.4292539028056	104.39079653016535	-78.25681976505666	298.73091542684136	8.568015888648542	177.57057444633293	-84.05496072086319	-77.83839278283442	-178.41758626348985	-156.1629838378382	-43.15859461238512	-92.19298341307015	-4.7571653941265115	162.56275395484738	-89.31157976728807	215.48141527595845	-95.60185725393949	-78.16035923514134	-90.46010563663027	-80.59283859917785
17.15068100358423	4.757916752578528	-11.375706713201959	-44.8122861554282	64.01980097618993	334.3824219253858	104.48310895805166	-79.45441435260881	297.58103205940847	5.407497051019059	178.29303486744794	-83.83261781243897	-77.70552915220377	-178.40351590550335	-155.93973453945895	-43.16928250581465	-92.15751885865954	-8.870568162857806	162.4530221390623	-91.33275636726187	215.5898046168305	-96.02541838412398	-79.21981944016646	-91.9205967836049	-80.82916864084987
17.190752688172044	5.106084888740625	-11.703055256628412	-44.34149310006144	63.82252522706304	334.33234876515263	105.19915873122103	-80.02101514428053	298.3757044627165	2.9026714209677653	178.17321150988874	-83.54987791820157	-77.56534151426611	-178.3514815378375	-155.76416437738956	-42.93579727491062	-92.17554008815202	-3.262776483163225	162.19861349609786	-91.3135511537423	215.77753058768343	-96.16279584579239	-79.02244303206326	-93.08298364939144	-80.8525529791703
17.230824372759855	4.858995955548348	-12.084045166329787	-44.411896669426945	63.57357805315352	334.22655580582716	105.55495417328524	-78.9498691668952	300.27866119677566	2.381208975398339	177.4816772399546	-83.57077287357909	-77.95452179325143	-178.35402526213844	-155.8713307184526	-43.28347813904724	-92.21010227904212	4.038076247076875	162.05315962210958	-89.10864933582636	216.10592342781038	-95.86799243365654	-77.7140372153959	-93.24903752527683	-80.8126583163093
17.27089605734767	4.560738034362466	-12.022239508156655	-45.03779574817056	63.57110923043062	334.13400869952943	105.42287901727667	-77.91544696355051	301.0935504725638	2.9556168455936436	177.18289522809425	-83.61779499511947	-78.06254607230439	-178.5754550322323	-156.09549516149883	-43.99950314033864	-92.22802293759254	2.5959984959843703	161.98967012555514	-89.23787339066853	216.30429726865157	-95.8196193868232	-76.90174246841691	-92.87685068550108	-80.90200559836069
17.310967741935485	4.716214326543319	-11.801300683395256	-45.0158504045774	63.82912119381981	334.0466931531213	105.2877069857708	-78.34923868744076	300.6486189292233	4.159377061151274	177.08746810588474	-83.60587956836207	-77.84475856774563	-178.9445367802818	-156.1642411079473	-44.24026614443651	-92.34036360941134	-3.2871797305085555	162.0067013959018	-91.33712040890217	216.1940625936743	-96.42588425190968	-76.86939720115733	-92.30810328258839	-81.00033196420488
17.351039426523297	5.08416962633026	-11.433753538031961	-44.37330532874127	64.04094305161468	333.89843411612503	105.31378918664998	-78.8773548995886	300.39317978626644	4.502600222705832	176.7138105500481	-83.6245593417127	-77.83291901382134	-179.1744948815232	-156.1898182867345	-44.020511879846445	-92.48182347970295	-5.702295078140892	162.12789763379956	-91.0600101479486	216.0084853133988	-96.72965812599145	-76.83091399656335	-92.2289659564496	-80.91295979486127
17.391111111111112	5.361043737627619	-11.19463312598937	-44.14475332901325	64.090934313687	333.93557456885895	105.32758188252424	-78.33067324654063	300.543525185968	3.1986446853055037	176.40849679871894	-83.65112535091403	-77.93691866504598	-179.18200106121714	-156.29511492621356	-43.70412896771844	-92.4255988811263	-6.950434431799762	162.25262982926608	-88.86965181851099	215.98232650200308	-96.0668954155017	-76.76610310714901	-92.86380339692077	-80.65307490337814
17.431182795698923	5.529138427515611	-12.125246320490461	-44.19657043028182	64.09865073880579	334.4370664575702	105.20152709072785	-77.65981671200241	299.8177750431886	2.0802854127735664	176.8503619849551	-83.62221942301284	-77.98932490736848	-179.11004843700303	-156.26873485601502	-43.23250632481069	-92.23239579993388	-9.661486045943688	162.24840217398807	-88.9357899299133	216.09560313840495	-95.35465115579392	-77.40964446517305	-93.26865671482219	-80.5772763077832
17.47125448028674	5.514373039013167	-13.142613749583852	-43.89396601447792	64.06950529725039	335.14157724221917	105.12984749178301	-77.63697235868307	298.648044577295	2.0827636597916346	177.91796900110052	-83.59248651697996	-77.8163325972883	-179.02379377938615	-156.05320382041896	-42.63344715312851	-92.13851119058819	-9.583042153014643	162.14319854677836	-91.30230942521167	216.19299574918244	-95.2800864308211	-78.65543605630951	-93.18050885549754	-80.73892565798715
17.511326164874554	5.253691308039057	-12.509478434996392	-43.60744642339183	63.82181487935818	335.4531263642228	105.17362046828826	-77.81351055966688	298.92631437591086	2.159650225355988	178.56343102824076	-83.6227933559943	-77.37533626340853	-178.84350657595166	-155.93786826199218	-42.29891612395039	-92.17839200487998	-6.247498659646297	162.1228983760391	-92.8294074575787	216.17816971047014	-95.42885462551413	-79.42311294510704	-93.2909124195999	-80.71319608442556
17.551397849462365	4.920309813848174	-11.641518270886156	-43.978314969207275	63.40765639790736	335.26027365660394	105.01742516241103	-77.8059954652368	299.92067076883563	2.0231567840199594	178.38170816741058	-83.65246133725769	-77.61343445390152	-178.57676865355708	-155.99080705612434	-42.52416377094743	-92.21932618350236	-4.596062077594578	162.23351589698433	-92.52377763822484	216.22375096223692	-95.46241962794282	-79.39285048553882	-93.55259878879173	-80.35581523446128
17.59146953405018	4.773738218296466	-11.933712036342103	-44.65643786659043	63.25623720783025	335.12779509909785	104.66610802142573	-77.76173390048501	299.47620085277833	2.131672709717775	178.1080409378812	-83.62235813950419	-78.83603197088267	-178.4041154907344	-155.97791903751852	-43.05831549835958	-92.18632330271888	-4.755461079502059	162.29649443813037	-90.87539533429211	216.51549057905964	-95.46192168647327	-79.25899324002704	-93.25400482524586	-80.03498719992596
17.63154121863799	4.790174521260571	-12.080839130989352	-44.75902972955503	63.48130349981467	335.2912748420904	104.53208628761	-77.78702867319295	298.31110959736657	2.3591376809144196	178.14650716027708	-83.59704944378953	-79.19725774142067	-178.3859172567083	-155.89032706335405	-43.27101512358933	-92.14593008321266	-3.610204747003244	162.22240676902163	-88.56029017654323	216.90189542701296	-95.45937894182312	-79.24635321829864	-92.3663432663247	-80.2327079855849
17.671612903225807	4.790164599796039	-11.6697597729171	-44.33526518132669	63.756357277742126	335.28692957750224	104.72171341279689	-77.7260356857009	298.35852023996046	2.4085524414122954	178.23582394226105	-83.62667857248981	-78.16358608033272	-178.4030528054897	-155.92308613299932	-43.00165821301693	-92.17368063424166	-1.7833112564649336	162.18725283932724	-87.34134274224016	217.1865827798233	-95.32912042748295	-78.88262134420074	-91.88039750449671	-80.82432298309716
17.71168458781362	4.801255879073204	-11.852370751862436	-44.04509075979237	63.9325194853694	335.04232858572715	104.90291624815085	-77.63794282987078	299.2643438980989	2.3504093173875145	178.24766261924418	-83.62576117074411	-77.98728516973408	-178.42797215221023	-156.06281104993317	-42.667900074152655	-92.26459211529523	-1.6163557488794278	162.310404166727	-88.5574888010624	217.31474674309595	-95.19529240186584	-78.35991941151751	-92.34871250556232	-81.25366939014329
17.751756272401433	4.904754834915076	-12.35422068803197	-43.89839087098356	64.02029696377605	335.1112675398517	105.05775942075739	-78.1048356739343	299.76880409354595	2.37600592865627	178.2665380959196	-83.52187296458503	-79.24860359316283	-178.5011749407996	-156.1525606256024	-42.46115688919004	-92.37810928798794	-3.906153792486959	162.33767915661315	-91.54506288753639	217.25999051169077	-95.75882218921089	-78.5053593517713	-92.9602273655538	-81.48797312303726
17.79182795698925	5.056936473885423	-12.1469253273509	-43.77541085461215	64.01651822034337	335.58178942668746	105.51890555947257	-79.14014275854214	299.8585580611464	2.9941109172277653	178.33012911264825	-83.37455978939136	-79.74317657831976	-178.60464058652826	-156.20877548761717	-42.36150963668076	-92.42763143682191	-7.063660329833706	162.05251613603113	-94.61332371497578	217.2429136940828	-97.11007313768853	-78.97446737194308	-93.08441203562472	-81.55065996438108
17.83189964157706	5.247645089622521	-11.61128895549663	-43.826104071922245	64.00455419515363	335.81122913309423	105.99494996009577	-79.464156275181	299.8709890838185	4.97487389682054	178.39231634685098	-83.30447182535583	-78.76219532873235	-178.79440929050762	-156.32560823084614	-42.48147604211798	-92.37659509864395	-8.28384651537808	161.77906247460496	-95.55155793301645	217.50796806552378	-97.6980239695864	-78.81975453534106	-93.12969435287533	-80.91076341428277
17.871971326164875	5.452890033267462	-11.671896359901748	-43.85498902437567	64.05509687143356	335.27988978760015	105.85013748943919	-78.6929167627534	299.6068190011322	7.708173122023027	178.4967350472226	-83.370072470066	-78.08306568196467	-178.94558938540752	-156.34901210328243	-42.858133175490984	-92.30017467285407	-7.113742626091502	161.85738226035957	-92.80631523577797	217.77549907226285	-96.83540120824554	-78.56738135677946	-93.10646594245993	-79.751141259099
17.91204301075269	5.528222089235852	-12.18034120464313	-43.69420518604071	64.07137736031574	334.39569217605424	105.30565078373036	-78.34747198289887	299.0977729736475	9.469898321949218	178.73393647459875	-83.43715259184772	-78.35704398948776	-178.65736030540592	-156.0283184948467	-43.263646154627686	-92.22445694138584	-5.556188842003451	161.9955593106367	-88.76238802622078	217.75738172645745	-96.29383043871509	-79.09373631143048	-92.14354376436007	-79.42327230061908
17.9521146953405	5.513701661243637	-12.314638001472032	-43.72978779066086	63.82768069591922	334.0333576485922	105.16243766682582	-78.96322444323414	298.8200593153224	9.94429867300258	178.95230279831043	-83.38723319923668	-78.2613452737008	-178.25517187585686	-155.53151559933093	-43.275059209482	-92.17179910312159	-5.408672440950053	161.89553699328422	-88.23987462473723	217.65424574424995	-96.88643950966708	-79.75850845084533	-90.5736823468821	-80.18007276018857
17.992186379928317	5.487750040132629	-11.904056691766112	-44.12330026890053	63.410140607102775	334.17580362526616	105.5492743833013	-79.1478728066788	299.02512008948446	9.40775883544325	178.92016735466026	-83.5496227778569	-77.34661799911358	-178.55873019265238	-155.28228310271345	-42.82332887110547	-92.1654698117675	-7.246246132494306	161.8349673943747	-92.16776506926868	217.66767368020513	-97.00967712479604	-79.52374826184091	-90.40282876957508	-80.54057262138451
18.032258064516128	5.13412692392717	-11.61216381612121	-44.191239656292055	63.392541606793245	334.5183068621389	105.98314592162592	-78.3194144466795	299.34204684087865	7.90002492548281	178.57060915336547	-84.11641017684407	-77.07228615225274	-179.27032687149318	-155.40343004853736	-42.36867204220926	-92.05248957388493	-10.591582923609726	161.9691747102263	-96.63691654567845	217.7421738538697	-96.43502269535679	-78.68276809130745	-91.62588373083969	-80.1898007881964
18.072329749103943	4.644850310021609	-11.73007608479081	-43.574291702392784	63.86591255710198	335.3571007818574	106.25106087630635	-77.85424272642186	299.1601827821948	7.342766265058998	178.0342363428748	-84.32996209990894	-78.19287190651367	-179.53516782502217	-155.69970163873455	-42.15882999374547	-91.7779558643358	-14.041228354207812	161.99992490214524	-98.47022475933673	217.66539561573416	-97.13546623308987	-78.30705295966952	-91.69284559544485	-80.43832024167176
18.112401433691755	4.8754388346964435	-11.716736623005794	-42.9885372719756	64.11370237704391	336.2870473919028	106.35886241143243	-78.85649073663728	298.76291828723373	9.097763271309049	177.6881186816885	-84.07522786493332	-78.91315526511889	-179.37100019516666	-155.86420198537692	-42.10538495135473	-91.58093031552112	-14.85800722097237	161.83835078641596	-98.25947845567359	217.39865021179656	-99.07897048065784	-78.57991676169608	-90.15201943683765	-81.10336356193781
18.15247311827957	5.439598840151459	-11.613014953741226	-42.896731920165806	63.98718712004687	336.4461069557199	106.29009919514343	-80.09498423820546	298.83962907675686	10.896780410337405	177.73123224096017	-84.70432200814675	-78.27085552780096	-179.1966514966216	-155.83657577323837	-42.16491413139604	-91.58331198826447	-11.02786103145524	161.80545302062157	-97.72138737362974	217.33093557086767	-100.1233734083746	-78.80751463192505	-89.02577313235594	-80.69123917008041
18.192544802867385	5.1017463382170885	-12.237527405898923	-42.95445853063369	64.02711295118529	335.97925475417264	106.15639351389318	-80.19882441398016	299.2271869336364	10.975931467865786	177.87925070365316	-86.02413680490794	-78.11219132379739	-179.11919588692888	-155.8341715802543	-42.37874944028429	-91.64692678546608	-6.543786766526251	162.03374725785	-97.74845475991474	217.58881264646928	-99.9708077645576	-78.69560791591486	-89.02007803229243	-79.72874458861156
18.232616487455196	4.3137586019496705	-13.194246006346695	-42.98412992157771	64.18607545789382	335.5234081777067	106.09424210286541	-80.58135352388126	299.5856930675434	10.815163148419371	177.86559522880523	-86.08006794403538	-78.87604750837679	-179.05811758015543	-155.82048205494303	-42.82301480970716	-91.65941577362356	-9.18671225001441	162.24391263838064	-99.05178902662101	217.69142014363945	-99.97612187763174	-78.60831268501731	-89.17659733783422	-79.92356863504675
18.27268817204301	4.5103789560596494	-13.016868042576895	-43.14927889071444	64.18789280454094	335.6185726105096	106.07053885337865	-82.06779162117707	299.8146530902213	11.594241503760887	177.82059865976888	-85.04331411679347	-78.71746389166522	-178.99019486447455	-155.71794314007172	-43.19642696599818	-91.62627760107192	-18.235945352951575	162.30449610661879	-100.65967810192521	217.46686781264975	-100.4111694418953	-78.67111540892073	-88.8688191162354	-80.7724234996669
18.312759856630823	5.350318132182072	-11.968303427734638	-43.33451630100317	64.28417250231932	336.62624430366884	106.01947242517366	-82.34806207686192	299.80793635021826	11.579000264301587	178.03576384093208	-85.00357799570396	-77.79600645274546	-179.05562938768406	-155.8053038507916	-43.065732026753686	-91.60691369070832	-24.64968681949283	162.34607558985397	-99.89131271293802	217.3116315618242	-100.16931472462274	-78.49966302381	-88.44343693877354	-80.65367496532767
18.352831541218638	5.37995060801775	-11.77128687678987	-43.35433533794387	64.52425351013017	336.38477097582864	106.00147710926967	-81.11663973630642	299.7069075346268	9.568364453902017	178.46860501828428	-85.99290491644526	-77.91725873556045	-179.3552403809361	-156.14056200647894	-42.715640314066015	-91.6226940680128	-25.808551278238735	162.36123283262302	-97.3246923337908	217.3362282730437	-99.01390074916884	-78.19578125395158	-88.42320970823107	-79.73664997576891
18.392903225806453	4.759929514598164	-12.205856958864867	-43.485800935662745	64.52535410108949	330.2788339057134	106.05132612307735	-81.24478959608389	299.68256384213544	8.53829337871156	178.65650784071616	-86.04783577719887	-78.59280004343448	-179.63611002502915	-156.38863049168214	-42.608816685254325	-91.62037072518484	-25.25493130481155	162.2573280524571	-96.53991692549128	217.3353378158772	-98.71114817219082	-78.33911319339444	-88.59236458803598	-79.32876560840553
18.432974910394265	4.653938112736968	-11.459062622493807	-43.77923999021811	64.31732210684181	326.5227550971009	106.11183914097924	-82.63832370818169	299.6770246221178	10.311517347599409	178.5591886231307	-85.10404190267299	-77.8736400010984	-179.5478784397954	-156.41932603875117	-42.660978108752055	-91.6039478681137	-21.533341144737765	162.07461657516677	-98.31122999479479	217.4099024489961	-99.79904197491138	-78.71622862272064	-88.53113445589683	-79.59374164985157
18.47304659498208	4.815606771111291	-9.82492216977876	-43.79138710442746	64.24962980896628	354.86112389864155	106.10019145179449	-82.35127342544081	299.6646426652969	11.24839742756038	178.6800831676711	-85.1111341318405	-76.17231395164546	-179.22373831373045	-156.35933568496478	-42.682115612798356	-91.62884334468613	-12.390477946777892	161.98441799997485	-100.20276283470868	217.7404428906161	-100.08800601327843	-78.62535426051681	-88.69006294615048	-79.59158875944732
18.51311827956989	5.1215816650207895	-9.892741823441193	-43.603677066441826	64.27235283924018	425.1865167211231	105.91932978292623	-80.87865734119131	299.73820551010897	9.18064777195879	178.78443622971858	-86.113914036283	-76.18378056826994	-179.13031028594702	-156.27477708201457	-42.67636560807669	-91.65883460178999	-4.866608845078487	162.0778358632664	-100.18587631259494	218.12386078826756	-98.89197215814207	-78.21825582552577	-89.7059302159769	-79.43536915100341
18.553189964157706	7.046899992685214	-12.087878060631335	-43.62304796729368	64.17150557318246	494.29324617971486	105.64498103339514	-81.21916916685973	299.7999021309185	7.550095898070127	178.3235843826489	-85.95168587756763	-78.3002555960188	-179.3791228803149	-156.13326616215465	-42.67958623310299	-91.64130171925702	-7.153382658576858	162.2169715492234	-99.17671888582647	218.23481642830825	-98.43035645095098	-78.19458049517107	-90.68199860644684	-80.05601996322441
18.59326164874552	9.020877318545395	-13.162195201458294	-43.729044735054764	64.1426105331866	521.0564149427953	105.51888593370836	-82.2744312768578	299.4888493411943	8.76105070814478	177.83761782667995	-84.40038616413638	-79.19404129003571	-179.36570819879447	-156.09106006451424	-42.674112463036906	-91.62049289384909	-12.920565170152926	162.2665286459864	-98.87242259802181	217.89408311548436	-99.492580182498	-78.66868384783625	-90.35700443199582	-80.79821900594082
18.633333333333333	6.924297016815032	-11.792622036574933	-43.772860211235525	64.55056187357232	517.687547053628	105.61697751286744	-80.80158563324184	298.78475289301815	10.428756233929715	177.99089457536246	-83.94435440949822	-77.7476266508077	-178.50875690562353	-156.43922020250872	-42.62803537688891	-91.63157442016971	-9.990461829204959	162.2503634510283	-97.18036503649762	217.1439800498723	-99.94880584854957	-79.18383362427963	-89.87623766781493	-80.42081854872696
18.673405017921148	1.9751940288268517	-11.075193592259923	-44.05396972976193	64.78861780291923	512.8527474527879	105.73803256889299	-81.70350929598172	298.4694940820257	10.746291375478005	178.47089654024262	-85.32428653561988	-77.7512190998399	-177.3843374784094	-156.5396977945244	-42.645184709717064	-91.63308912475084	-3.0611820729673878	162.43676189825288	-93.76460327940082	217.34616995478703	-98.77447101165113	-79.02955315724667	-90.64411445500176	-79.1976594776445
18.71347670250896	-1.0060019857393105	-12.810286111101087	-44.8708210900123	64.06403714057824	512.9785515093802	105.53738560755252	-91.73096896955755	299.1746442376907	10.914358978158848	178.72719990325106	-86.37555122510923	-81.38622414038045	-176.8115585664009	-155.71117190298745	-42.92426848628879	-91.64459455691615	-4.99618894289037	163.31148072950253	-94.86392801117519	220.25198454786488	-98.0317532189629	-77.70153234961302	-91.24499068226324	-77.67351958672684
18.753548387096775	2.28261043892812	-12.758022219197818	-46.883598632416366	66.48154600506261	512.9330950454865	105.03663583961684	-98.95415874005917	298.2919390979913	10.280496131696474	178.6722148842445	-85.41803978719376	-85.13791855342987	-176.3651095243892	-157.66240289404354	-43.15057001712917	-91.20102698093356	-9.021400429930173	165.01615947692994	-98.9614096713343	218.94274219172598	-99.15726662349765	-77.52460332150487	-90.75322671259846	-78.43737297683128
18.79362007168459	10.590639047438282	-4.653471576068275	-51.1153042482561	78.18568887766834	510.5883822065067	103.5101900734712	-90.96570867872259	289.5744701671666	6.523084831746804	178.53964594719048	-83.16245673153378	-84.94196390035047	-173.49447174015873	-167.42372170635127	-41.58812002374246	-89.23995609282288	-1.8091962077904156	167.66067895822252	-93.21047792931684	199.57343558031326	-100.48078565663305	-82.94442132609322	-91.10191216460844	-87.04204249267626
18.8336917562724	9.090312890639565	8.797960774450276	-57.28970664747977	93.37073715030722	506.0974650892741	98.94656854304839	-85.27792013409179	272.6477174558238	2.8926724001302504	178.9463938791962	-82.26927402594703	-80.94149152216578	-165.44716076778016	-179.60315562368697	-37.95355146541923	-86.2290801010199	8.504375345374964	171.78710015642605	-78.96834319529326	167.98991595986323	-100.64487027662807	-92.52681288690681	-93.04100953789381	-100.36701204830068
18.873763440860216	-6.058942767643658	16.9216583976457	-64.09868685298781	98.75180539547728	499.09339438720133	93.3144547339918	-96.23377951624481	258.32809479483853	4.9113894706057835	180.42907741816728	-82.26003830165331	-75.71737755922288	-156.66656096146085	-183.12328953431197	-37.890483320799135	-84.37090653472347	10.843802603980118	177.13892694057228	-73.3407482915393	148.83356105674906	-100.80957647407524	-99.41853215064486	-94.44546799554313	-106.15020488206154
18.913835125448028	-12.49198141538865	16.14384657284253	-70.58856886928498	92.61116007154416	491.18182697413647	91.94804735348448	-106.29132152601392	255.09717388045902	9.489631825602531	181.8246526826975	-78.23161191310358	-71.43096603441927	-155.3007075181579	-177.63385710297618	-45.756474464222855	-85.0232304765795	12.622650703843115	182.71169005621948	-75.17307042104704	148.00999041492472	-101.71347135479772	-101.8616803702776	-94.25530729544998	-103.32117129783467
18.953906810035843	-3.4109436370180584	11.68530460034166	-77.54941577787332	82.24107008460189	485.8484167593782	94.63533674043057	-102.28928619639433	259.64218422561703	10.27770482197471	181.42078358533834	-70.54285637963865	-68.50791472929043	-158.74277986777076	-170.11381524433165	-56.78228304618808	-87.8728840708705	21.13915527205202	188.13899659645682	-68.31516528896728	151.44769193158317	-102.47924641104461	-102.72292149853766	-93.89978479041243	-101.12072228856063
18.993978494623658	3.1270271560044627	7.650626051657202	-87.64903191390346	72.09047639619239	482.9027926383271	97.19055401702155	-94.17870430586754	265.8616665016867	8.468989462882831	179.8765668297053	-64.75272759930404	-65.90360826333584	-158.04271452464616	-163.53883104241538	-65.74860508612299	-91.448272847036	29.744755293345307	193.17685302348227	-54.15296505876977	151.9688100193203	-102.6711303459615	-102.81186666884027	-94.11795848632651	-100.97429285582179
19.03405017921147	1.3709165543721056	4.509819839506025	-99.81715418076372	63.31470287938008	480.36126783830343	98.26073114267979	-91.38200706791264	271.4737539381383	8.624945344962121	179.41374250138594	-61.519710444454226	-63.27031924762532	-152.62188022921714	-157.7941459705892	-72.33527617258677	-94.47941321018531	31.867774603751133	197.21662866159238	-44.68872451814977	151.25669128871627	-102.76983754196134	-102.07496445558134	-93.90556051742043	-99.56623020848113
19.074121863799284	-1.7608380631226694	1.5660789446901942	-108.40874891619889	55.88383791924653	479.4222339085481	98.46955469326453	-91.57616244392725	275.18593807817433	11.319002237405458	181.10268817910332	-59.22121955202327	-61.259531476478465	-147.5930777129467	-152.82626397641806	-75.98677702231329	-96.9424379605226	30.807034874639047	200.0724788568385	-43.50821997399073	150.69255176601973	-103.13283717982492	-101.59607986247725	-92.89820041365122	-97.85523767799607
19.114193548387096	-4.36356058919182	-1.2079254885411976	-111.54856356369501	49.98280385347684	481.0771389649242	98.49363891933469	-89.6159938569592	276.3448510563361	13.112089208264116	183.77135269063075	-58.96048054758109	-60.090730402734394	-144.7464653546844	-148.87078765635394	-76.44841015618692	-98.8879892053965	31.79828754295533	202.06630863156767	-46.04726547729475	150.469879176113	-103.48995363279266	-101.96281218091292	-92.2915878112244	-97.33839255212611
19.15426523297491	-6.328254025874106	-3.8944837775452563	-112.81426631334254	46.496460624188344	483.1420326700925	99.04189832931262	-85.75711407003878	276.5085769103692	11.780745565660919	185.25031154919927	-60.32853740696523	-60.27712603125544	-142.9815036879831	-146.39511970684646	-75.85403793475334	-99.89865721388355	34.65885853163777	203.5952874107192	-45.13037880148488	150.56933033549583	-103.44912546245122	-102.44229198312819	-92.78628763006962	-97.36141646534439
19.194336917562723	-6.676727898859319	-6.908090901742929	-114.92248230742523	45.66688112132887	483.49623846532967	100.31324034658068	-83.77863827792375	277.2708875461273	10.048256084816394	184.81294798079387	-60.981841481105015	-62.33359537922454	-141.7190765322444	-145.4901712600917	-75.84665400242059	-99.82329262548511	36.24211445684935	204.78472163647132	-43.055802903122945	150.65520390440875	-103.4445566812929	-102.12301992958626	-93.30840331640145	-97.2947786956614
19.234408602150538	-6.557761118744075	-8.765429062133782	-116.79659102337206	46.79385707402876	482.73487585577897	101.68384721960385	-84.3931955431381	278.3037851480496	10.58166974317507	183.73171744837555	-60.201804283017374	-64.46629115176289	-141.01056211661864	-145.6516870814089	-76.00370902929691	-98.85783326407	35.66139153781362	205.19439084337722	-46.38247964783923	150.6592516034513	-103.89692246962801	-101.22860739057423	-93.04364652500665	-97.18054044203002
19.274480286738353	-7.009534470604439	-7.8938625510323455	-116.45538336673421	48.945986422811046	482.49167074565275	102.51861821660242	-85.12503677575138	278.4482835519095	11.477241804116566	183.51215038234724	-58.86268582515628	-64.61853223481233	-140.9565538431899	-146.33032457121024	-75.75711727624005	-97.38431851999155	34.61910173511507	204.55798960301348	-48.31352875594187	150.95020977936832	-104.03430470307426	-100.87642058862247	-92.8877731900627	-97.15348492432116
19.314551971326164	-7.271917140892167	-6.219440985459726	-114.27686809058417	51.51440003658374	482.8891127150729	103.07030191217609	-84.98385493625112	277.8012425554198	10.740563210545782	184.0785482740777	-58.10585864838314	-63.5383653649719	-141.8280670237151	-147.43654194660837	-75.5299318948683	-95.92211566179296	33.687029230773874	203.6481870833967	-43.06055705292928	151.31560559337234	-103.9617236891978	-101.16352796405033	-93.28148430393755	-97.07736687907722
19.35462365591398	-6.594946596227576	-6.1488040567590065	-112.15915314733009	54.14687774291381	483.0205466101396	103.66623099579111	-85.16587319294646	277.840677915239	9.71715483822399	184.15291613904424	-58.31887510452979	-62.782803561200886	-143.30510443817587	-148.9696487305474	-75.57000181770549	-94.82287476750588	32.03443622367928	203.13998444569086	-39.85476469456656	151.23582287228425	-105.05554662079125	-100.73350491569461	-92.95438021275054	-96.61639533835829
19.39469534050179	-5.406686293499208	-6.021432834325308	-111.00436682870131	56.52651307730511	482.69913995207344	103.94493567687675	-86.10955897244435	278.3586264398132	9.663348931566807	183.5546661273978	-58.684016650706134	-62.72483824294503	-144.15436727775523	-150.45120161567112	-75.26493292963269	-93.92488487637333	30.24610963863159	202.51060262654158	-43.548396324263955	151.2890110890596	-106.08822789502089	-99.53758528408102	-91.71996628691264	-95.98686882344658
19.434767025089606	-4.294569000215415	-3.480483948374257	-110.08124216688827	58.82947528770605	482.5949649253315	104.05066819508299	-86.55878945390901	277.6628003795239	9.71125868337425	183.32301138277364	-58.31012644995187	-63.03615386084872	-144.16659847491084	-151.60215416424802	-74.22755735460181	-92.77216093038093	29.224434028250155	201.48592037464377	-47.20721319726038	152.45127505292197	-104.64524370324625	-99.22717055287931	-91.30692225572405	-95.89827222234871
19.47483870967742	-2.750578385441096	-0.6779861892244246	-108.50118028990371	61.30945259401781	483.1616709383586	104.6689967386916	-86.09867208509368	276.33047429809255	9.527983816439503	183.5561041551136	-57.42982626570748	-63.21171986316562	-144.49312494037517	-152.71989937368141	-72.97487601805466	-91.40908777114963	28.42699483997502	200.80975406666244	-47.054710903904144	153.93728799627635	-102.30946265594537	-99.69307317637504	-91.75420823425792	-96.13585415367821
19.514910394265232	-0.910808761942306	-0.6277131996912456	-106.73601160891882	63.2428810783643	483.8726662284109	105.50495878014205	-86.32605531436947	275.90512070046293	10.20419374189591	183.97600762970353	-56.96568983836535	-63.18271010491008	-145.21403551511554	-153.6407748215937	-72.00941791532064	-90.40031589645395	27.841522443663802	200.53724140754534	-46.83414938753627	154.04740009316717	-101.99605307821285	-99.49814324274554	-91.24558537732324	-95.52306913374403
19.554982078853048	-0.7999895085609446	-1.572957664250757	-105.69316108576575	63.95266561579405	484.00406003056776	105.83269998473014	-87.68182290368864	276.01853334023076	11.733021344002019	185.13693742825404	-57.60657786930302	-63.16706813075211	-145.46118918027798	-153.86869368839353	-71.29679455745058	-89.92493855843334	27.966099861941746	199.94950801269167	-50.39159877466897	153.27776052544422	-102.95528134949069	-99.06637431942782	-89.91130015511563	-93.92969797552013
19.59505376344086	-3.092299640575929	-0.15500707985373846	-105.36124148367725	64.17132670977598	483.7857278089345	105.69590957506017	-88.3701244895125	275.88098825692776	12.541675623822334	186.54613171600596	-59.19918672294855	-62.760556969204195	-145.27479930885295	-153.83223518556	-70.81169151294884	-89.65067189519374	28.019503277459958	199.23915722508326	-55.06674123030068	153.5641212823972	-102.99957032178692	-99.25031660431573	-89.43828516507183	-92.70404352017705
19.635125448028674	-4.917711935807741	2.369001051677525	-105.35619356276518	64.9881564651894	483.7287541879974	105.59554797106053	-87.82823823814715	275.74726660464074	12.254190695917742	186.72193295982896	-60.28240759788235	-61.77159220857708	-145.3464278585326	-154.29886918906516	-70.66004035058593	-89.25469885735475	27.19327707054042	199.04725500315655	-55.47291233254813	154.61488050651226	-102.21707279953385	-99.20951450045965	-89.90526938211974	-92.48752625681904
19.67519713261649	-4.294211494313966	2.311461475777044	-105.45072996179725	66.40308570234794	483.8304249264884	105.94943746138576	-87.44941640737261	276.1404220423589	12.384005325131444	185.9502665790566	-59.88812279907981	-61.30894895460199	-145.78514995118124	-154.94840309576747	-70.62261291424879	-88.5807464791014	25.876319778688508	199.1761542330308	-54.008482961166166	154.63424307358235	-101.90869389174942	-98.24176968828269	-90.05908555133206	-92.29152076991492
19.7152688172043	-3.3705678406330954	0.8024839514003934	-105.22017425999043	67.39327368010869	484.1251417951778	106.36078584871856	-87.56444922647174	277.08937846270686	13.279247053283845	185.91102512228517	-59.32823447216639	-61.65443976190204	-145.85206764368044	-155.0203609981511	-70.1497807103794	-87.9668651376839	24.86092805583486	199.04063371945023	-56.60745206542142	154.17769615183101	-101.9932101178702	-97.24441651232083	-89.32594141732285	-91.33340011136043
19.755340501792116	-3.308896001400965	2.0064428030338193	-104.02830887808388	66.37975096583844	484.21553843625196	105.17083004915749	-87.68897667507365	276.60093036085345	13.412128503971394	187.50223719100882	-59.51388361149129	-61.155588306312644	-145.82766657694125	-154.8103622679519	-69.16085947245412	-88.37025507286053	24.39127702042487	198.1133761809212	-62.20220153641515	155.61792185979908	-101.50304691559155	-98.32735223046363	-88.4187664816394	-90.8251271458465
19.795412186379927	-2.8656806765555656	5.157613155336327	-102.01842554978664	62.952740297240766	482.3791422066902	100.77506591799255	-90.17790645752872	269.2389345355623	12.847536597889867	189.8210380171039	-59.53123358120846	-59.80179523221921	-147.22430804404814	-155.13145563646526	-68.59112006424313	-90.18358995556783	23.177490410164726	195.66799488007558	-68.80758421560401	159.8272069280232	-101.09242551906146	-102.19636127293877	-88.41792128650015	-92.37534110569922
19.835483870967742	-2.2625565280047173	6.402018639657806	-100.72066667615857	62.93106701057508	476.29484472065235	93.62135993606537	-98.0763353436827	256.84720651360914	12.802826297358072	189.01187143214975	-59.22249713243566	-59.717844153812	-149.25936549256974	-155.75174612351856	-70.26019753693147	-92.319131855599	21.09242436011836	191.14712063549675	-77.41935864140373	165.80904757502077	-102.47832944990483	-101.15965430633638	-89.80404179581902	-92.14770587008037
19.875555555555557	-0.7210822819857065	5.949589121974146	-101.15126084584071	74.74491322069912	464.9066851873811	86.96144742196488	-107.7911504721495	263.0571065621768	12.689833176014844	184.5278874154476	-59.59469760125156	-60.89527145538651	-150.17357470443952	-156.25998679587627	-75.02030504064282	-92.86489883548083	21.057314458033577	184.32209938166298	-84.75736092198748	172.0655284099152	-104.02253222347858	-90.62773862834577	-91.35478621411319	-86.0997029207217
19.91562724014337	3.2574393853969084	6.220228114486558	-101.3074541280649	92.93827347760444	451.6981018917465	84.68466764632711	-111.38158745679267	304.7349739342594	15.063950321930129	187.01598634586458	-60.64343579150528	-62.23194921820696	-151.7906036972865	-157.96105393586674	-78.84227810195888	-89.3221632956727	21.46731157057235	175.37242116101893	-86.63476380517604	178.608216729751	-100.02369206423552	-92.65202391034528	-87.49667119018936	-85.63642221572675
19.955698924731184	7.924090700972559	6.539519394275772	-99.13643941428347	102.32771623424763	442.34330048361835	86.95274958778741	-113.61644136774432	348.7499553036066	23.763391243774993	202.75039376444616	-60.62017618439084	-64.57051920252039	-155.94454597476343	-161.24999920437924	-77.40248713298102	-79.73641678377155	17.337487823748784	165.96464511008114	-83.90595193243772	187.30023204997138	-94.8116908805029	-125.88843950332092	-72.08370456603082	-103.13907157375999
19.995770609318996	10.73390778436784	6.144039690957676	-97.30279390135831	101.75685644763253	436.7421704215859	91.57860712739836	-134.6086485809409	352.0677272599285	28.700805921009813	219.87298932417633	-59.57628626658862	-65.2002582373941	-160.59246256641467	-161.81662979335184	-77.40296232955578	-65.40996665980474	11.325096412132433	158.443394111681	-80.10637660379905	197.3727669966404	-108.67072138939442	-167.6267869141417	-47.486170573274556	-127.75200576635827
20.03584229390681	10.758441986013604	8.884673291072582	-99.17113295015716	101.20490254215723	429.21419325056377	98.05137565921227	-174.3064305978904	325.647651490992	16.46270987876654	227.26412037623777	-61.72648229895591	-55.38309834975811	-163.6069748424377	-154.298280579818	-88.60983176418209	-50.775920399010154	8.495450707801742	153.2560041551921	-80.95527508907982	205.14230455400974	-143.01245428508625	-191.50556681654194	-22.00762850503453	-144.23473564244352
20.075913978494622	9.282656164853922	16.591866020989194	-110.71580993010197	102.42753757618833	418.7933885064584	102.60299142747719	-200.68207157306523	305.49404697027023	-8.55162306328304	226.84350176610923	-69.08503020562846	-33.65983580845907	-164.08328341322544	-139.59888601152858	-101.29521494388511	-41.831776761515705	8.043781399980402	149.16170042920544	-92.17860378576977	210.36868946752003	-165.62717990237795	-199.10120393384787	-5.185111397937689	-152.26522397869007
20.115985663082437	8.46381783209896	22.907335249717423	-147.19060758771636	99.22658061468766	417.7004022223493	105.55017577740492	-193.42551590951706	303.65025031545804	-38.24837080712982	224.69703658200646	-76.58932338321019	-14.484800370904628	-159.52975347562557	-127.59123877144712	-92.41253924180985	-35.27835591854343	7.908626947339341	145.74477038900488	-109.73788834444493	214.7099707163187	-154.36571311720763	-195.8067823888967	-4.5716860018718055	-151.15185176662163
20.156057347670252	8.7120209575295	22.66620129840416	-206.5807497272955	89.64990617152117	430.51988399176616	129.19318933874038	-161.37872372519368	315.4931567187999	-67.59318519792384	226.11345972626233	-80.44738517293219	-11.772267177785045	-152.8609274104511	-127.9979182598489	-66.29470544215913	-7.334984208663835	8.07819027372127	143.95939060356616	-121.00697490833974	215.03897023293672	-117.76655060349535	-180.84583588362833	-9.621250198041011	-134.7067471356855
20.196129032258064	9.95370604314186	19.17481186975872	-254.21117173961247	78.9981800794707	435.7048712210891	186.73742059609435	-125.57819278512336	335.94740950189475	-89.64140081934855	229.0588021151277	-84.86398115786876	-20.742355632492774	-156.8157638186621	-135.5576867625152	-57.27922500756785	51.838525994923444	9.413905288875172	144.00630881686925	-126.43811551759823	208.7512275965393	-80.11349345517776	-158.84019759872382	3.4738021501721534	-109.52641055399788
20.23620071684588	11.286726858841067	17.78404198176307	-270.54017509143387	71.88254328686025	426.20210412107417	242.46477446446627	-108.31003887290774	362.3757525473957	-108.47806216266684	223.77672538130625	-88.3073150455733	-27.29687406872249	-168.4216736892969	-138.94413107010834	-71.04933158425492	105.23156926719244	11.55522689273528	145.02093364294672	-137.95706536918522	201.6528520313811	-65.74893119557149	-135.0901412392496	42.98439534829215	-91.35315387669267
20.27627240143369	12.092147229821089	19.9572669536685	-271.80591624821227	68.10024091477165	427.55209304942684	256.76933267154976	-118.86308835063178	392.2385734766435	-127.07047659877712	216.59767621042482	-75.10085510897713	-26.89018601123308	-164.070358306219	-138.98702689934555	-74.21387398291775	117.36017637010208	12.137923688784879	146.30512912898658	-150.60838393194888	200.02198392410787	-80.37483591881792	-109.23157593249273	100.36872073255039	-74.1287627970099
20.316344086021505	14.505300555934626	23.08200888203503	-273.14892035595324	63.93195300305257	448.0665170126258	240.96183692534174	-153.8003225980973	418.05555766985384	-137.01074275049982	229.6579754331194	-41.63893916308492	-27.69382420178527	-139.95990324556195	-139.5751084484638	-54.35506898244677	98.36561351805348	9.702084926342282	146.5311615367015	-152.3265965265808	202.0496607598527	-116.17287975350477	-84.30925316585915	162.083926798474	-35.0588534647298
20.35641577060932	17.093764029791373	24.488551765087866	-277.54741382115435	50.800227876486545	465.69622913321535	231.092501336981	-196.43341383267014	428.65369575375314	-139.90759035268977	255.87611703416883	-10.787996925102492	-41.09541801988257	-115.63517520573372	-143.8494964282383	-33.56922426477154	79.52272350547409	5.758504193896266	143.90218671230622	-150.7890717765202	203.74919258219032	-155.74224211292673	-70.66204938952283	205.47761182600254	13.704447082731166
20.396487455197132	15.903370902747149	26.71644813114863	-284.7034219410769	20.82026646037132	464.97966662242084	238.89291894740808	-216.8386183630542	416.35006782751765	-145.19214160280058	270.6510794829671	-0.5546504402774879	-63.41406566374237	-104.19622440814379	-161.56305609949183	-28.696360230751036	83.32120455380021	3.9923024758313512	138.41212138574497	-158.09753808098543	203.5455876760466	-170.5158652454682	-77.32930267246472	214.9456753877951	19.30718594855359
20.436559139784947	14.52045961169274	32.996497447172935	-290.46671260201055	-21.236581367721097	450.895425097569	244.86961422363743	-208.47531504276208	396.87769941173053	-153.06700779821162	284.91155632672405	-5.000414065606769	-75.0605741079767	-107.40300940645876	-188.00222439490858	-37.73415732770528	104.8741341018402	6.257385324009505	133.26783743794795	-170.14783862519647	201.01989467297096	-157.0749464311541	-91.71921563045505	212.3569823903285	-33.464195847391935
20.47663082437276	18.456879898676842	38.0512448422751	-292.3838912265736	-59.03615554105107	436.0695878422126	236.31731902827931	-193.35040815419416	408.6196909025407	-152.49379411050992	303.1083985040993	-11.425711392144363	-72.1825071671784	-119.40363717802833	-199.29029266036224	-51.88662325077427	120.37826887510772	9.553072155214895	132.64269535970155	-176.72953526209642	198.51536631772052	-141.35504455184446	-79.38205184405346	231.51121881167762	-89.61711679629128
20.516702508960574	24.59400212838426	34.33163437788046	-295.60623933807364	-79.01802657861012	425.6412566049438	232.92134901691338	-182.65802795631745	456.7551996174607	-135.1186386481891	291.2646707870824	-13.981301950620106	-68.22333566320322	-130.12419449201332	-186.42513605104395	-66.10505442303929	123.8380296172492	10.35807957750515	136.5665217476226	-175.93010656034232	198.9282917630388	-134.56551043792945	-35.16127879099983	269.4408486099266	-109.88201714197196
20.55677419354839	25.744842871134843	25.556506981872815	-307.9604904439485	-82.29056708614611	413.5320278083723	251.77541889347873	-170.13920909098928	494.17197144468474	-109.44661474395684	248.9074406700376	-17.230515746527587	-58.60714693688934	-134.81780778395	-161.13229939774027	-82.50662724065643	128.8264969822041	8.58684902424551	140.48808510499828	-174.46729269666193	201.0188563470237	-125.95174860805268	-1.6589483583990003	304.0915330149886	-121.24188712645365
20.5968458781362	21.500920166091397	20.78968133552837	-326.43419609057696	-80.66907066312055	397.43364370012534	279.506197047089	-152.5119305080216	492.4259858707988	-89.34095330125868	213.3938879918315	-31.248025224110837	-33.0712352350927	-136.25569390453205	-135.4873653162922	-100.49138239644009	142.92017352230283	6.217234904309992	141.5085478906887	-177.28771185945402	202.62416725026847	-109.41097135753823	-4.42954452402839	334.29340866435655	-150.62808080018965
20.636917562724015	18.317288964963183	19.26384124107961	-330.82007823462686	-83.39466684949599	387.3231347496206	296.9424042879335	-145.6372547626117	481.1837474818471	-82.46737655632512	203.66894356993538	-54.531335863103116	-7.812974181326224	-137.67040115536125	-116.62898607731921	-109.10882596673535	157.55683890226075	5.00021451900576	141.82558901167695	-181.2443010903608	203.63038607810807	-102.94477253409549	-15.999112830658161	368.3708290378203	-170.8353061857318
20.676989247311827	18.31603945279453	15.914697072827622	-307.4253828142495	-93.63557868948655	389.1574745919316	297.2555386406843	-175.95306239147723	494.33083409160355	-86.16269305791417	219.61763078369478	-74.00459057223047	-0.9569966690275913	-142.79888380796228	-108.28342209221209	-103.21415125375152	158.1566629197921	4.829670941552253	143.54714602313535	-182.08706488642594	202.97331732239263	-134.6443772709902	-4.559371652036056	398.0346284820197	-144.90200284966934
20.717060931899642	18.00697162598395	15.201518147938437	-277.3025042711305	-108.09730827413102	393.6885164948021	283.37990336283184	-235.68007840423923	525.1753294115146	-82.92547174786102	241.3964526314566	-84.3457752566622	-5.047243319296683	-159.38673675103712	-110.42996289537446	-98.08008696856812	143.31625306141342	4.892831341345518	145.14490919677672	-178.37988875963703	199.35652774130418	-195.3010917997443	24.7470067356287	412.6869222566133	-94.11152556282886
20.757132616487457	17.60337920888964	21.91294218004139	-265.3381161472519	-118.07611142909865	392.5609802243631	263.7154415922124	-272.7815929204718	549.7874721811144	-60.67678653151621	239.07768876897447	-86.44231979614675	-7.015563243251439	-181.89141737204568	-118.698278911709	-100.220157902009	123.40682355131396	5.552245442081743	145.03162962972627	-171.6467959029214	196.48607203290456	-233.96133054053652	49.41600346521352	432.9684999434565	-71.5319367871778
20.79720430107527	19.291903169849288	24.669495508921415	-265.1922250289906	-121.30711100964464	394.4466568465708	242.17495497355117	-259.7177390784953	560.9837471151175	-31.26596852687015	217.3367147377596	-71.22722489201564	-11.39302469596505	-181.96196119411468	-126.01430713454205	-87.76878912505639	104.16547371661515	7.195032793563577	142.24264159739704	-168.5326788587997	203.71645581948738	-222.69303166982849	63.03255593054558	484.648302073474	-79.58862336999714
20.837275985663084	23.086807157316276	13.850731547472908	-278.5682240389972	-130.13331755639706	406.79349418812274	220.6339982410949	-222.55756516001662	565.5014523755686	-12.965471631410287	208.27154076992872	-27.213117837719455	-30.555027765058494	-142.513582649081	-134.4419309487928	-58.877727180453725	90.92466848829628	9.167600396600488	134.15534623361538	-165.04350771831133	223.71848936592136	-189.77907126489205	75.80725786766686	538.4544255146877	-75.91367955243652
20.877347670250895	29.030289632473853	6.967271307635269	-322.0169909091587	-156.83340226485114	412.9852429292276	206.89095168338474	-184.57395733324205	569.7531617495728	-7.051631642140235	213.4451921520663	35.568706770916926	-59.26887410304306	-83.36701530069152	-156.247126767147	-45.1323794942509	93.99364316608062	10.707911127081504	119.57669721498478	-143.68911955118642	242.39235338654942	-177.58976793107323	96.84691068810592	547.4868418014313	-49.7146079695033
20.91741935483871	34.430534844674845	19.34772237301989	-372.49123270543	-189.08489701604051	400.32317657352655	204.25807573506444	-152.27817070376517	576.5849164298477	-3.2331703943681704	207.59567573949892	83.66794257316525	-76.97228435034752	-40.30953460837677	-186.31457447551037	-53.21623563652249	109.45598928052578	11.534346137583562	104.80932085235503	-110.78307086510586	246.66662858904036	-192.8521389791066	121.7795602880205	524.9017735704783	-30.626555795427652
20.957491039426525	36.22858298513987	40.48219411039884	-398.62813957483974	-208.89127074387318	380.1078961098088	206.89029214294692	-131.7351830883789	584.8395690151864	2.7396885023940643	186.92968462230368	101.15371211657838	-77.55494671737439	-25.080361852671768	-208.0348462567407	-63.70872462657133	123.07240757347563	11.789224135836477	96.18378019252184	-87.672137683186	240.56700135160474	-215.55171633958713	141.02298658723453	507.1846690005461	-32.04630288681407
20.997562724014337																								
21.037634408602152																								
21.077706093189963																								
21.11777777777778																								
21.15784946236559																								
21.197921146953405																								
21.23799283154122																								
21.27806451612903																								
21.318136200716847																								
21.358207885304658																								
21.398279569892473																								
21.43835125448029																								
21.4784229390681																								
21.518494623655915																								
21.558566308243726																								
21.59863799283154																								
21.638709677419357																								
21.678781362007168																								
21.718853046594983																								
21.758924731182795																								
21.79899641577061																								
21.839068100358425																								
21.879139784946236																								
21.91921146953405																								
21.959283154121863																								
21.999354838709678																								
22.03942652329749																								
22.079498207885305																								
22.11956989247312																								
22.15964157706093																								
22.199713261648746																								
22.239784946236558																								
22.279856630824373																								
22.319928315412188																								
22.36																								
