PathFileType	4	(X/Y/Z)	C:\Users\T490\OneDrive\Desktop\110_Internship_Tasks\Sprint GSG Position Analysis\results\sports2d_output\sprint_video_Sports2D\sprint_video_Sports2D_m_person00.trc
DataRate	CameraRate	NumFrames	NumMarkers	Units	OrigDataRate	OrigDataStartFrame	OrigNumFrames
25.0	25.0	523	22	m	25.0	0	523
Frame#	Time	Hip			RHip			RKnee			RAnkle			RBigToe			RSmallToe			RHeel			LHip			LKnee			LAnkle			LBigToe			LSmallToe			LHeel			Neck			Head			Nose			RShoulder			RElbow			RWrist			LShoulder			LElbow			LWrist			
		X1	Y1	Z1	X2	Y2	Z2	X3	Y3	Z3	X4	Y4	Z4	X5	Y5	Z5	X6	Y6	Z6	X7	Y7	Z7	X8	Y8	Z8	X9	Y9	Z9	X10	Y10	Z10	X11	Y11	Z11	X12	Y12	Z12	X13	Y13	Z13	X14	Y14	Z14	X15	Y15	Z15	X16	Y16	Z16	X17	Y17	Z17	X18	Y18	Z18	X19	Y19	Z19	X20	Y20	Z20	X21	Y21	Z21	X22	Y22	Z22
0	0.0	6.782502027505423	0.7728024129739377	0.0301	6.761548818487812	0.8107720484661598	0.0301	6.734992810686957	0.4091257361662184	0.129	6.838095041096579	0.061312202138952665	0.023	6.627071532966671	-0.012270247190726878	0.2179	6.652708143996846	0.010227098950306929	0.1804	6.876350434797346	0.01213411074371099	-0.0119	6.7809276254338124	0.8115596227722177	0.0301	6.744390362559185	0.414311737661154	0.129	6.842941558735252	0.061509414494404877	0.023	6.6458906543752745	-0.006744697430830644	0.2179	6.701199185943518	-0.00692062938958385	0.1804	6.881214497374827	0.012332676715490494	-0.0119	6.748267208865836	1.3801937508149125	0.0008	6.644712930007399	1.6080651583458871	0.0655	6.597868911963572	1.4719935896746126	0.1076	6.6979486516457545	1.291442932951194	-0.01275	6.690448838776194	1.039147280646716	0.0702	6.647881429538131	0.8336393441383871	0.1076	6.73667541107468	1.2978900124905015	-0.01275	6.738896450360785	1.0362828677498837	0.0702	6.769228600387209	0.8096802759438906	0.1076
1	0.04007168458781362	6.777336714560637	0.775771043708067	0.0301	6.7531645402768525	0.811710748992924	0.0301	6.73082639555751	0.41424048327154156	0.129	6.836720166688044	0.06206877522305962	0.023	6.630575764195542	-0.015607394248659921	0.2179	6.652562069576492	0.008615676846405042	0.1804	6.878221095434796	0.009091619305157504	-0.0119	6.784417501289628	0.8123819609141043	0.0301	6.751630748012414	0.4189576326524714	0.129	6.846607109503999	0.0609822636849891	0.023	6.651299116293711	-0.011257440680574092	0.2179	6.707503684779421	-0.0080057846111359	0.1804	6.881109444036003	0.009300072449296273	-0.0119	6.740563520946962	1.3830278608037674	0.0008	6.631476169439119	1.612104790044112	0.0655	6.590199290552523	1.475049852251641	0.1076	6.679065385562142	1.2935173143341172	-0.01275	6.672512707822835	1.0411823865637468	0.0702	6.643854015821027	0.8343445879342123	0.1076	6.75775728170072	1.3073149032624365	-0.01275	6.728471026398415	1.041138319989582	0.0702	6.765601856626431	0.8207822104097696	0.1076
2	0.08014336917562724	6.759020353960644	0.7893596780678216	0.0301	6.723154799729878	0.8112800520816037	0.0301	6.712775477058691	0.4335054693017268	0.129	6.833470001435711	0.07355706728743558	0.023	6.634380195339898	-0.012695838972340603	0.2179	6.6507328997937485	0.010020709916431	0.1804	6.880014191561692	0.013493261767640855	-0.0119	6.78634547937791	0.815245732146456	0.0301	6.7313112250487634	0.43936954671027423	0.129	6.851827051402094	0.07338536189545576	0.023	6.667797171116029	-0.010993885475017954	0.2179	6.72872954126892	-0.005587725528250221	0.1804	6.888216010438328	0.016082598199662894	-0.0119	6.711840914511072	1.3919845465152685	0.0008	6.596410076736419	1.6213327684203243	0.0655	6.55801872236007	1.4812780927582923	0.1076	6.634223031901771	1.300847587139174	-0.01275	6.624185946709498	1.0462865045925462	0.0702	6.586382056043555	0.8516169592441646	0.1076	6.78751524660689	1.3277741472411204	-0.01275	6.747136560581737	1.0682623150634365	0.0702	6.76928925965855	0.8375695931521617	0.1076
3	0.12021505376344085	6.725353041531807	0.8108687352176189	0.0301	6.673977577661811	0.808122047019949	0.0301	6.688814161482874	0.4572376251982014	0.129	6.828624065376489	0.09054049032910687	0.023	6.629424875327661	-0.0013956894863519696	0.2179	6.643768042181993	0.013177998538783809	0.1804	6.879563355866863	0.026273092261229963	-0.0119	6.773147027134583	0.8180566527549563	0.0301	6.665641469471376	0.46843560399356277	0.129	6.828602261167807	0.09531148745893608	0.023	6.654259781805451	-0.0019799596611450206	0.2179	6.7231583910311095	0.0012564267376393462	0.1804	6.878445248771185	0.03567488347347385	-0.0119	6.665481511496055	1.4040696362515102	0.0008	6.548710075641163	1.6302371963705244	0.0655	6.504811880637096	1.4869414426487382	0.1076	6.576620751395517	1.3109339704696625	-0.01275	6.558938466849932	1.0513671259907207	0.0702	6.481161950782542	0.8716844701275855	0.1076	6.800923426048493	1.3485066820489424	-0.01275	6.789785463176397	1.1042499368486671	0.0702	6.781575601784991	0.8498702347290804	0.1076
4	0.16028673835125448	6.680879264772227	0.8284697746069545	0.0301	6.623924220426798	0.8046513030935781	0.0301	6.6716766697722285	0.4693316782489041	0.129	6.823120500312259	0.10000788585591504	0.023	6.616255881205523	0.008560079903547829	0.2179	6.633128825565001	0.014393545477584016	0.1804	6.876238973602478	0.03719705843081994	-0.0119	6.735434069186736	0.8177818721354977	0.0301	6.57414854606465	0.48977064884091154	0.129	6.7434193405221725	0.10551598251632689	0.023	6.558561658036661	0.010762264699768187	0.2179	6.6313664311271765	0.006268769438862747	0.1804	6.807926304519113	0.04982759325757413	-0.0119	6.615595939678945	1.411052444942739	0.0008	6.503452400269911	1.6342673904508367	0.0655	6.450086410220584	1.4881175607928216	0.1076	6.524796430020428	1.318922545972481	-0.01275	6.49989880992359	1.0549208474743434	0.0702	6.379333259754754	0.8788170721108123	0.1076	6.779582149535348	1.3553149109010902	-0.01275	6.820693419222434	1.1206556661943738	0.0702	6.790208234928776	0.8531917319582983	0.1076
5	0.2003584229390681	6.633172832459957	0.8330452286313337	0.0301	6.585697002213445	0.8026747618679781	0.0301	6.657484363801424	0.4687720423130913	0.129	6.817278037123362	0.10092107367129964	0.023	6.605579304582713	0.009028969341234885	0.2179	6.626162751717283	0.012372299635406179	0.1804	6.871241413174197	0.039753319071408756	-0.0119	6.680971555806556	0.8141399056034248	0.0301	6.495126154373673	0.4958284596304985	0.129	6.607689421831339	0.09527710744830141	0.023	6.398961762948128	0.021918948911652407	0.2179	6.46389093967138	0.005497958087760874	0.1804	6.671013071418054	0.04089875268855034	-0.0119	6.568369525671342	1.4087344539583682	0.0008	6.4597327690469575	1.6352731706203576	0.0655	6.404102063554269	1.484444815215117	0.1076	6.477794605530156	1.3214735711700296	-0.01275	6.4490342225353245	1.0585868040896362	0.0702	6.307437965730729	0.8836716512991697	0.1076	6.735122938134401	1.34973390222723	-0.01275	6.823780597557603	1.114635391744366	0.0702	6.777357860853141	0.8569799276795724	0.1076
6	0.2404301075268817	6.588044248046265	0.8240022744601282	0.0301	6.552660099710597	0.7971961118576563	0.0301	6.635946728383674	0.4622520178675238	0.129	6.810632657435595	0.1006128958855142	0.023	6.598163881186843	0.004151482242928649	0.2179	6.624310705722429	0.007792097309690087	0.1804	6.865188252455106	0.03893952421063883	-0.0119	6.623602345922005	0.8066489359791207	0.0301	6.440401495928349	0.48635186165169314	0.129	6.461494069024735	0.08061529070129794	0.023	6.240928700039954	0.03202977264998486	0.2179	6.2903912074199955	0.006957344915278563	0.1804	6.50848532357224	0.02050337811070615	-0.0119	6.5220885457995195	1.3996631498136116	0.0008	6.413922377302372	1.6312760072822656	0.0655	6.362306419414059	1.475955201496743	0.1076	6.429920080138084	1.3156738310946376	-0.01275	6.3995955207280595	1.059099571889809	0.0702	6.248573986907688	0.8931944198363171	0.1076	6.683676844885756	1.339918839314382	-0.01275	6.807371275812719	1.1019723500646823	0.0702	6.737089137875294	0.8611563706736449	0.1076
7	0.28050179211469534	6.542037705519787	0.808396454965132	0.0301	6.508259349619094	0.7855391433214479	0.0301	6.605043185763628	0.45274002781807127	0.129	6.802740306680833	0.09963336366342765	0.023	6.592696987169852	-0.0027634493293202406	0.2179	6.623521353469668	0.0027482136844275366	0.1804	6.859145002525595	0.038187814613627906	-0.0119	6.569695728388185	0.794827047510935	0.0301	6.3939067808192505	0.4690947793841148	0.129	6.330433766188855	0.07165501005212593	0.023	6.1153690347067275	0.03696829696004485	0.2179	6.1535556330856185	0.014573934241634947	0.1804	6.359100035750904	0.006640100316643822	-0.0119	6.472448977778406	1.3880410730921788	0.0008	6.367057344408597	1.6175629971095156	0.0655	6.3146531813232	1.463093228769061	0.1076	6.378999701970929	1.3037054978698033	-0.01275	6.347763718322741	1.052777269865604	0.0702	6.187971070014814	0.8983855527710869	0.1076	6.629408065685822	1.3280437639551177	-0.01275	6.774107301275083	1.0892923327100568	0.0702	6.68067380311115	0.8541261553071492	0.1076
8	0.32057347670250896	6.489558889282813	0.7954419006234619	0.0301	6.451158025348855	0.7744726279690011	0.0301	6.568393716568038	0.4414453342714223	0.129	6.793908483696015	0.09626562739823677	0.023	6.593065971532261	-0.01071928383383006	0.2179	6.623670079909043	-0.00039895237569846734	0.1804	6.853294236065887	0.03841137387021977	-0.0119	6.516478135794011	0.7833647712539995	0.0301	6.336924245607081	0.4588483425702768	0.129	6.228362157064103	0.0625938421914859	0.023	6.018331128435424	0.03360453437327089	0.2179	6.053492558889852	0.01591964425785325	0.1804	6.246584005501539	-0.0002776861303996661	-0.0119	6.419131251314195	1.3756775938329213	0.0008	6.317762672780383	1.5972009497615993	0.0655	6.258150162323827	1.447574821864052	0.1076	6.325880108320168	1.2930488556808197	-0.01275	6.29457801666942	1.0424150621259063	0.0702	6.1331400565472896	0.8977811229064643	0.1076	6.572230507883398	1.3136678401736759	-0.01275	6.725448985359915	1.074232105630988	0.0702	6.621621337044147	0.837203002363934	0.1076
9	0.3606451612903226	6.433117793930125	0.7892094217576404	0.0301	6.3949041008226155	0.7709428557363333	0.0301	6.522708648903308	0.4328679688279302	0.129	6.780770719924844	0.09666733936324172	0.023	6.595049354738609	-0.016015475919877883	0.2179	6.622329454247901	-0.003561965618536732	0.1804	6.842392122533913	0.04556005849311486	-0.0119	6.459801610589356	0.7786571763541779	0.0301	6.265954895597977	0.4611516062850582	0.129	6.16577571363438	0.052123706571207795	0.023	5.9489140366199935	0.025506748214468675	0.2179	5.985781830121868	0.001964936552670084	0.1804	6.184126910587347	-0.005036361899014061	-0.0119	6.366077422084434	1.3636181166543102	0.0008	6.2639850003511715	1.580320218516832	0.0655	6.200121602345958	1.4333125026023628	0.1076	6.273422227432622	1.2871727300909395	-0.01275	6.241917473768794	1.0319717379288627	0.0702	6.089040311594716	0.8926324436248833	0.1076	6.5148619096387765	1.2993580694528912	-0.01275	6.666470860133982	1.0567933059684183	0.0702	6.558211532642678	0.8224088867299567	0.1076
10	0.4007168458781362	6.376533788372265	0.7867146290081929	0.0301	6.344576330266192	0.7738856479460133	0.0301	6.455418397614071	0.4291267036942016	0.129	6.752962354036846	0.10942164413618134	0.023	6.592929660994206	-0.017559816913903466	0.2179	6.615242330014315	-0.00740072465360473	0.1804	6.818550702744931	0.06918786874891861	-0.0119	6.39874752832096	0.7797623311049636	0.0301	6.193000619555663	0.4658607627825852	0.129	6.137159676998981	0.04598838710866894	0.023	5.910144876193116	0.01339160083743633	0.2179	5.948350702697163	-0.017543404110607435	0.1804	6.163349780215468	-0.007707631010508315	-0.0119	6.312739546849605	1.3545058170050275	0.0008	6.20869467924526	1.5734401754103877	0.0655	6.145406611808611	1.42602113543635	0.1076	6.222556188099397	1.2838182025574318	-0.01275	6.18850970181838	1.0229466616598726	0.0702	6.046407170537655	0.8759752630308888	0.1076	6.45661107549411	1.2880598193896093	-0.01275	6.599091385938555	1.0415072902694449	0.0702	6.483561646068513	0.8117845779560169	0.1076
11	0.44078853046594985	6.317407940354656	0.7845371787454247	0.0301	6.291731561602111	0.7770974626844438	0.0301	6.364117150864899	0.4247633958569936	0.129	6.700761293360764	0.13569644435568382	0.023	6.586692761392702	-0.013600105598943554	0.2179	6.603450356802372	-0.004259909397789899	0.1804	6.776100420674177	0.11300399512127143	-0.0119	6.334767292008455	0.7800634675237591	0.0301	6.131008199344568	0.46373869139759555	0.129	6.125520867326194	0.04480689646160405	0.023	5.898353872092826	-0.00022743824681899637	0.2179	5.935026496823289	-0.028573147846518442	0.1804	6.1616882952159	-0.008238939656826127	-0.0119	6.255975884565683	1.3516397905907767	0.0008	6.155557812666573	1.5744077229197462	0.0655	6.090414049984418	1.4271171817165664	0.1076	6.171467848292694	1.2821448682330665	-0.01275	6.137106242301439	1.0157171317968328	0.0702	6.003692003256474	0.8459179449773077	0.1076	6.394110834880091	1.2810467162237271	-0.01275	6.526790264376197	1.0324495004746368	0.0702	6.40646447961364	0.8017912563878433	0.1076
12	0.4808602150537634	6.252539280312144	0.7842633026230835	0.0301	6.227059248170658	0.7793724991218985	0.0301	6.262996163185235	0.4190461544111264	0.129	6.62418128373715	0.16760336132601375	0.023	6.5622616196202985	-0.0016128975422708164	0.2179	6.575360041114848	0.010132262346002507	0.1804	6.709369253264394	0.16028525460193452	-0.0119	6.271205085662881	0.7795910536038191	0.0301	6.0867354237363545	0.4577451326302121	0.129	6.119232730875889	0.04373970898442879	0.023	5.90111051204878	-0.007440311487332382	0.2179	5.938499820572637	-0.02870123586877686	0.1804	6.162742886626286	-0.010533493543319948	-0.0119	6.198475424426737	1.3558046744530063	0.0008	6.104046810098766	1.5796152160685453	0.0655	6.0334171963441126	1.4322630000324936	0.1076	6.1204055496154535	1.2847024727143643	-0.01275	6.097407128055971	1.0123753872454089	0.0702	5.976896685122239	0.8178395513588301	0.1076	6.329140062361396	1.2798744574527667	-0.01275	6.454936342773547	1.0295077922056672	0.0702	6.339108075861845	0.7961125297837744	0.1076
13	0.520931899641577	6.183809632192055	0.7882818949033353	0.0301	6.150625566450539	0.7860053084374	0.0301	6.160713062240865	0.4213170962664538	0.129	6.531154047206925	0.19424336179997545	0.023	6.496266931322945	0.01602764089507988	0.2179	6.505805077229132	0.03065297527554657	0.1804	6.616859026183604	0.18865927051969583	-0.0119	6.210166254804767	0.7857748383718757	0.0301	6.061545103348807	0.4535007022997669	0.129	6.115033766584424	0.04069366690533203	0.023	5.904516298814817	-0.007317571818034946	0.2179	5.948919261644053	-0.02529453223866021	0.1804	6.163180856394252	-0.016585146082471785	-0.0119	6.143140091739579	1.364835381440435	0.0008	6.051049166951816	1.5906994404866497	0.0655	5.977204079194393	1.4393268150946317	0.1076	6.071925646496515	1.293397912468639	-0.01275	6.0699716363872005	1.0185957682383908	0.0702	5.969265985854619	0.8139208025352936	0.1076	6.264264463521797	1.2871096788479086	-0.01275	6.384354388402009	1.033083919753158	0.0702	6.2770077238447755	0.7994607787642477	0.1076
14	0.5610035842293907	6.116997481405859	0.7959107932553416	0.0301	6.074204125887763	0.7967459485293216	0.0301	6.05435576495193	0.43651009182509765	0.129	6.425117401598835	0.20779880952710536	0.023	6.385471761458395	0.038551345670096736	0.2179	6.38817556730395	0.05551702887214469	0.1804	6.505699857552928	0.20312103906069529	-0.0119	6.1534396164462795	0.7985492072716158	0.0301	6.050678485013191	0.45096638088303714	0.129	6.113128454071723	0.038059985125135185	0.023	5.902443445214235	-0.006540945761731795	0.2179	5.955201124448396	-0.02583942600831489	0.1804	6.165241310942323	-0.02126443746257503	-0.0119	6.0878602426155375	1.3755174569321686	0.0008	5.994691112392097	1.607807218473825	0.0655	5.922817604877172	1.4491043862397859	0.1076	6.02604254792107	1.3048704887202562	-0.01275	6.0397457719328935	1.034773712132775	0.0702	5.954747327357331	0.8377034905487726	0.1076	6.199977007428689	1.3019603275324636	-0.01275	6.315040147587332	1.0451422335712985	0.0702	6.2125074684458825	0.8096789574051623	0.1076
15	0.6010752688172043	6.05811564644418	0.8068452646120777	0.0301	6.009536313119705	0.8059626622140872	0.0301	5.946508380766709	0.4597566384153887	0.129	6.297965115442984	0.2037669704410696	0.023	6.23448013523128	0.062448545303476315	0.2179	6.230710530680418	0.08021234316010924	0.1804	6.375319384509757	0.21060292920869508	-0.0119	6.104573915044733	0.8100532372358671	0.0301	6.045469285942724	0.45034879086635643	0.129	6.113241247675629	0.0384790148416455	0.023	5.896886588319292	-0.007516375824359397	0.2179	5.95500546441592	-0.03025378717096402	0.1804	6.166839940772707	-0.020783069927932846	-0.0119	6.032728866763724	1.385275211186462	0.0008	5.937376632463538	1.6235575019166808	0.0655	5.870237712381884	1.4594312883768799	0.1076	5.981022110636793	1.3119311459920697	-0.01275	5.999847023805378	1.0524538612513332	0.0702	5.917815693345473	0.8694613045363047	0.1076	6.139513029590103	1.3187063082722295	-0.01275	6.251398561426307	1.0626118158471443	0.0702	6.149667103013618	0.8242480779371806	0.1076
16	0.6411469534050179	6.008327812815804	0.8187246420628268	0.0301	5.955195100803278	0.8133999189411144	0.0301	5.847220473177645	0.4849378412247537	0.129	6.153226446135755	0.18578559701499606	0.023	6.047969425531991	0.07115411082719136	0.2179	6.044406305275062	0.08685518613692199	0.1804	6.22224525537069	0.18741196473245433	-0.0119	6.06203046702877	0.8179655885260082	0.0301	6.036385812618934	0.455477787043492	0.129	6.1127981588167986	0.042793338154222114	0.023	5.894361743501763	-0.007754430170521576	0.2179	5.953908259078282	-0.031692017043861154	0.1804	6.164096571590801	-0.017144669970018327	-0.0119	5.980342536958605	1.3937840710389429	0.0008	5.881747523120472	1.632310359654826	0.0655	5.820815876718682	1.467079678261237	0.1076	5.936646554391184	1.3121652958567376	-0.01275	5.960129763179235	1.0661627901500543	0.0702	5.874977645659167	0.8899453359557908	0.1076	6.084705995511432	1.3324869044929886	-0.01275	6.196558709825134	1.0793379117990187	0.0702	6.092531591816492	0.8432687321337888	0.1076
17	0.6812186379928316	5.960387321893579	0.8236984024394525	0.0301	5.901857925972652	0.819465305404494	0.0301	5.7634754932117644	0.5067579391106906	0.129	6.0165165238241745	0.16584230407847422	0.023	5.857300317290943	0.05776512456722208	0.2179	5.860305466633276	0.07107491623253727	0.1804	6.07163726760126	0.13074400759001578	-0.0119	6.018312586024952	0.822717745161535	0.0301	6.017090120419686	0.46464885307232484	0.129	6.109189747650394	0.04989672843511631	0.023	5.8967239521251384	-0.00717645385877006	0.2179	5.953708709626171	-0.026885342216588982	0.1804	6.159190937297377	-0.011048773779703843	-0.0119	5.929986972478129	1.399946257364468	0.0008	5.825682604272397	1.6351236216848624	0.0655	5.773711382209114	1.4702778126498512	0.1076	5.893474271890455	1.3096746256397198	-0.01275	5.926497356832686	1.073458042433106	0.0702	5.838546376010902	0.8946786379369508	0.1076	6.032000125288834	1.3402469236455572	-0.01275	6.147443301265349	1.0915587503822748	0.0702	6.036866249704182	0.8627083435432182	0.1076
18	0.7212903225806452	5.906594387058833	0.8192605823120697	0.0301	5.844610877556711	0.8191563858250126	0.0301	5.694424383257311	0.5198108462102637	0.129	5.894390820360876	0.15314361383421715	0.023	5.694927120456438	0.04415639735685999	0.2179	5.704594675659513	0.05831485745532164	0.1804	5.9489195150856	0.0865557519447543	-0.0119	5.969302529598966	0.8214167216241653	0.0301	5.990500920464522	0.468254865367195	0.129	6.103764120219178	0.05764941000571298	0.023	5.8975937533581275	-0.007547270590932473	0.2179	5.952401476633389	-0.021455249391746475	0.1804	6.1564640023297645	-0.001844342522422274	-0.0119	5.8784827873316425	1.3987311731790506	0.0008	5.766796734075103	1.6337428941556744	0.0655	5.723094884017797	1.46753260408326	0.1076	5.847523856379353	1.3075155197142059	-0.01275	5.891978855028896	1.0732798291427426	0.0702	5.795539036036228	0.8915963766008421	0.1076	5.978231421784291	1.3394979617698872	-0.01275	6.0990825560574535	1.0969141713911155	0.0702	5.98063209950642	0.8755098692592024	0.1076
19	0.7613620071684588	5.850506641321519	0.8134658713370967	0.0301	5.787332629918606	0.8116525599419858	0.0301	5.637359929363473	0.5218286959096905	0.129	5.768117292973206	0.15133561820307803	0.023	5.557381366941654	0.053875976427651885	0.2179	5.568532368864657	0.0714793488933537	0.1804	5.835037237329267	0.08356711026475573	-0.0119	5.918940146358973	0.8153608118156997	0.0301	5.963366024156873	0.4638130798790566	0.129	6.100344617919985	0.06425608608475006	0.023	5.896053688799189	-0.008441552272834803	0.2179	5.951148658555683	-0.019741299213503045	0.1804	6.155199750920901	0.007435928915346468	-0.0119	5.8231250111295765	1.3875308801353663	0.0008	5.706821432730803	1.6291981880313784	0.0655	5.664867635565314	1.4591215350153621	0.1076	5.791345352857207	1.304024216009481	-0.01275	5.837107055372076	1.073945793074528	0.0702	5.728008804628562	0.8921188016581731	0.1076	5.922744816971404	1.332102138428684	-0.01275	6.0487109032968025	1.095272158082807	0.0702	5.927195130331471	0.8776826169046459	0.1076
20	0.8014336917562724	5.801388245758398	0.8112416366491582	0.0301	5.737363618218646	0.8024095631748199	0.0301	5.592582353626185	0.5122222787060291	0.129	5.630446172370979	0.14991309777781817	0.023	5.426542629647193	0.07758114509061192	0.2179	5.436478853242261	0.09787569616739514	0.1804	5.697593820718433	0.09269136269116886	-0.0119	5.873135379356112	0.8094857029506891	0.0301	5.935254174401951	0.46028687056054723	0.129	6.09895561453067	0.06826437661646383	0.023	5.899202973307666	-0.008428462902045722	0.2179	5.953403395659103	-0.01967180698986288	0.1804	6.153042620906455	0.013890998732026198	-0.0119	5.765008406919137	1.3719934695809515	0.0008	5.648229488979983	1.6204662659508686	0.0655	5.60355985065827	1.4477191713304893	0.1076	5.727482075061716	1.2966224187656135	-0.01275	5.750256942336335	1.0772344249231205	0.0702	5.645819759721307	0.8938757600439504	0.1076	5.865802637166286	1.322852750919909	-0.01275	5.9956747579733545	1.091283312476677	0.0702	5.878656783027785	0.8713885231697593	0.1076
21	0.8415053763440861	5.756500308671505	0.8063426681228343	0.0301	5.69155685236136	0.7945485379800097	0.0301	5.550549878113801	0.49142094666266567	0.129	5.496978955953667	0.1284005501991981	0.023	5.30129322643646	0.08307663767240063	0.2179	5.313070518444099	0.10330473813369245	0.1804	5.546206689223344	0.07355516146283625	-0.0119	5.827036313596102	0.8039810486827142	0.0301	5.90112600018102	0.460164680066829	0.129	6.094364576045168	0.07103082073629864	0.023	5.9072411660838835	-0.008346303124338083	0.2179	5.959591998360798	-0.020830758560978848	0.1804	6.1500688492477344	0.01871708690951697	-0.0119	5.707356657969514	1.3593293588351691	0.0008	5.589026803449852	1.6056064443791547	0.0655	5.544306201030859	1.43621925617428	0.1076	5.666920649974684	1.2863241597502002	-0.01275	5.6646445451775955	1.0697657060525751	0.0702	5.58615956273627	0.8839716681859815	0.1076	5.80813865623839	1.313726497831241	-0.01275	5.940694559485373	1.0895889875034275	0.0702	5.834465031465252	0.8646852351325551	0.1076
22	0.8815770609318997	5.702310512669606	0.7943455371909105	0.0301	5.637093998326121	0.7887922504116942	0.0301	5.495760427354768	0.4675349717392222	0.129	5.400132974562203	0.09341124168743271	0.023	5.203132131169933	0.06012519512594285	0.2179	5.219610960144981	0.07896691900455037	0.1804	5.433127663640939	0.03388132802364242	-0.0119	5.768958985546539	0.7976215735500254	0.0301	5.854634554823255	0.45436738596024745	0.129	6.0784609708163995	0.079615568329223	0.023	5.911455045291232	-0.009976844845185675	0.2179	5.964697586855921	-0.022693187994694653	0.1804	6.141738831491008	0.027221056121118532	-0.0119	5.649140301434142	1.3502831170502951	0.0008	5.52602233244333	1.5874453692974293	0.0655	5.485581665733192	1.4260846723967155	0.1076	5.610957193107563	1.2768644869220367	-0.01275	5.618445865791674	1.0511188963277547	0.0702	5.559656627919146	0.8640733871574618	0.1076	5.747729210806145	1.30392503094234	-0.01275	5.883850191693794	1.0879584808402356	0.0702	5.788287750531044	0.8611632957316894	0.1076
23	0.9216487455197133	5.634605197042846	0.783156872325244	0.0301	5.570147068664202	0.7851562482576518	0.0301	5.42999868184408	0.45283641793569235	0.129	5.354644689907109	0.07138679594681106	0.023	5.145694050263463	0.03075744940403012	0.2179	5.1675183261998665	0.049173533183999196	0.1804	5.386696733015866	0.009523166813020704	-0.0119	5.699184788346264	0.792029127339425	0.0301	5.788751537212412	0.4404924659592732	0.129	6.0443855743725985	0.09969007401620948	0.023	5.9054693701319705	-0.01375988434478278	0.2179	5.962273375119322	-0.021850212234343167	0.1804	6.118388679761412	0.04819307612244828	-0.0119	5.587856527832428	1.3427396004590155	0.0008	5.461792920184431	1.5707585223102394	0.0655	5.4256217242661755	1.4173213239054359	0.1076	5.551334055163057	1.2705773616031935	-0.01275	5.588380931926863	1.0347241680277144	0.0702	5.529884763547004	0.8463419812192313	0.1076	5.682362506240048	1.2943666406231031	-0.01275	5.822269502756252	1.0823249965342736	0.0702	5.728850348964331	0.8548204130717592	0.1076
24	0.9617204301075268	5.562753531079659	0.7793240025436399	0.0301	5.499062299380618	0.783780855485374	0.0301	5.366190126923239	0.44971005818816023	0.129	5.338726521993689	0.06549835934460728	0.023	5.119858385952185	0.015780838460248824	0.2179	5.145893885137996	0.034548336894165664	0.1804	5.379416202379754	0.0075708762995136	-0.0119	5.628617880838731	0.788764111157251	0.0301	5.704245939808378	0.42645071340437046	0.129	5.992580409180197	0.12813977217612574	0.023	5.888149542934123	-0.015982098577159987	0.2179	5.946822306249205	-0.016181732407871807	0.1804	6.076401995307439	0.08684633800631264	-0.0119	5.526047810267539	1.3387380911803461	0.0008	5.400512000388047	1.5584622468890184	0.0655	5.366744522930316	1.4098442559898214	0.1076	5.485820202874954	1.268357650660262	-0.01275	5.536219667574594	1.0241385662904121	0.0702	5.471373084738529	0.8320267379502877	0.1076	5.6171676927293275	1.2889924707168674	-0.01275	5.755449906132207	1.0741923869111374	0.0702	5.655565560829958	0.8421134444258441	0.1076
25	1.0017921146953406	5.496397252601273	0.779376803030373	0.0301	5.433906884341613	0.7863621602075402	0.0301	5.3122228057944065	0.4511383077513538	0.129	5.3313005429445415	0.0641568340254465	0.023	5.11679549178309	0.01503745919915999	0.2179	5.141090033110818	0.03372815066803264	0.1804	5.377648468788738	0.01113173656802457	-0.0119	5.563406126835193	0.7886965002136528	0.0301	5.60536011040298	0.4170564779714079	0.129	5.9250312726718555	0.16122655757068416	0.023	5.855801758145262	-0.004551561314657254	0.2179	5.909625375757503	0.002530769635695952	0.1804	6.0134775300080525	0.13867516986468068	-0.0119	5.4688184994324285	1.341737091729338	0.0008	5.342661986141021	1.5524903264396677	0.0655	5.312550864290409	1.4048025899985257	0.1076	5.42256662030607	1.271217026100903	-0.01275	5.47092159483064	1.0190976997586632	0.0702	5.405816893356723	0.8205015753057919	0.1076	5.558745446936761	1.2906457088252106	-0.01275	5.691093888757906	1.066618329969343	0.0702	5.584769898372853	0.8287823604323877	0.1076
26	1.041863799283154	5.437298646878562	0.7834537919838558	0.0301	5.379652104627955	0.7911657767757913	0.0301	5.272515726580276	0.45162543044659786	0.129	5.327705477738469	0.06454077574069422	0.023	5.125342562031022	0.016225960723658766	0.2179	5.143090047644853	0.03380673833018063	0.1804	5.37358308685826	0.009869695154153221	-0.0119	5.500862950275902	0.791337875260081	0.0301	5.492379053360093	0.4155653205272701	0.129	5.838433413186923	0.19520503253348637	0.023	5.795826765048382	0.02491991664890986	0.2179	5.838688597954905	0.03968432244043921	0.1804	5.922819820272869	0.18736225489031105	-0.0119	5.417337471619702	1.3498166893542738	0.0008	5.289404106861801	1.5533467863960724	0.0655	5.263294447073113	1.4055201602299277	0.1076	5.368873573738978	1.277446749613403	-0.01275	5.4166749392648486	1.0225480680195036	0.0702	5.360263347653905	0.8194469704883449	0.1076	5.5059581992128	1.298743009938452	-0.01275	5.634840407291523	1.0631393856170481	0.0702	5.529199607267657	0.8256903183136265	0.1076
27	1.0819354838709678	5.382973298125828	0.7963266902397483	0.0301	5.3337115948009535	0.7959155495897093	0.0301	5.246105965403393	0.45043722559415184	0.129	5.325046047923948	0.06533284189008148	0.023	5.126804357926008	0.011842243267053451	0.2179	5.14365437709051	0.027845822447315784	0.1804	5.372425873295552	0.004279950128433601	-0.0119	5.437990054722555	0.7961140869906282	0.0301	5.375684861592989	0.42615618433414737	0.129	5.735649379193936	0.21799201177772087	0.023	5.696407767835568	0.05261324632381379	0.2179	5.732567551883618	0.07545991147580174	0.1804	5.811776867880961	0.21330400054070053	-0.0119	5.368670321699854	1.3590477035129531	0.0008	5.242990365447218	1.5610801734708224	0.0655	5.215322932101439	1.4140151050851535	0.1076	5.322202503740653	1.2832619842789026	-0.01275	5.369764382852736	1.0308191528045947	0.0702	5.321226852862389	0.8285100606032151	0.1076	5.455994691736534	1.310618070979859	-0.01275	5.5823361885644465	1.067725640055189	0.0702	5.480357386276185	0.8408013561950075	0.1076
28	1.1220071684587813	5.333042552219616	0.8140421726440428	0.0301	5.2916402428028855	0.8057515821830621	0.0301	5.227581528776378	0.45206050122922714	0.129	5.321926655294805	0.06751224303814866	0.023	5.119704816162585	0.004870058448597422	0.2179	5.142849343423374	0.021743516310421682	0.1804	5.375238485666407	0.004900689697815453	-0.0119	5.378352230586951	0.806633980823802	0.0301	5.2737871249354775	0.4461429732085288	0.129	5.625144720326463	0.222524341726855	0.023	5.5646372108960245	0.05956635524058448	0.2179	5.607681211368526	0.08515267889409171	0.1804	5.699726748730163	0.21519321755807683	-0.0119	5.32092198507772	1.3690573009923324	0.0008	5.200703388810303	1.5754958723662342	0.0655	5.167621880865776	1.4256817803948014	0.1076	5.275850277580097	1.2886925638165754	-0.01275	5.309445448189016	1.0367040610999099	0.0702	5.252263242893787	0.837603592344815	0.1076	5.410210623947815	1.3218180399532036	-0.01275	5.530348242657585	1.0770695095955312	0.0702	5.423600607492587	0.8665309492303845	0.1076
29	1.162078853046595	5.287243912085108	0.8263589791743313	0.0301	5.252397979907765	0.8218147349465705	0.0301	5.217955911552581	0.4612409315239651	0.129	5.319664517760035	0.07926585538883776	0.023	5.117432418422486	0.0012543827828593469	0.2179	5.144414309573577	0.021946132504612893	0.1804	5.3757422140539335	0.022824598345127848	-0.0119	5.323451814391598	0.8228441187474079	0.0301	5.187044274036277	0.4693817682359873	0.129	5.503033923742128	0.21309194269169784	0.023	5.414093448210082	0.049805674067070274	0.2179	5.469468805189752	0.06889607019124513	0.1804	5.584182505480483	0.20204655755323048	-0.0119	5.274397664528406	1.3785673832812888	0.0008	5.15802719918125	1.5929642347899349	0.0655	5.122646756274384	1.4348525961338205	0.1076	5.228061622700416	1.2959607440873382	-0.01275	5.232552363678784	1.039717829336182	0.0702	5.145460051640935	0.8457811667436539	0.1076	5.368112325368249	1.32787519125593	-0.01275	5.481456527513678	1.0839928966098666	0.0702	5.358853679610978	0.8848656379944165	0.1076
30	1.2021505376344086	5.243013374825853	0.8299946668259232	0.0301	5.215002038639969	0.8342493776283423	0.0301	5.216142818349321	0.4725271943846565	0.129	5.317291643735499	0.09709125786565917	0.023	5.11993670361446	0.004280606295149246	0.2179	5.147084853190469	0.024435466950075275	0.1804	5.3701997853008026	0.04507182265243996	-0.0119	5.268779297923299	0.8351699280037751	0.0301	5.10087856843408	0.49140333426899413	0.129	5.362451379475512	0.18963257064260525	0.023	5.244982289165797	0.034145479989790894	0.2179	5.304614120765293	0.04346806762274143	0.1804	5.4469878336653865	0.16799229826353443	-0.0119	5.2289082498917	1.3835778412823743	0.0008	5.115830358163412	1.6054405806005583	0.0655	5.079599683686817	1.4416088133044094	0.1076	5.181731238380227	1.3038962803192784	-0.01275	5.158043566674712	1.0431275783483878	0.0702	5.031806445812808	0.860249656083276	0.1076	5.323502791527422	1.3282387964324047	-0.01275	5.435030310110499	1.0862266570198014	0.0702	5.292682027253277	0.8883556274295105	0.1076
31	1.2422222222222223	5.199899518006285	0.8297964716234297	0.0301	5.179797491620121	0.8385916421052296	0.0301	5.208605864986081	0.4769624291541564	0.129	5.314022366336762	0.1036747765300145	0.023	5.119338993846677	0.01244281438291137	0.2179	5.14731483999047	0.024019699749435932	0.1804	5.361122309507827	0.04593715407494742	-0.0119	5.2164496194245835	0.8385614554139573	0.0301	5.015847573896728	0.5069287772116572	0.129	5.21620831365343	0.1530282386822346	0.023	5.064790717036044	0.020827471491873285	0.2179	5.123125069603649	0.025674667987218073	0.1804	5.294632709109042	0.11284423170502274	-0.0119	5.183475515188235	1.3830730265572684	0.0008	5.075980675489943	1.607006812005884	0.0655	5.034915056417894	1.446437366312243	0.1076	5.138177402824965	1.3089835551664997	-0.01275	5.098591939311922	1.0465954370517285	0.0702	4.940783724216266	0.8820206078466986	0.1076	5.27243837140576	1.3258986644948403	-0.01275	5.386791797199571	1.0834294476621513	0.0702	5.227601581583366	0.8814200260856504	0.1076
32	1.2822939068100359	5.160194819548885	0.8283660883739838	0.0301	5.151769376461523	0.8381035600685638	0.0301	5.188708938946021	0.47629694132103306	0.129	5.311790285748847	0.09719417664726124	0.023	5.1182241174794765	0.01849028192100871	0.2179	5.145368504055435	0.022573623564158263	0.1804	5.354235347697318	0.030942828634579207	-0.0119	5.172193259532093	0.8372437670126044	0.0301	4.949545619777737	0.5120839706959361	0.129	5.08425078625619	0.11738489310298705	0.023	4.897174034776715	0.022425409491619377	0.2179	4.95283925419999	0.022350399752701127	0.1804	5.1514950924119765	0.062316405301824404	-0.0119	5.1380258849996485	1.378762741481298	0.0008	5.036067068026806	1.6009422105181481	0.0655	4.9890023925727744	1.4465765773098267	0.1076	5.0954029637251095	1.3084064051510387	-0.01275	5.047971016233729	1.0479394684670584	0.0702	4.872960211985474	0.9079092078694353	0.1076	5.2203799422355806	1.3223353979427228	-0.01275	5.335425916954124	1.0751143288920626	0.0702	5.166436733891983	0.8709720247718851	0.1076
33	1.3223655913978494	5.122709980269398	0.8230897295821955	0.0301	5.129218539159159	0.8322682729491638	0.0301	5.164021992763214	0.4749153346151535	0.129	5.309615390398743	0.091642762211077	0.023	5.119555300285366	0.018305551630218596	0.2179	5.144566789960245	0.02195104483533894	0.1804	5.353455124228815	0.026167671175626246	-0.0119	5.1309391529118615	0.8325995416455706	0.0301	4.909490163030306	0.5052378665381819	0.129	4.964778961083395	0.09354505337412389	0.023	4.755013579600325	0.04412666779624082	0.2179	4.799712790727423	0.027253681621581233	0.1804	5.019070020737245	0.036130927970835114	-0.0119	5.092277086661625	1.3708466208690209	0.0008	4.993573891069449	1.593338237359545	0.0655	4.945525193241448	1.4410883719582956	0.1076	5.0504611075289585	1.3023527309774063	-0.01275	4.998103322329098	1.0453267524422056	0.0702	4.814346054612138	0.9350950261950057	0.1076	5.172248522956489	1.3156662775646197	-0.01275	5.28205734509064	1.0636727085210007	0.0702	5.110672716546013	0.8611566252006391	0.1076
34	1.362437275985663	5.0812485956917985	0.8131244786723664	0.0301	5.098757461584215	0.8213939781614062	0.0301	5.137271178350151	0.4700713387221204	0.129	5.303630901174488	0.09184574069017898	0.023	5.119315434299748	0.0168176156310698	0.2179	5.145006491398006	0.021365650796407554	0.1804	5.355236420359004	0.03370318859476534	-0.0119	5.083396486257015	0.8229971462073774	0.0301	4.8821579516137685	0.48647186066434583	0.129	4.846753163200287	0.07879857170580551	0.023	4.637125892601321	0.06954221218581476	0.2179	4.666461183303862	0.03249240947595675	0.1804	4.886736946978441	0.02870223581563981	-0.0119	5.043879350563653	1.3603433996840328	0.0008	4.9487580740521535	1.584769820786465	0.0655	4.903309251349864	1.4330665475545827	0.1076	5.002295596684605	1.2937000238177188	-0.01275	4.951704268523829	1.0375184257431682	0.0702	4.758969636112196	0.955686406516023	0.1076	5.123072569319957	1.303525685738311	-0.01275	5.227175905506097	1.0510541943342329	0.0702	5.0562089219315585	0.8488770804182199	0.1076
35	1.4025089605734766	5.032734315875375	0.8023889110252379	0.0301	5.054013295566407	0.8108752028780475	0.0301	5.1026233767782045	0.46143151857774184	0.129	5.292670017144198	0.09620104369148762	0.023	5.117406932277097	0.016566325616651455	0.2179	5.142944631942684	0.019933366356570448	0.1804	5.353591611749295	0.04212414355485268	-0.0119	5.0296012873613565	0.8115361339737657	0.0301	4.848243003068861	0.46558439947844893	0.129	4.746120270103717	0.07032673664810145	0.023	4.548127753749025	0.07900358179047229	0.2179	4.573258294776638	0.03612150220870399	0.1804	4.775923073151205	0.027049390807143223	-0.0119	4.992079061521191	1.3501212398684839	0.0008	4.902787911207435	1.5750711851605341	0.0655	4.8572895450732245	1.4249839145776484	0.1076	4.953772192884098	1.2834357445956692	-0.01275	4.912113039038688	1.0276680202959618	0.0702	4.711718928722548	0.9621530598983297	0.1076	5.068269576421276	1.2862425350617746	-0.01275	5.170899479091607	1.0358923436852499	0.0702	4.999125716338397	0.8329820419592141	0.1076
36	1.4425806451612904	4.9798196109936	0.7940911486879708	0.0301	5.002175080590348	0.8035479222319295	0.0301	5.054755015940376	0.4537093014567357	0.129	5.274826147252979	0.10642449183714513	0.023	5.118348275404192	0.013432834793388682	0.2179	5.138522165599938	0.017567977205730997	0.1804	5.344154914954941	0.05528579309032617	-0.0119	4.973640255072947	0.802724629788117	0.0301	4.7983062674870185	0.4583530036145113	0.129	4.6885094819684205	0.06778082863392242	0.023	4.497310241897035	0.07156298498120295	0.2179	4.527109724982367	0.03524191066384194	0.1804	4.717857966478689	0.024081359615402337	-0.0119	4.9396711287406045	1.3402987460070275	0.0008	4.856415088380759	1.5671720804801235	0.0655	4.807155504031698	1.4173364475736354	0.1076	4.906619664530975	1.2718019982269873	-0.01275	4.872819728712005	1.0205476156724982	0.0702	4.676127994506887	0.9571115573007091	0.1076	5.011128256099068	1.2692391727465873	-0.01275	5.113335677713997	1.019431055858352	0.0702	4.941486148331529	0.8228736372527357	0.1076
37	1.4826523297491039	4.9235047337056095	0.7874339220451327	0.0301	4.948805496528614	0.7984062188113424	0.0301	4.990178521241154	0.44723169380756217	0.129	5.243657151858123	0.12292190873052951	0.023	5.12084061165962	0.008796189243822916	0.2179	5.135641954408211	0.017736220251408863	0.1804	5.318748582588941	0.08240810385954883	-0.0119	4.912624754804416	0.7965958772293205	0.0301	4.736822190224741	0.46425107498078405	0.129	4.668252616994081	0.06767548845454738	0.023	4.4795679849097345	0.05818668574061548	0.2179	4.5099869726059065	0.026938715467680226	0.1804	4.702862281319514	0.019902477953020407	-0.0119	4.887790530355431	1.3323425571679766	0.0008	4.809725929454844	1.563227469289914	0.0655	4.756065401358715	1.413786418180121	0.1076	4.857906604625257	1.2635668557179573	-0.01275	4.8261820375182545	1.0158639374411886	0.0702	4.64520751532388	0.9423009937070637	0.1076	4.954695408239615	1.2588518779641362	-0.01275	5.054384338489698	1.0069508107385872	0.0702	4.88556096333829	0.8224121931497829	0.1076
38	1.5227240143369176	4.864512493986865	0.7837432690119662	0.0301	4.893894396414242	0.7961124463253726	0.0301	4.908774478324371	0.43903939974881445	0.129	5.194671011694522	0.14600569657471518	0.023	5.116091400890955	0.010405570015899602	0.2179	5.1310009356510795	0.023943774054564496	0.1804	5.271431079019083	0.12383303637457292	-0.0119	4.84772632246139	0.792787965706534	0.0301	4.678985926339779	0.46727095849982914	0.129	4.6616523335666065	0.0671374281788068	0.023	4.475019690523774	0.04575834356809146	0.2179	4.506041518052224	0.016043301237794516	0.1804	4.69980610013783	0.01791972478972887	-0.0119	4.835221030279067	1.3320411551357163	0.0008	4.762821610647826	1.563054305234423	0.0655	4.705068355759901	1.4178295187711154	0.1076	4.807777950367506	1.2626706502706666	-0.01275	4.774518457126261	1.0101635890168152	0.0702	4.609036846759573	0.9105057597402677	0.1076	4.898265993359906	1.2547338563438943	-0.01275	4.993597599676345	1.0005310716422737	0.0702	4.82649170690545	0.8195325783448655	0.1076
39	1.5627956989247311	4.807965884302337	0.7886723196225858	0.0301	4.834922554965736	0.7991298460870527	0.0301	4.818438371593237	0.4328226103751817	0.129	5.128067341375762	0.17573763508287402	0.023	5.088756190588199	0.02054181411357767	0.2179	5.103659520340112	0.03554106092550273	0.1804	5.205383989946063	0.171159612401276	-0.0119	4.792636550561313	0.7951315905849266	0.0301	4.638536189883417	0.46276527788272953	0.129	4.657550450151028	0.06667236128781236	0.023	4.47216894591687	0.03440516044359749	0.2179	4.509388258520267	0.008788806523831948	0.1804	4.696680375765236	0.019745030304653154	-0.0119	4.783605857885552	1.3392494985325503	0.0008	4.716150609309122	1.5667010436726205	0.0655	4.654623159281976	1.4252836257693702	0.1076	4.761283820539031	1.2656546012654624	-0.01275	4.728711541739618	1.0049899678255616	0.0702	4.574835871905549	0.8687272553073013	0.1076	4.8433164030875036	1.2541805360531462	-0.01275	4.930101232927269	0.9985913307234563	0.0702	4.760882630422693	0.8100340557024253	0.1076
40	1.6028673835125449	4.756085126650854	0.8033524244742478	0.0301	4.766891739095443	0.8089162908608221	0.0301	4.727937137654969	0.43761246164236306	0.129	5.045241180775842	0.20631012871922622	0.023	5.022367141389174	0.03533715029972959	0.2179	5.028941131486152	0.05155991797371579	0.1804	5.123219494531984	0.20812311306835882	-0.0119	4.751618493340782	0.8068919314542028	0.0301	4.616031297183308	0.45972086310263055	0.129	4.65571217503426	0.0686332812856371	0.023	4.47348937150555	0.02666579793782805	0.2179	4.513097801282232	0.006693790377705981	0.1804	4.695380014161867	0.023275048336123136	-0.0119	4.736156025586	1.3479139033349186	0.0008	4.670313544296248	1.5753721069032953	0.0655	4.606209141892915	1.432055027034938	0.1076	4.71922926910187	1.27001438150638	-0.01275	4.698886416519457	1.0089061637895729	0.0702	4.562769402836781	0.8449239851664181	0.1076	4.792986515003334	1.2592784173890983	-0.01275	4.864308363367567	1.001493400084932	0.0702	4.695911827149017	0.8105667719742888	0.1076
41	1.6429390681003584	4.7052860368407305	0.8203223524866176	0.0301	4.6927310820370804	0.8231030560697371	0.0301	4.635744500570748	0.45374668103364435	0.129	4.949792090319662	0.2296570276952976	0.023	4.92412981970142	0.05405474045233627	0.2179	4.919620683172713	0.07225535996028971	0.1804	5.024986724982957	0.22487111451687672	-0.0119	4.712487778354793	0.8238274819063198	0.0301	4.604857415896185	0.4611664208580608	0.129	4.655817260957673	0.07475040547118796	0.023	4.4734419207390355	0.026910846780818714	0.2179	4.513603259882279	0.008603134128051936	0.1804	4.695764336717716	0.024954621952080598	-0.0119	4.69236390503649	1.355588413965332	0.0008	4.626135526907281	1.5880591720268793	0.0655	4.560581285034173	1.4408580369589725	0.1076	4.67858836132402	1.2785416831184395	-0.01275	4.679823469896236	1.0244030549368506	0.0702	4.566858274875104	0.848047815884758	0.1076	4.746873991639366	1.2706376378377624	-0.01275	4.800064406020387	1.0092106748475198	0.0702	4.637097061326052	0.8306422231291656	0.1076
42	1.6830107526881721	4.654367823409608	0.8310361863973161	0.0301	4.624955015909103	0.8343561944686875	0.0301	4.539423646195291	0.47348043741583024	0.129	4.845975050077161	0.24036206521550957	0.023	4.813329780650097	0.07672611495623605	0.2179	4.808109232277119	0.09500253990627043	0.1804	4.914004966759064	0.22826548703898422	-0.0119	4.669321195201447	0.8364021714655681	0.0301	4.5998335498426695	0.46253587085562337	0.129	4.655449713141282	0.08177924475461361	0.023	4.460872539074262	0.0297168768451398	0.2179	4.512914801896755	0.00952935889691238	0.1804	4.69750730586412	0.02440333579365632	-0.0119	4.649259741900513	1.3622681296523174	0.0008	4.584696460510244	1.5996268888097593	0.0655	4.51769742495763	1.4519662089513719	0.1076	4.637815035975404	1.289713617965553	-0.01275	4.651689862095218	1.03956813245866	0.0702	4.551261404448615	0.8571554163435681	0.1076	4.70242679194203	1.2823906514638888	-0.01275	4.7418250009755925	1.017776604054567	0.0702	4.577277655504647	0.8563045971324521	0.1076
43	1.7230824372759856	4.605268817753177	0.8334074190331611	0.0301	4.567880825229653	0.8371667698132667	0.0301	4.446474612812203	0.49351956951021814	0.129	4.733825656139795	0.234744647236586	0.023	4.6770666636910025	0.09198765409686199	0.2179	4.682297068539455	0.10926044291708695	0.1804	4.793028980639123	0.21976876078017363	-0.0119	4.627251539182631	0.8396366352834598	0.0301	4.593895345890219	0.46198211101434117	0.129	4.65259328232437	0.08396632422339717	0.023	4.447541948261913	0.0261406851177502	0.2179	4.51060886950774	0.005979889005908063	0.1804	4.7007575007677564	0.02375481105445094	-0.0119	4.606171223278735	1.3671478673374786	0.0008	4.545725566802259	1.6054344748479559	0.0655	4.477725284419356	1.4588454277240597	0.1076	4.59451966985523	1.2973845375947475	-0.01275	4.606335203612773	1.0441838943452235	0.0702	4.502780940495135	0.860310350372477	0.1076	4.659336952330051	1.2906677650151095	-0.01275	4.6892561450896135	1.0238817805345062	0.0702	4.509681824497956	0.8732630273058387	0.1076
44	1.7631541218637994	4.55828388204782	0.8308254408600649	0.0301	4.515976074383465	0.8326003481509412	0.0301	4.366989370311187	0.5100503011002165	0.129	4.613698624746016	0.21303869410714285	0.023	4.50755732399169	0.08752260382291982	0.2179	4.522237826783793	0.10517642658718968	0.1804	4.6661842278335754	0.18804328769673948	-0.0119	4.587641572824076	0.8354460482531304	0.0301	4.581680729660742	0.46126419161362775	0.129	4.649360003457643	0.08138627060315985	0.023	4.452412841027805	0.019654333233582177	0.2179	4.5083030719553605	0.0031915459202492406	0.1804	4.703177861597948	0.024022114308445044	-0.0119	4.564724949964639	1.3693489670923906	0.0008	4.506248426257019	1.6059678712213499	0.0655	4.44002918761189	1.4579986191771093	0.1076	4.548105038981511	1.2992732870055437	-0.01275	4.55638950246742	1.043351886727206	0.0702	4.448111888041985	0.8633597186408192	0.1076	4.619612905545478	1.2971553104938875	-0.01275	4.639055027115936	1.0274143183314395	0.0702	4.4419039489167	0.8857779188762142	0.1076
45	1.803225806451613	4.514012255881742	0.8267691451040895	0.0301	4.468194605138806	0.8243915859613155	0.0301	4.30619620088085	0.5167294589824185	0.129	4.490387788908462	0.18196893490692864	0.023	4.34144606220427	0.07222344782737226	0.2179	4.357140926706889	0.09019505611900949	0.1804	4.540983466393712	0.13825382010100107	-0.0119	4.5480506188222805	0.8274583722831038	0.0301	4.566379655434756	0.46086521984662615	0.129	4.648566666288909	0.07911777539842504	0.023	4.465113726025815	0.019002023532837108	0.2179	4.510228089889709	0.006093353660319522	0.1804	4.702787899050802	0.02596797943168681	-0.0119	4.524264921619702	1.368341844268522	0.0008	4.463753878924506	1.6043958469278823	0.0655	4.401160319891298	1.454667408752413	0.1076	4.502479208769038	1.2972362181115642	-0.01275	4.512637927400911	1.044790214647566	0.0702	4.408191871294156	0.8679602998304311	0.1076	4.581912333410443	1.3007850092558193	-0.01275	4.590016407177923	1.028150307157596	0.0702	4.384174781597406	0.9025307012054017	0.1076
46	1.8432974910394266	4.473777089806348	0.8219080321064816	0.0301	4.426844982318663	0.8160007561558518	0.0301	4.262641598501215	0.5148744594724763	0.129	4.365298372485131	0.15055131713741327	0.023	4.2002379214593155	0.06307892931966029	0.2179	4.214450508569042	0.08043439052757385	0.1804	4.414437869647073	0.0944087506055207	-0.0119	4.510391055641069	0.8194894262535716	0.0301	4.550610771948981	0.45956376544426575	0.129	4.647760004865415	0.08040965550711886	0.023	4.466588415215299	0.02222308709970002	0.2179	4.5131625211107504	0.010764557241034985	0.1804	4.699036201010772	0.03042888622407379	-0.0119	4.4816572034143025	1.3645525821268965	0.0008	4.417786507191333	1.601345477060373	0.0655	4.357548641798528	1.4525033387815465	0.1076	4.4591947233254166	1.2928652196914117	-0.01275	4.473359933410254	1.045358509894716	0.0702	4.373238843522454	0.8723088866565388	0.1076	4.540305009286009	1.2977393699597817	-0.01275	4.541802075546912	1.0251330064087874	0.0702	4.332939095621182	0.9179574790524768	0.1076
47	1.8833691756272402	4.4357332078340805	0.8157419585075064	0.0301	4.389300123312882	0.8098640904644391	0.0301	4.229762670482139	0.5070835337244347	0.129	4.240549034171712	0.12720020475888966	0.023	4.076057644774238	0.061602631392950455	0.2179	4.0919849578489655	0.07975932758252098	0.1804	4.280699500649396	0.07053465446036167	-0.0119	4.475400284379673	0.8143867766973664	0.0301	4.530388943637218	0.45689567142017123	0.129	4.644281089276302	0.08396543215597162	0.023	4.460767074697099	0.022968092259959993	0.2179	4.513103611836802	0.01284470691878078	0.1804	4.691883610985176	0.03558707341425293	-0.0119	4.436243431063435	1.358183732018723	0.0008	4.369580249589553	1.5942947226315374	0.0655	4.3112391636727105	1.4470570974319406	0.1076	4.416074706322839	1.285947530596194	-0.01275	4.43564527135037	1.039507334536562	0.0702	4.331797259557187	0.8765122417179152	0.1076	4.492874787866169	1.2893167834924542	-0.01275	4.494300917816056	1.0191529095133585	0.0702	4.281767375183184	0.9210164738202962	0.1076
48	1.9234408602150537	4.395980754801775	0.8094973282472698	0.0301	4.350267371545286	0.806153052673844	0.0301	4.19886403838703	0.4913107256394734	0.129	4.131236457614732	0.11725528944095942	0.023	3.9729631707158424	0.061311132615464	0.2179	3.989758703389519	0.08129132426273677	0.1804	4.156610127698149	0.06291778564035852	-0.0119	4.437276078494581	0.8113756734604257	0.0301	4.503782321308774	0.45322704338552705	0.129	4.639541035610692	0.08760597479672338	0.023	4.4590444388716906	0.021929361043300285	0.2179	4.513330548591023	0.013394250261485358	0.1804	4.684483893716157	0.039381143492618814	-0.0119	4.389625810748165	1.347821337209035	0.0008	4.322849401759931	1.582599513567033	0.0655	4.266761292207845	1.4360357404344706	0.1076	4.3712056128081604	1.2757104524540834	-0.01275	4.396815181173541	1.029766261524804	0.0702	4.2882111073673155	0.8728137984781662	0.1076	4.445197591169963	1.2796886848405618	-0.01275	4.448673586085459	1.0123545006596621	0.0702	4.2337739822517575	0.9115240863513047	0.1076
49	1.9635125448028674	4.351854971597553	0.8038384069744302	0.0301	4.306084670100972	0.8021866161257442	0.0301	4.161795178826951	0.4710257168075325	0.129	4.0522312394101645	0.11342162672071618	0.023	3.896000723855174	0.05875866071619223	0.2179	3.9106168782648982	0.0797284867423317	0.1804	4.067594932454159	0.0582518730042606	-0.0119	4.391980618614808	0.8076463815306305	0.0301	4.4714424925352745	0.4492807761943566	0.129	4.6340771274223815	0.09333944647442166	0.023	4.462077495226391	0.021039676258108736	0.2179	4.516347686819348	0.01349957465310829	0.1804	4.68049478723501	0.04407014140616518	-0.0119	4.342152553940415	1.333981316790386	0.0008	4.278008845875322	1.5698057352069714	0.0655	4.223500863668307	1.42380500855639	0.1076	4.322921297229083	1.2629238131068021	-0.01275	4.349213387062185	1.0203372387561869	0.0702	4.243391030317123	0.8537472958266052	0.1076	4.401019307416067	1.2698569717073709	-0.01275	4.404382268449053	1.0052819842955336	0.0702	4.189675620532216	0.8951537934671091	0.1076
50	2.003584229390681	4.301811587282789	0.7967133630647124	0.0301	4.25476015358567	0.7950730352444052	0.0301	4.117692819866291	0.45542690865490426	0.129	4.001777646208809	0.10281467610215997	0.023	3.8389368741686587	0.05085893127081762	0.2179	3.8528470335397467	0.07255521898255139	0.1804	4.01744717264954	0.04663224354154202	-0.0119	4.3415910268162445	0.8025573513218911	0.0301	4.42921431667078	0.4458718958052585	0.129	4.624342044278376	0.10397336692183934	0.023	4.465955530922716	0.01798171791069731	0.2179	4.520219528916666	0.011954908239678517	0.1804	4.675615464261493	0.05490479319467152	-0.0119	4.293239868109692	1.3220794801832878	0.0008	4.2305520233683245	1.5592016456808282	0.0655	4.17715179696475	1.4139814343177313	0.1076	4.272059651802911	1.251062824177624	-0.01275	4.292405759063084	1.0099209765008423	0.0702	4.193465078407888	0.827472969549742	0.1076	4.354920339271972	1.2596506061876573	-0.01275	4.360172769885658	0.9970451656507764	0.0702	4.144841865419614	0.8737027371318962	0.1076
51	2.0436559139784944	4.245783276160884	0.7880687380110223	0.0301	4.197453112483779	0.7860884049079138	0.0301	4.073599319473571	0.4474233026714125	0.129	3.9706575759515754	0.0878598427104799	0.023	3.798383729213652	0.03798921987751329	0.2179	3.8139947814526667	0.05965036692046394	0.1804	3.99138788741634	0.033226255883920926	-0.0119	4.287563073495858	0.7973083110049374	0.0301	4.3704499496715625	0.4412412998182526	0.129	4.603217816068377	0.1198260605450087	0.023	4.4685717356368455	0.012352065256338661	0.2179	4.522349095186755	0.010064068900166772	0.1804	4.659166501161426	0.07785988956145376	-0.0119	4.242760768464895	1.3172857327580656	0.0008	4.180597399812444	1.552250599081741	0.0655	4.126441722070642	1.4076990198350827	0.1076	4.222218205494906	1.2443232569955631	-0.01275	4.236936094370462	0.9976955217423191	0.0702	4.142227539691947	0.806182986376956	0.1076	4.301449045483453	1.2511717449021738	-0.01275	4.316381266870225	0.9889801280055407	0.0702	4.102506418009429	0.8491001127054882	0.1076
52	2.083727598566308	4.1890443642407975	0.7831435986429168	0.0301	4.141895930978066	0.7811814731612186	0.0301	4.035769186476662	0.44456821947766556	0.129	3.9552571047986342	0.08042433665967011	0.023	3.778199179815258	0.02709646435706562	0.2179	3.7940994822680754	0.04646551578811262	0.1804	3.9775777389633187	0.026622230170066857	-0.0119	4.231374530480711	0.7934194316467467	0.0301	4.290086190750577	0.43275220094009326	0.129	4.563042251888481	0.1439232025748393	0.023	4.464027070065514	0.012404046850273562	0.2179	4.515841775033508	0.015658195498423524	0.1804	4.623453836775901	0.11681432129037363	-0.0119	4.191934584494781	1.3193080428221096	0.0008	4.13247563132945	1.550686846232683	0.0655	4.0748063055720545	1.406412686338013	0.1076	4.174755141791899	1.2443792370092086	-0.01275	4.1881681864240505	0.9897824509095543	0.0702	4.095013539254061	0.79515138618545	0.1076	4.245507895195047	1.2483054553083182	-0.01275	4.2734078443640735	0.9865182675594043	0.0702	4.070197687333394	0.8277410412134574	0.1076
53	2.123799283154122	4.141007115345411	0.788014306461904	0.0301	4.098978959950574	0.7863105833478745	0.0301	4.00587172492585	0.44808730884936143	0.129	3.9524506291048667	0.08310560905812536	0.023	3.7780271954357545	0.022968764068086175	0.2179	3.793094151413263	0.03869491622010497	0.1804	3.973392638929198	0.027283567278643808	-0.0119	4.1795129328960865	0.7953680473719058	0.0301	4.187702681688819	0.42602981814714375	0.129	4.500971265864571	0.18063405102238192	0.023	4.434459178843132	0.02890039734740551	0.2179	4.483402263941392	0.0366289660301284	0.1804	4.567005194507136	0.16878585405954566	-0.0119	4.143580186136467	1.3249945625850756	0.0008	4.0862444985195685	1.5544295626994176	0.0655	4.026080761567441	1.410277477485913	0.1076	4.12999633340894	1.2505847718184804	-0.01275	4.146867494814296	0.9942562548053612	0.0702	4.056281693689676	0.7970832164170014	0.1076	4.194293287485836	1.2540628403920504	-0.01275	4.233784918731539	0.9952818564119603	0.0702	4.048047384488415	0.8177551952377521	0.1076
54	2.1638709677419357	4.104226784630649	0.8018412821182205	0.0301	4.070149635135277	0.8004570340907621	0.0301	3.9821630388954605	0.4579787099255603	0.129	3.9528378948497513	0.08852739921459264	0.023	3.7837279394338657	0.02164878530977571	0.2179	3.8004027979067483	0.035975441405653875	0.1804	3.975922245301502	0.03250204466860828	-0.0119	4.136068729824084	0.8055079752639333	0.0301	4.076991310644008	0.43164932560608515	0.129	4.4205873583585324	0.22733204928711076	0.023	4.364267533309856	0.06211887509225877	0.2179	4.41193211089388	0.07273991702630067	0.1804	4.492596081172282	0.22448433960675954	-0.0119	4.099477266216746	1.3325539508323943	0.0008	4.040673134599313	1.560754912311465	0.0655	3.9811544968136103	1.4173395528940733	0.1076	4.088574070456119	1.2602812820410425	-0.01275	4.110791893149304	1.008524892880334	0.0702	4.022763322617001	0.808266315357298	0.1076	4.148673661187159	1.2660959014762099	-0.01275	4.202046344404097	1.0129956174761776	0.0702	4.031500824681933	0.8238086569040646	0.1076
55	2.203942652329749	4.070917436996333	0.8165697245667768	0.0301	4.0458939406517285	0.8155225700677056	0.0301	3.9613699287257518	0.46869182217243915	0.129	3.9500982720631073	0.09023326443742499	0.023	3.7820161042828646	0.016697764784210332	0.2179	3.802475203560106	0.03547812939548175	0.1804	3.979477488718966	0.03776929509942059	-0.0119	4.097105813379908	0.8170289454142934	0.0301	3.978682886997216	0.45093879464497544	0.129	4.329509678746559	0.27469797867174683	0.023	4.265098624007621	0.10372314920248055	0.2179	4.313535984905542	0.11916632862379263	0.1804	4.405551512823661	0.2739994876194277	-0.0119	4.058588228582863	1.341157155135265	0.0008	3.998940562463069	1.568486985929319	0.0655	3.9393841733326	1.4264887747022288	0.1076	4.047910586847282	1.26915131552991	-0.01275	4.066715349110642	1.0203235020407337	0.0702	3.9758122391306587	0.8187809620822579	0.1076	4.1086135799080905	1.2775397780887678	-0.01275	4.179323395830637	1.0315252618850272	0.0702	4.016855752533545	0.8431038429044111	0.1076
56	2.2440143369175627	4.035635311961978	0.8270683142062412	0.0301	4.020859768705951	0.826498732094296	0.0301	3.9429169441579375	0.4762188038407865	0.129	3.945355057210173	0.09093893647738192	0.023	3.7742005958358265	0.008960130237337447	0.2179	3.797415090629407	0.03596180138331992	0.1804	3.977411519293409	0.039153812772303176	-0.0119	4.058444532415476	0.8249663110519185	0.0301	3.897155032304037	0.4782502117929061	0.129	4.234228124035847	0.31156672315163986	0.023	4.161813975024751	0.1416201234109658	0.2179	4.209123557161518	0.1647979251803884	0.1804	4.311143487739751	0.3105297741123791	-0.0119	4.019785549745565	1.3498929395614732	0.0008	3.96336696210973	1.5786857581202804	0.0655	3.9008350904697706	1.4370560813274869	0.1076	4.005997803198538	1.2768569009313735	-0.01275	4.010433765587107	1.0281840075016815	0.0702	3.9088867316278724	0.8319277832450841	0.1076	4.074492131157476	1.2860603055091349	-0.01275	4.163057841503839	1.049740157290938	0.0702	4.000717819364733	0.8687759101638225	0.1076
57	2.2840860215053764	4.001808540270078	0.8373094753607694	0.0301	3.9960216284905794	0.8372682601019104	0.0301	3.9286601616895425	0.4816167644790027	0.129	3.9398922706889006	0.09622190461655164	0.023	3.766300358053135	0.0054019878275357045	0.2179	3.789251683070921	0.03622607608465027	0.1804	3.966612382366461	0.03884964916472176	-0.0119	4.020402384034886	0.834759940559502	0.0301	3.825370815581446	0.5102996438060161	0.129	4.13543958857869	0.32682255942852056	0.023	4.056879141892054	0.15788757155904803	0.2179	4.099725352358513	0.1874436582961347	0.1804	4.211206459375873	0.3248794975296093	-0.0119	3.9840751632646714	1.3596753344471701	0.0008	3.9301329039375643	1.5915279491700292	0.0655	3.865537010806097	1.447124876347378	0.1076	3.9669266093909124	1.2875108004926674	-0.01275	3.9594839064922236	1.041542270617067	0.0702	3.840903727358516	0.8627920958256229	0.1076	4.042964486133479	1.2960673096148256	-0.01275	4.150525793502871	1.0718420146687315	0.0702	3.9800433961596604	0.89678315918402	0.1076
58	2.32415770609319	3.972015128214332	0.8537106586435842	0.0301	3.9690288093319217	0.8534860289222772	0.0301	3.9140378165540253	0.4890149410356083	0.129	3.9332448724917235	0.1056165300697256	0.023	3.7597113925906815	0.00980647962315761	0.2179	3.779915629886883	0.0356064966862151	0.1804	3.9565168025779007	0.04352757657166699	-0.0119	3.9851039753416226	0.8511958974475976	0.0301	3.766042279335939	0.5439589420813375	0.129	4.034657939064496	0.31282258792357814	0.023	3.935771335706608	0.1447875226942012	0.2179	3.9762512698259536	0.17336671985318122	0.1804	4.108176590555942	0.30273983668802734	-0.0119	3.952307603235435	1.3728553174833598	0.0008	3.8945020081725183	1.6059567396963361	0.0655	3.833083317232679	1.457559071185459	0.1076	3.9345350289166814	1.3021256636380287	-0.01275	3.924955515864495	1.0586634003735795	0.0702	3.786205957367867	0.909860661895424	0.1076	4.011341212280163	1.311166422361748	-0.01275	4.138121346064694	1.0961572646283624	0.0702	3.9550355690538486	0.9263722526076894	0.1076
59	2.3642293906810035	3.944721476906708	0.8748638422733224	0.0301	3.939586985518209	0.8734857916783836	0.0301	3.886600778001529	0.5010387164461582	0.129	3.9244298714209234	0.11598573194334297	0.023	3.7559547733355085	0.018336165128015516	0.2179	3.7720357528097224	0.035753805691703354	0.1804	3.957527054507042	0.05695220494792954	-0.0119	3.956228702251476	0.8709181063976257	0.0301	3.7247305213075053	0.572943185841481	0.129	3.938239179230783	0.27292539546190003	0.023	3.80345360590311	0.12078998600429859	0.2179	3.8460066785954163	0.1372109125805973	0.1804	4.007987269324665	0.2454820895894261	-0.0119	3.9228171939285934	1.3887010497622605	0.0008	3.8580067879038404	1.6205901086570516	0.0655	3.8036164836977355	1.4720607233265222	0.1076	3.906136511620283	1.3178681439164812	-0.01275	3.9009333824157135	1.0716717737785362	0.0702	3.7448516894626804	0.9557458323571331	0.1076	3.980186421627659	1.3300518511860926	-0.01275	4.119881302944992	1.11818853537898	0.0702	3.9286009405740328	0.954170738220232	0.1076
60	2.404301075268817	3.9201125802886057	0.8910805437402284	0.0301	3.913721484845101	0.8891157154663188	0.0301	3.843240349838245	0.5151837880674128	0.129	3.9135793996725265	0.12520394335457935	0.023	3.758875311150928	0.024641508665967836	0.2179	3.7702275697027945	0.03763479217951564	0.1804	3.9624036068214665	0.07463182539804843	-0.0119	3.9346751518597314	0.8867422484922644	0.0301	3.6960842616574565	0.5895883503654715	0.129	3.84864939267671	0.22428830981429693	0.023	3.6878261784771658	0.1067169166092269	0.2179	3.7325609177598422	0.10442587530539751	0.1804	3.9119718947952182	0.18134121243518783	-0.0119	3.8941702970254144	1.4014147793779859	0.0008	3.8260973759389167	1.6323735969654805	0.0655	3.776561650764679	1.4874427814031812	0.1076	3.879099486218129	1.3307012446344146	-0.01275	3.8820479687593856	1.0819176492944838	0.0702	3.7163893827655627	0.9912784582610643	0.1076	3.9499573622407045	1.3464532189406753	-0.01275	4.091968767421088	1.13460220300955	0.0702	3.899715344538701	0.9715233459049364	0.1076
61	2.444372759856631	3.896503285730586	0.894817605661265	0.0301	3.890761875418572	0.8932781273484026	0.0301	3.7975783633750138	0.5236687471441381	0.129	3.900193620204512	0.13148606611049599	0.023	3.7629539378551486	0.02700122108734774	0.2179	3.772970483669054	0.04022620515764279	0.1804	3.955987244229201	0.08864256575048271	-0.0119	3.91317267330686	0.8918538143309281	0.0301	3.6705322736133543	0.5887667458641772	0.129	3.7682665892894804	0.18531758465293818	0.023	3.604944868134665	0.09899578933756373	0.2179	3.649918515925529	0.08365496383329703	0.1804	3.821218015986341	0.1360374275110238	-0.0119	3.8674787695494515	1.4045628124211063	0.0008	3.80034777048177	1.6366210499755667	0.0655	3.7508130405784925	1.4929885516354822	0.1076	3.854247868290157	1.33548902358957	-0.01275	3.864847546082043	1.089604944586319	0.0702	3.698868434268913	1.0158888505081682	0.1076	3.921262427852206	1.3519181455736462	-0.01275	4.0555165514255975	1.137481341227514	0.0702	3.8628926937251302	0.9705816501059509	0.1076
62	2.4844444444444447	3.8683935228535917	0.8847911987720662	0.0301	3.8615840259376726	0.8827740389330023	0.0301	3.7613159097892748	0.5148288568520379	0.129	3.881303669191355	0.12971057229734334	0.023	3.7537816355007965	0.027577286407657147	0.2179	3.7678247716961413	0.04234187433845832	0.1804	3.935294679670733	0.09042572533729401	-0.0119	3.8847965063961567	0.8816324725063859	0.0301	3.642873963582538	0.5713696135514693	0.129	3.704942488260428	0.15857057133401412	0.023	3.5462434542410586	0.08308357190302329	0.2179	3.5902867582535483	0.06589339476459316	0.1804	3.7463432312328893	0.10766406316245387	-0.0119	3.8421911680932976	1.3952412040223827	0.0008	3.7790211786775543	1.6297415444309367	0.0655	3.7259955340414406	1.483505547423301	0.1076	3.8302044062822445	1.3278766492630167	-0.01275	3.8453187850025734	1.0856396640060566	0.0702	3.68690191844725	1.0213438633273118	0.1076	3.8932879333088226	1.341209760573113	-0.01275	4.012817575058289	1.1172680110640762	0.0702	3.8169423140138323	0.9520913921699182	0.1076
63	2.524516129032258	3.835285991144567	0.8600097174072542	0.0301	3.82620235902357	0.8575619888363696	0.0301	3.7337403182849918	0.4843801296550888	0.129	3.861998585036486	0.11430776116088935	0.023	3.732821230304681	0.02635171659599556	0.2179	3.751230298327723	0.04086096322169626	0.1804	3.9134560799939497	0.07391745825135339	-0.0119	3.8497905748781576	0.8551000977435935	0.0301	3.6110445245221805	0.5420060005102862	0.129	3.6606164126342304	0.13235640947896207	0.023	3.502490305662709	0.0531252463962367	0.2179	3.543576586324056	0.0389427217013386	0.1804	3.6969902700421624	0.07996168528311738	-0.0119	3.8151017830940286	1.3721407292693666	0.0008	3.761188525251055	1.6097857768999109	0.0655	3.701633435362423	1.4626062899425936	0.1076	3.8053075858476726	1.3051078295554517	-0.01275	3.8237784111685658	1.062986173060159	0.0702	3.6749986054594537	0.9939133378654134	0.1076	3.863220737813781	1.31262484316639	-0.01275	3.964845268815068	1.074176688345644	0.0702	3.7662773807278005	0.9245189582016068	0.1076
64	2.5645878136200717	3.802644721113587	0.8227207727977043	0.0301	3.795379775492282	0.8225250567059205	0.0301	3.7106929691525465	0.446007448077019	0.129	3.8539457565954374	0.0931373914527182	0.023	3.720261621252161	0.019194822797785338	0.2179	3.7418961435688907	0.03238549197722778	0.1804	3.905174049247114	0.051042666731815615	-0.0119	3.8110774699634433	0.8177409373408032	0.0301	3.5745427898443785	0.5070895283428494	0.129	3.6325717955305548	0.10124207175298278	0.023	3.4774547649612537	0.016679222762591515	0.2179	3.5130465799048065	0.0036071554956798773	0.1804	3.6741020533802127	0.048333219181341834	-0.0119	3.786235435289236	1.3370836180469847	0.0008	3.7444296875517824	1.5784671052853092	0.0655	3.6774569509971835	1.4355440149179748	0.1076	3.781750647024527	1.2707036525324027	-0.01275	3.8001719979766517	1.0285485777754801	0.0702	3.6555693939835265	0.9394827934164055	0.1076	3.8306980076642567	1.2708221822788333	-0.01275	3.9121781056507916	1.0206255733706753	0.0702	3.712778030726407	0.8955923028264006	0.1076
65	2.6046594982078854	3.772414892914579	0.788536233613798	0.0301	3.7707889345950094	0.7907136792108409	0.0301	3.6911117701748886	0.41727550584611844	0.129	3.857571115083166	0.08067634690996996	0.023	3.725780104732268	0.005323966856369521	0.2179	3.751603682990923	0.02050152160781447	0.1804	3.9106237120730714	0.04171328085447875	-0.0119	3.7722357159514446	0.7851148112656533	0.0301	3.5381419172041424	0.47731487931425026	0.129	3.6219736007279923	0.07322249077917341	0.023	3.4717471108158313	-0.01052262304107442	0.2179	3.502318368581871	-0.024647064976683813	0.1804	3.672704846078635	0.022263424105567683	-0.0119	3.7582922566522137	1.3046456659182768	0.0008	3.725654649041149	1.5474930079041058	0.0655	3.6534389438426524	1.411426623180221	0.1076	3.7598585394588078	1.2410534928029198	-0.01275	3.7732927878698925	1.000056998388799	0.0702	3.624135142353015	0.8919784669258369	0.1076	3.7964768257088437	1.2348377394722112	-0.01275	3.859592370048155	0.9783051788962823	0.0702	3.6581643444599883	0.8755319630733799	0.1076
66	2.6447311827956987	3.7419053683261088	0.7819564599868174	0.0301	3.744694531410102	0.7831867223116864	0.0301	3.677928687387259	0.40761526507490053	0.129	3.861138314432228	0.0809766716784446	0.023	3.736498074341544	-0.00556899815392874	0.2179	3.7643407508043363	0.014714728936211813	0.1804	3.9162105717452156	0.04667702516243621	-0.0119	3.736443876438142	0.7792085107735405	0.0301	3.5158029212612796	0.46305615574842623	0.129	3.6235580323778556	0.057399472703236185	0.023	3.472567564109544	-0.02236076697458103	0.2179	3.502037932854813	-0.037350270848325796	0.1804	3.6788040853490624	0.008846557755169406	-0.0119	3.7323550916383628	1.2991667265319409	0.0008	3.7050977990584744	1.5384370539589765	0.0655	3.6304261484767766	1.40677114534572	0.1076	3.7363764900519922	1.2364653339172997	-0.01275	3.746414885015257	0.993804771715594	0.0702	3.589937369984945	0.8860891074547227	0.1076	3.762916281382835	1.228458102084204	-0.01275	3.8179474444932273	0.9697674539527614	0.0702	3.612473857686755	0.8853815089543035	0.1076
67	2.6848028673835125	3.712010449812108	0.8143709151096343	0.0301	3.7176766952098843	0.8143497184384919	0.0301	3.6743186478955607	0.4271323414862493	0.129	3.851014026516543	0.09668663841038545	0.023	3.733089905162043	0.0016007330653187983	0.2179	3.7586923612282717	0.02489025087469789	0.1804	3.905181566880965	0.06062932959531172	-0.0119	3.7052715016658833	0.8115660111851507	0.0301	3.5221037966465314	0.46841721843231876	0.129	3.620252050597379	0.05987837825251491	0.023	3.4679167859285442	-0.02365253824945611	0.2179	3.499695237616251	-0.03867486914590627	0.1804	3.671713612715316	0.010130975756484849	-0.0119	3.70981053349444	1.3320090583478945	0.0008	3.6838641300400603	1.567812237243946	0.0655	3.61082072434359	1.4338857606687354	0.1076	3.7113576244774125	1.2642311115439615	-0.01275	3.7234134214162005	1.019129973570891	0.0702	3.567573816414493	0.9302790697809599	0.1076	3.737572877919983	1.2585186218574376	-0.01275	3.7943342325878353	1.0012483105389922	0.0702	3.5848980661066663	0.9382192569613935	0.1076
68	2.724874551971326	3.68685786655495	0.8710922223526126	0.0301	3.69460362788404	0.8740423621356757	0.0301	3.675120769465519	0.47791164822427773	0.129	3.82253550687769	0.1333155594833639	0.023	3.707359627327606	0.03514023702334067	0.2179	3.729352192215411	0.0570863426135448	0.1804	3.873533010386616	0.08938155752113255	-0.0119	3.6802819794036883	0.8701590556772757	0.0301	3.548969549639354	0.49466227146686004	0.129	3.6027792089262194	0.08257945631326426	0.023	3.4580651512901976	-0.014804538556900382	0.2179	3.4913034975640618	-0.029638204574670025	0.1804	3.6440313723016406	0.02894009109020057	-0.0119	3.691494542452784	1.3897202358760978	0.0008	3.6603351515766764	1.6282227927935602	0.0655	3.5940532305861486	1.4866168254059504	0.1076	3.6874909122488986	1.31562838763864	-0.01275	3.7041525148916743	1.073492719654106	0.0702	3.5570554534606904	1.0052069851188379	0.1076	3.723195558454849	1.3133917370069368	-0.01275	3.7853225351166677	1.0603419550373634	0.0702	3.572266584065795	1.0194847248101016	0.1076
69	2.76494623655914	3.667185971222094	0.9276961066196258	0.0301	3.674868069039628	0.93571033975385	0.0301	3.6691643260006854	0.5392368375882586	0.129	3.785393086325534	0.18284822649891516	0.023	3.669530432233986	0.08590380116342043	0.2179	3.688886413009794	0.10375824867655284	0.1804	3.834956505253937	0.1307691418204927	-0.0119	3.6610909937837155	0.9302395112819933	0.0301	3.565540582644858	0.5384982460677741	0.129	3.586103317750131	0.1178355243616406	0.023	3.4530285415128645	0.004300750404756639	0.2179	3.483555567051009	-0.00973207189303021	0.1804	3.6176525897053424	0.06424950992225445	-0.0119	3.6739820820082945	1.4493904637601287	0.0008	3.6323529288458745	1.6923841798892274	0.0655	3.5750889072831056	1.5448469497263049	0.1076	3.6650683474113745	1.3747496825734942	-0.01275	3.686763103957166	1.1379799713610745	0.0702	3.5458243546407844	1.0823754553863034	0.1076	3.710442861445499	1.376719579150472	-0.01275	3.782707055683971	1.1287817796441557	0.0702	3.565861395860565	1.1026746938193752	0.1076
70	2.8050179211469533	3.6505630588768425	0.9710290884404379	0.0301	3.6594172915584955	0.9805619453392279	0.0301	3.6530201395930644	0.5863025492965322	0.129	3.748994524703812	0.22416483464912193	0.023	3.6363816221761525	0.12943879053748084	0.2179	3.654769967185822	0.14443560757988483	0.1804	3.7991303982988502	0.16842098682987805	-0.0119	3.6436056605641536	0.9744896882912332	0.0301	3.5586481316716667	0.5845821228970132	0.129	3.5876134977134204	0.1532372020665059	0.023	3.4593094960084083	0.025902209130730366	0.2179	3.488969972174833	0.013787921274109431	0.1804	3.6173259752261844	0.10487186449769965	-0.0119	3.653399157139023	1.4972679565320437	0.0008	3.6013318306745314	1.739384710187496	0.0655	3.5503843284460364	1.5919100276183185	0.1076	3.64437274194243	1.426721991072818	-0.01275	3.6725273932871296	1.190339378122132	0.0702	3.529706098078798	1.1439260347400637	0.1076	3.6900026614133985	1.4340635812191773	-0.01275	3.7780172557916867	1.1890526973869475	0.0702	3.5586912952684924	1.1693422271578573	0.1076
71	2.845089605734767	3.635669156303036	0.9997935497209327	0.0301	3.651032828953268	1.0076715494763229	0.0301	3.6333516093671445	0.6120034588807242	0.129	3.7123642010688993	0.24400763139569911	0.023	3.606461979338521	0.15027878775114903	0.2179	3.6243090548141743	0.16654951867464154	0.1804	3.761843473676963	0.19118148129067294	-0.0119	3.6265094570147927	1.0012576457454618	0.0301	3.54581655555457	0.6158646791341491	0.129	3.5979307293263054	0.1807407880210862	0.023	3.4646097478992792	0.04507120190524417	0.2179	3.5022776717437214	0.03484287977223095	0.1804	3.6314459991737	0.135301011721017	-0.0119	3.63021533641797	1.5300336218891903	0.0008	3.5708944786065535	1.767225756103598	0.0655	3.520810198498671	1.622694398930636	0.1076	3.626347979345378	1.4636818287471147	-0.01275	3.663807129602439	1.2232324265768417	0.0702	3.515420283218575	1.183925232334104	0.1076	3.662233551003147	1.4757537043645867	-0.01275	3.764144626532928	1.230840702363201	0.0702	3.5455824031913865	1.2118737561820825	0.1076
72	2.8851612903225807	3.6237060288728715	1.0164488563345786	0.0301	3.6455007215923936	1.0236914981785943	0.0301	3.616134200267549	0.622020302312284	0.129	3.6743232277349103	0.2465630935970558	0.023	3.565402971290148	0.1575161630379619	0.2179	3.580467082709771	0.17354136486496208	0.1804	3.721666769384739	0.19788613431071994	-0.0119	3.614430461751196	1.0172237723040765	0.0301	3.5412891696086097	0.6293855783886322	0.129	3.596392505759685	0.19860418745611508	0.023	3.4493907631127056	0.06672565618373186	0.2179	3.497917403931203	0.057183829811789676	0.1804	3.631043598114084	0.14987537797480907	-0.0119	3.6067518289880502	1.5478542767369037	0.0008	3.542989021072981	1.7823545072992661	0.0655	3.490252286060141	1.6391512926206422	0.1076	3.6084866702841265	1.4850821267927918	-0.01275	3.6547329355524716	1.2414194547083475	0.0702	3.5042176389136523	1.2026621349056104	0.1076	3.6334810636300756	1.4987818034179206	-0.01275	3.740321037968545	1.2550917074751222	0.0702	3.526222264175946	1.2310022682876909	0.1076
73	2.9252329749103945	3.6145107909813654	1.0216975249144948	0.0301	3.633659045808949	1.0285395479613308	0.0301	3.6010594788263757	0.6227062348292766	0.129	3.6373474251088096	0.2403249271912937	0.023	3.517402717966879	0.1604785963707677	0.2179	3.5271418060687516	0.17014711970731225	0.1804	3.682911655080314	0.1899702224843622	-0.0119	3.609031622095168	1.023810688077471	0.0301	3.543252603434183	0.6292801658580448	0.129	3.5788593074409887	0.206597875819304	0.023	3.416734197961029	0.08822571254442153	0.2179	3.471258794513714	0.07899484341268212	0.1804	3.6145961544326903	0.15252555805713183	-0.0119	3.5831210736297794	1.5515663756700298	0.0008	3.5171029371607756	1.7877760691844253	0.0655	3.4622562170480866	1.6426750988626184	0.1076	3.5870224706495857	1.490440063999068	-0.01275	3.6368319368889797	1.247204504461219	0.0702	3.489589027529496	1.2042231204326836	0.1076	3.6095840911688133	1.503270674288966	-0.01275	3.712169357450587	1.2636483430821979	0.0702	3.5048383308254065	1.2286940440986442	0.1076
74	2.9653046594982078	3.6050595660408202	1.0128531659435145	0.0301	3.61226378271825	1.0172850987928637	0.0301	3.584292304706223	0.6142857181168792	0.129	3.6029068729703737	0.22510726863733455	0.023	3.4808275729198237	0.14942535314924937	0.2179	3.48547285701653	0.1558831285179409	0.1804	3.645993380525383	0.17007561529498674	-0.0119	3.605067077353341	1.0158475333880306	0.0301	3.5446130617299514	0.615249246206431	0.129	3.557406569511964	0.1993569886108607	0.023	3.3920705073367947	0.08817667013159303	0.2179	3.4445682960692037	0.07953865025031377	0.1804	3.602235161898343	0.1420260491092282	-0.0119	3.558540648397103	1.541630135108882	0.0008	3.491111614329272	1.780357225998541	0.0655	3.436233125788748	1.6310145028665315	0.1076	3.5613818518676337	1.4772973260650542	-0.01275	3.6117582290825934	1.2376698255427192	0.0702	3.4679338302424885	1.1885411828088406	0.1076	3.590505947296754	1.4897333858376187	-0.01275	3.6831777056564863	1.2527769696869768	0.0702	3.4822031814834173	1.2041352077721414	0.1076
75	3.0053763440860215	3.5934933216729434	0.9870052932071854	0.0301	3.586904057604844	0.9890420339807626	0.0301	3.5632629840640995	0.5904746299943087	0.129	3.574955953691952	0.1976558926647092	0.023	3.457816655412776	0.11635139400399289	0.2179	3.4606596653208688	0.12993702275754598	0.1804	3.61448051873123	0.14026296555536516	-0.0119	3.5974340624443593	0.9895640372196246	0.0301	3.5376205186762784	0.5858537182488877	0.129	3.547451267885969	0.171437952561766	0.023	3.391403961350752	0.05483491410047879	0.2179	3.4313898444327178	0.04595923291204748	0.1804	3.6017221065519203	0.11272713856523407	-0.0119	3.534594574200717	1.5164090866619069	0.0008	3.464935111516657	1.7553845975295057	0.0655	3.411377928533602	1.6019573197740318	0.1076	3.534830658583174	1.4464037078623588	-0.01275	3.584993675689134	1.2097421923261689	0.0702	3.4419596008038518	1.1510436843306615	0.1076	3.5721907128746646	1.4584045094712388	-0.01275	3.6518982201952253	1.2207607183846267	0.0702	3.4554274140037395	1.158927392033679	0.1076
76	3.0454480286738352	3.579284766648529	0.9439873338005704	0.0301	3.565323556886911	0.946101026941638	0.0301	3.540204532638469	0.5481849708573101	0.129	3.561703603658856	0.1591155369077167	0.023	3.4404332364719425	0.06985530061153261	0.2179	3.4444993600420184	0.09268536018238416	0.1804	3.6004814379601346	0.10035921801712608	-0.0119	3.5846948191595156	0.9457978987225308	0.0301	3.5199173209327057	0.5423515074255555	0.129	3.5526424160816426	0.12923447038174404	0.023	3.4063819216993623	0.009513329158367695	0.2179	3.4326558442476913	3.676953759636764e-05	0.1804	3.606172053522339	0.06827981803233694	-0.0119	3.5140123824895673	1.4735260173096087	0.0008	3.4417262885135407	1.7129171533566132	0.0655	3.390753865961087	1.5572589142287159	0.1076	3.5154231960377897	1.402185884085599	-0.01275	3.560926884822379	1.1648267165558919	0.0702	3.4187451091207635	1.0938158347653177	0.1076	3.5532590686536065	1.4096376085225675	-0.01275	3.619519681503118	1.1692830864908892	0.0702	3.4265242693253417	1.0981391302546566	0.1076
77	3.085519713261649	3.5622520047971773	0.8899326443008113	0.0301	3.5518157953898015	0.893582829030901	0.0301	3.5202983252073965	0.49607175600600845	0.129	3.565437917671089	0.11438884579961477	0.023	3.4307993754690727	0.024570579017754345	0.2179	3.4369394751751723	0.05019449315876344	0.1804	3.60777011268393	0.054455984137419026	-0.0119	3.5679038786262245	0.89164508099665	0.0301	3.4954459941313423	0.49086979717653445	0.129	3.563314949613432	0.08488122190125512	0.023	3.4205770482346534	-0.020686281026164394	0.2179	3.445020206278229	-0.03037471876797415	0.1804	3.6127681941092598	0.020843430173601716	-0.0119	3.4974563310640074	1.4195355711762776	0.0008	3.423009887525163	1.6615784112854155	0.0655	3.3749239448162496	1.506338132475814	0.1076	3.5093880135260638	1.3520215538233604	-0.01275	3.546455074365032	1.1120646573675066	0.0702	3.4045961318109543	1.028422476854449	0.1076	3.533250589687353	1.351334318315155	-0.01275	3.5934226775663882	1.1055022261776528	0.0702	3.401264895858935	1.0317306412637306	0.1076
78	3.1255913978494623	3.5452999616730603	0.8444393761356966	0.0301	3.5434546090256998	0.8479398814994069	0.0301	3.5061166838433944	0.45331218332147655	0.129	3.5756894358648434	0.07731401448408806	0.023	3.4291857105382215	-0.0058355051762502995	0.2179	3.438836264476901	0.01882748974311437	0.1804	3.622013130418946	0.01880114928824468	-0.0119	3.5500114981375384	0.8453707057037065	0.0301	3.471018306014798	0.44837318539617593	0.129	3.570667286142843	0.049210588715038424	0.023	3.4242035162891957	-0.03163733242534097	0.2179	3.4555584325915825	-0.04316808770543957	0.1804	3.621494246504288	-0.01452164302419849	-0.0119	3.483462131601739	1.377396940453212	0.0008	3.407543299680004	1.6196917906184067	0.0655	3.359854029423978	1.4677622990421053	0.1076	3.5077717911812862	1.3118695917258025	-0.01275	3.5406135229686604	1.0681093906678267	0.0702	3.3965614179745405	0.9758620410619376	0.1076	3.51258699412332	1.3056515968447648	-0.01275	3.581244358607852	1.0543355262774323	0.0702	3.383719068776042	0.9818660615184166	0.1076
79	3.165663082437276	3.5320001880379954	0.8327810241430275	0.0301	3.5328920833251107	0.8344566558777795	0.0301	3.4981597701672698	0.4405545157785051	0.129	3.578776691570771	0.06738528707732772	0.023	3.426868796971474	-0.01235054455127231	0.2179	3.4413641387082183	0.012916777216170123	0.1804	3.6263299651264664	0.012086873757819092	-0.0119	3.534471323478763	0.8318637021183405	0.0301	3.458002326455682	0.436138512972852	0.129	3.569833708152794	0.03680180213065812	0.023	3.416484182555318	-0.032535342484749326	0.2179	3.4550864885113604	-0.046305321550324345	0.1804	3.6241230941441827	-0.022366784821971075	-0.0119	3.470190327021811	1.3707430303667818	0.0008	3.3923893128414906	1.6082208274298477	0.0655	3.344534865364088	1.458679130549019	0.1076	3.4942258152063346	1.302417783549499	-0.01275	3.533244969773166	1.0546288394803136	0.0702	3.38783644228907	0.9621602993501589	0.1076	3.4982350805194984	1.2974520799018727	-0.01275	3.5837129783267296	1.0463858101582706	0.0702	3.37750543168392	0.9731904910245504	0.1076
80	3.2057347670250897	3.5206431648459358	0.8597802747103406	0.0301	3.5177911359249876	0.8612872969162894	0.0301	3.497562359648501	0.4630251179876564	0.129	3.5703839123324816	0.08762551504810698	0.023	3.4195646172182546	0.002050827949594319	0.2179	3.4363814847431757	0.028270254039039586	0.1804	3.616634540937831	0.03411720501250628	-0.0119	3.5228025577516884	0.858742165503665	0.0301	3.463833114032137	0.45971535907704436	0.129	3.559125962204156	0.05443874924321408	0.023	3.404925981871908	-0.02736118156573697	0.2179	3.449085608234994	-0.039212804452728074	0.1804	3.6131951727990845	-0.0004970440816634598	-0.0119	3.4569201138805874	1.3994529092723882	0.0008	3.373746749342446	1.63215024969577	0.0655	3.33150737756197	1.4790336700279743	0.1076	3.4701514545355385	1.327633587736785	-0.01275	3.523527525757502	1.0828628205136448	0.0702	3.381357675203729	0.9952106772784726	0.1076	3.494942986326721	1.3299371843227898	-0.01275	3.5940651010368905	1.084217589447061	0.0702	3.382461020097861	1.0093848036535595	0.1076
81	3.245806451612903	3.509031508495946	0.9026773049309652	0.0301	3.5035707090817585	0.9047998663543044	0.0301	3.5010287748098907	0.5023215946549432	0.129	3.5569249207870706	0.12010648180466338	0.023	3.409477424065389	0.025232000247635944	0.2179	3.4256442161799523	0.04931379141988967	0.1804	3.6014688544032736	0.06644342675795484	-0.0119	3.513937284822722	0.9029599299445196	0.0301	3.479783808702674	0.5008835397707657	0.129	3.5446599367020237	0.08851002179231983	0.023	3.3950780695710807	-0.013065329780289554	0.2179	3.441878975979732	-0.02003956666617283	0.1804	3.596179873722876	0.03513473469309523	-0.0119	3.4448001448980907	1.440928995541681	0.0008	3.3522788202373466	1.6714021572952644	0.0655	3.32004593894749	1.5113595975470402	0.1076	3.453017508070486	1.3684056766200425	-0.01275	3.519477345057223	1.135788638771282	0.0702	3.3830417717780086	1.0534407742861662	0.1076	3.4944001651244254	1.3795398418834621	-0.01275	3.6039229450983616	1.1409199970053576	0.0702	3.3895602993565457	1.0700105219875404	0.1076
82	3.285878136200717	3.5009946896274164	0.9348088657180771	0.0301	3.4969187117177913	0.9346036354483681	0.0301	3.501539219026156	0.5341319020548994	0.129	3.548374379425697	0.14645391087423443	0.023	3.4015964327071013	0.046859324894406966	0.2179	3.4185044185788054	0.06758842877310713	0.1804	3.5926328891012913	0.09200306237910288	-0.0119	3.5074910681647253	0.9339375483103557	0.0301	3.4906030800863186	0.5337225481216492	0.129	3.5358147243181905	0.11843399471820631	0.023	3.3865560495002716	0.005637489790219157	0.2179	3.432805301964212	0.0007570459936630677	0.1804	3.586150170190801	0.06598675102229445	-0.0119	3.434922134832192	1.472883989665455	0.0008	3.3336003813260366	1.6996363272024315	0.0655	3.307499422691546	1.5381762908014562	0.1076	3.449508072880357	1.4043805294018843	-0.01275	3.521015064802464	1.1834575052889085	0.0702	3.3893668799340606	1.10590525934107	0.1076	3.485765168359718	1.4203721425122209	-0.01275	3.607527730763399	1.191534038423898	0.0702	3.3899028987124553	1.1269455192362736	0.1076
83	3.3259498207885305	3.4987072858602124	0.9471528445919708	0.0301	3.4965083739973584	0.9433722007476957	0.0301	3.498100243670952	0.5492724427387751	0.129	3.5476763580105013	0.15906364876789938	0.023	3.400939624124802	0.06090806370336051	0.2179	3.419139289580391	0.08123445400651265	0.1804	3.5929007074025683	0.10377295490455361	-0.0119	3.5044428183948377	0.9422429804986405	0.0301	3.492498172732262	0.5468690581106717	0.129	3.535545944585501	0.1330959295613895	0.023	3.384547554610755	0.013032263255165332	0.2179	3.429646603250166	0.006226790644054241	0.1804	3.5845544839619676	0.08139349880837028	-0.0119	3.4263334212193826	1.4881335735059156	0.0008	3.321293435264832	1.7090466600510217	0.0655	3.2955841462357145	1.5533086332249522	0.1076	3.449856423194947	1.4273122971655259	-0.01275	3.5218593339936035	1.2112374254960918	0.0702	3.3924068823304703	1.134779370255981	0.1076	3.4693918086818463	1.4438138019915494	-0.01275	3.6029505273059272	1.2260386589588748	0.0702	3.385884966481013	1.1598305086861496	0.1076
84	3.3660215053763443	3.497689518057447	0.9447562914208563	0.0301	3.4947404331811582	0.9404943060045824	0.0301	3.4950375895026737	0.5490506160379897	0.129	3.5492502628689206	0.15701380057090275	0.023	3.4067073653485314	0.06226802614210181	0.2179	3.421386766216873	0.08545740182967143	0.1804	3.5953404780975413	0.10012281753494168	-0.0119	3.503297572636097	0.9373701621681964	0.0301	3.492010517847252	0.5435991210426347	0.129	3.540807536323924	0.13084211449352032	0.023	3.39529622328799	0.00468286768145454	0.2179	3.4422106735118496	-0.003842907245470202	0.1804	3.586086128917751	0.07729950300443761	-0.0119	3.417974851859599	1.48903073234257	0.0008	3.3148559494366188	1.7075919696111654	0.0655	3.287310800494867	1.5559748356555205	0.1076	3.4470134328694835	1.4334089384636757	-0.01275	3.5214979717667134	1.2178050641840488	0.0702	3.3892648091781137	1.1401536873218279	0.1076	3.453718463715449	1.450755119890811	-0.01275	3.5924335815346136	1.2383765319181625	0.0702	3.3833901749513755	1.1643690087991203	0.1076
85	3.4060931899641576	3.4953607379478657	0.9303612268322137	0.0301	3.4898774967464923	0.9286439304094357	0.0301	3.4943724034795762	0.5327114176603365	0.129	3.5509327248221703	0.14218125646475038	0.023	3.4138642731557995	0.049505597350944244	0.2179	3.421747476104516	0.07674794243482372	0.1804	3.597064844386369	0.08130340483652902	-0.0119	3.500749493339788	0.9254896301854335	0.0301	3.4939167496007406	0.5261090827625206	0.129	3.5504973185590796	0.11340988131399551	0.023	3.4113421132713877	-0.0077039764666957345	0.2179	3.4629537629942897	-0.01637768604526248	0.1804	3.592350259188885	0.05521511621638234	-0.0119	3.411146883831065	1.4753692455043839	0.0008	3.3113528056000194	1.6973324368217815	0.0655	3.2814679295678486	1.5440373479241942	0.1076	3.4439400972129537	1.4196515030390455	-0.01275	3.5224257815069295	1.2023283484511844	0.0702	3.384736799462561	1.1270716960611544	0.1076	3.4439311990230936	1.4378290750050766	-0.01275	3.5785113146253864	1.223723085473336	0.0702	3.379108696516743	1.1454406593378297	0.1076
86	3.4461648745519713	3.494218498151207	0.9024396319488277	0.0301	3.4875871726109287	0.9037367791427521	0.0301	3.4968230398657156	0.5023488490168947	0.129	3.5574281862195387	0.11795977312001	0.023	3.419039432796822	0.02762594106495891	0.2179	3.424366950210983	0.056577626162899464	0.1804	3.6027962070443307	0.052272897319915274	-0.0119	3.4958743818855362	0.9026357075260554	0.0301	3.498718536919341	0.4956043530819452	0.129	3.5644154813936098	0.08655227208329305	0.023	3.420385433245797	-0.01729162344271084	0.2179	3.4740926939689225	-0.02780179993742214	0.1804	3.605425458543789	0.024278707494722464	-0.0119	3.4070563808556575	1.4471171945412407	0.0008	3.3049683827755305	1.6729256130422268	0.0655	3.2756424092361565	1.5177667973081415	0.1076	3.442876362278683	1.389067812316328	-0.01275	3.5214707429700653	1.1672759209593857	0.0702	3.3805941969009456	1.09509141344758	0.1076	3.4371222523099463	1.40240172851387	-0.01275	3.5590044826341147	1.1838101060280621	0.0702	3.366326946865506	1.1066384063970063	0.1076
87	3.486236559139785	3.4952185531177995	0.8693321978068554	0.0301	3.4913187311207543	0.872835244148626	0.0301	3.5033567492690403	0.4717996551871382	0.129	3.568180424344987	0.0912345841754222	0.023	3.4216206823017554	0.006204362994550618	0.2179	3.4323048264391387	0.030494279227857222	0.1804	3.6124549951508196	0.024274978244910032	-0.0119	3.4913869664136583	0.8717901625903719	0.0301	3.5051039399394197	0.4647264727571686	0.129	3.576405119139675	0.061804471349400605	0.023	3.421679019772458	-0.024988602649342457	0.2179	3.472780668833655	-0.03841628720466573	0.1804	3.616629583934828	-0.001463531449842696	-0.0119	3.4027769673478163	1.4156781297787113	0.0008	3.2911577595398347	1.6397387557560286	0.0655	3.2692961780453067	1.4855119068932314	0.1076	3.4424160472899863	1.3544028531587282	-0.01275	3.513124620637903	1.1225953532814077	0.0702	3.3693234054330263	1.0455359252894152	0.1076	3.4292255708708237	1.3583077034250797	-0.01275	3.5310112948173704	1.131751424401593	0.0702	3.344693613008952	1.058982127543862	0.1076
88	3.5263082437275988	3.497478861449814	0.8505810522078121	0.0301	3.497270749535266	0.8555969300698195	0.0301	3.5106731341472543	0.4588157147413113	0.129	3.573667424636989	0.07651061125951118	0.023	3.4232392392595483	-0.00315556817426918	0.2179	3.4410647637186833	0.014526753332732286	0.1804	3.6186600810295224	0.011154069522130574	-0.0119	3.491182831324545	0.8519765899168238	0.0301	3.51011331876983	0.45134189899791644	0.129	3.5791649089494664	0.050045635597762754	0.023	3.4212953372055326	-0.02852215713351115	0.2179	3.469716817652213	-0.041843073019179944	0.1804	3.6182424234675463	-0.012773183941014964	-0.0119	3.3944306406979834	1.3983651196137523	0.0008	3.269797905651833	1.6143976226698704	0.0655	3.2608494549603204	1.4597269646811788	0.1076	3.442408654247913	1.3349210196390062	-0.01275	3.4990041431601564	1.0843659633943488	0.0702	3.3518705590752376	0.9909805693290938	0.1076	3.4211021165868396	1.3317645486953529	-0.01275	3.5012581538027487	1.092254189094238	0.0702	3.3182212012276486	1.0243729773515775	0.1076
89	3.566379928315412	3.5027470285166205	0.855829486362787	0.0301	3.501293298741817	0.8623877078475526	0.0301	3.5139494929661277	0.46696835037037976	0.129	3.5690524169256728	0.08343788592183762	0.023	3.42557884013082	0.003043483424272639	0.2179	3.442046951839566	0.0206259062101101	0.1804	3.6185980418005093	0.018616088024731556	-0.0119	3.4969245158282645	0.8573398614456599	0.0301	3.5125570284809253	0.4583629546173551	0.129	3.5738150547801233	0.05356180330381912	0.023	3.4214377766818496	-0.026128179336375904	0.2179	3.4694503204089395	-0.03687667937177152	0.1804	3.6151934571592075	-0.00976738402656913	-0.0119	3.3825585039752184	1.4003397544274927	0.0008	3.2391775716590634	1.6039661590284946	0.0655	3.24763297312955	1.4454378012436995	0.1076	3.4400894059367393	1.340713219787665	-0.01275	3.485833385111266	1.0680635330085895	0.0702	3.338527189917069	0.9540455930078341	0.1076	3.413157027157442	1.3353827961129578	-0.01275	3.481610761395115	1.0837773486319855	0.0702	3.2939846511090622	1.0134583959961168	0.1076
90	3.606451612903226	3.5117499859853853	0.8733716182793624	0.0301	3.505711175985151	0.8807996515864398	0.0301	3.5126371459542143	0.4834640829932327	0.129	3.561737611171647	0.1000262647730035	0.023	3.427444219294586	0.014253549976324553	0.2179	3.4358828321696464	0.034891935563268396	0.1804	3.616792079774793	0.03484197468476556	-0.0119	3.507291332523951	0.8767296343374414	0.0301	3.5139906807215957	0.47306204331105295	0.129	3.568027789431773	0.06575916538770575	0.023	3.4219323967161617	-0.021495467517570387	0.2179	3.4686596523777635	-0.031451738146854764	0.1804	3.6140073925289147	0.0026210152931318634	-0.0119	3.369463917713215	1.410377716965574	0.0008	3.198395435589345	1.596620069052198	0.0655	3.2303913807743356	1.4355164645771847	0.1076	3.429540665613499	1.3596093840554218	-0.01275	3.4755841153903027	1.07376925718953	0.0702	3.329220328429192	0.9464688494643265	0.1076	3.402490774167604	1.3567782595248639	-0.01275	3.4719627769116137	1.1006631348992608	0.0702	3.277937194488493	1.0175383202258235	0.1076
91	3.6465232974910395	3.5225591628525064	0.8858027114615772	0.0301	3.514466420268625	0.8919060036938915	0.0301	3.509601861643534	0.49502982540613405	0.129	3.5609878227808114	0.10797416122547254	0.023	3.42773994185679	0.019002077204148617	0.2179	3.4335434656365793	0.038834151106201406	0.1804	3.616529530150742	0.043342411075334195	-0.0119	3.51947859632566	0.8885483032548027	0.0301	3.513635769527586	0.4839218361026324	0.129	3.5677363187620417	0.07575544602072457	0.023	3.42288845310049	-0.01884625000012529	0.2179	3.4652966945395134	-0.030985425945755787	0.1804	3.6141229873095573	0.015793987545386638	-0.0119	3.35583651714511	1.4130693978293947	0.0008	3.1558001377490505	1.576345862731981	0.0655	3.2131839997123732	1.4182617766671928	0.1076	3.412067661062872	1.37014839068122	-0.01275	3.4664993199331477	1.0834037882616272	0.0702	3.3191284153706495	0.9505571834160156	0.1076	3.3888369408646413	1.374696656738155	-0.01275	3.4618680999429983	1.1199335820402125	0.0702	3.2660265557458077	1.0235810158177543	0.1076
92	3.6865949820788533	3.5363113813978146	0.8854027303229303	0.0301	3.5289726392101906	0.8887044429435295	0.0301	3.51054895645221	0.494983693531223	0.129	3.5680536540633288	0.10344130711971211	0.023	3.427908092015469	0.01541884783856827	0.2179	3.440212062326492	0.031081131087384327	0.1804	3.6180243521843547	0.04009863998452091	-0.0119	3.531117940236822	0.8849278029410617	0.0301	3.508763734055294	0.48634633405401073	0.129	3.5728334725175546	0.07428952784491089	0.023	3.4234707912373774	-0.020858529771429636	0.2179	3.4607450453505937	-0.03418711054816512	0.1804	3.6145246134324958	0.01745309952750197	-0.0119	3.342372975925552	1.4003816586460545	0.0008	3.1203600162685503	1.5383256102504843	0.0655	3.19921680835506	1.3871557564947559	0.1076	3.3967295760920533	1.3646210346216057	-0.01275	3.4599490345691244	1.0803825715237367	0.0702	3.3102487736940374	0.9418012910210908	0.1076	3.375492009240861	1.3753793283875904	-0.01275	3.446279111527766	1.1195097030114765	0.0702	3.2523432269414045	1.016912792707188	0.1076
93	3.7266666666666666	3.553984659505872	0.8729026756672261	0.0301	3.5481145117348514	0.8735625562494561	0.0301	3.5166677003329614	0.48197236069911914	0.129	3.5782868321586254	0.09099044099778202	0.023	3.4291261307288146	0.006888560711481155	0.2179	3.4513531968156093	0.01681785658786141	0.1804	3.621728291393793	0.02982049451596085	-0.0119	3.542173166618562	0.8699349235930536	0.0301	3.5002830612912037	0.47821118249761924	0.129	3.579163760753324	0.06168127607951668	0.023	3.424078268144078	-0.02755851221939779	0.2179	3.457890805543587	-0.038239340799051114	0.1804	3.617419971077662	0.004333181220049352	-0.0119	3.3297518021129564	1.3735101016983218	0.0008	3.091986868068987	1.4883771955338985	0.0655	3.1873334108415587	1.3449092649190095	0.1076	3.388284612177258	1.348505981642993	-0.01275	3.4561160940699747	1.0631580262277505	0.0702	3.303526980493268	0.9152763540608921	0.1076	3.3651106568312446	1.3549947533473063	-0.01275	3.427501949533023	1.0916994843483097	0.0702	3.2410529727000803	0.9835547007187999	0.1076
94	3.7667383512544803	3.5719517916218915	0.8528110977455201	0.0301	3.568492023558071	0.8512122700906523	0.0301	3.5181270836897185	0.4631270404261706	0.129	3.586441317238278	0.0768772117583185	0.023	3.431162389537753	-0.0023111155914665228	0.2179	3.460527464847042	0.004299577971680486	0.1804	3.626171251927068	0.018871027942982937	-0.0119	3.555341001408183	0.8484481167583156	0.0301	3.4905667215650347	0.46245969182341695	0.129	3.5835732855525317	0.04810099712437025	0.023	3.4259593387979077	-0.03391576221246096	0.2179	3.4583465698108053	-0.042017107704282276	0.1804	3.6236093264856764	-0.010256702064763893	-0.0119	3.317684776292663	1.337614279580304	0.0008	3.0686817874147843	1.4342974419466297	0.0655	3.1745609693297423	1.297741933759233	0.1076	3.3835989470173344	1.324535083756023	-0.01275	3.4490258564176206	1.0356144513046346	0.0702	3.2952052155132683	0.8739723815822273	0.1076	3.3582901387602835	1.3186816317525023	-0.01275	3.4082214258678563	1.0466599813560076	0.0702	3.235479360994002	0.9255075563233269	0.1076
95	3.806810035842294	3.58943265611997	0.8311289134628296	0.0301	3.589281866746628	0.827835134929069	0.0301	3.507364936168258	0.44946642979628737	0.129	3.5892212418726954	0.06855109985948389	0.023	3.4315668131575316	-0.007998728084639327	0.2179	3.4621290211899463	0.001255210707414566	0.1804	3.628350012688431	0.012710738139234594	-0.0119	3.5734226058855523	0.8251989397814693	0.0301	3.478014303740446	0.44812972413651825	0.129	3.5856981933211247	0.04162663039088639	0.023	3.427015841660935	-0.03545358336686326	0.2179	3.460261569767014	-0.04432299401895974	0.1804	3.6306035319552055	-0.01306466283585926	-0.0119	3.3059383948408594	1.2960817871686208	0.0008	3.0505220394553807	1.3772795680548446	0.0655	3.1620424110970196	1.2462656016939753	0.1076	3.378153129215329	1.2909921189141822	-0.01275	3.4327202358349527	0.9975091235633429	0.0702	3.282028935661585	0.8177944538040242	0.1076	3.3515392660364336	1.2753866168649548	-0.01275	3.3887591048554717	1.0004048311435416	0.0702	3.229642601433065	0.8586469103643353	0.1076
96	3.8468817204301073	3.610311925816319	0.8113638676336682	0.0301	3.6111409782074837	0.8075364927740847	0.0301	3.4890324700935818	0.44460612434754404	0.129	3.5867536949223777	0.06706615349982609	0.023	3.427121766039333	-0.01042093550544383	0.2179	3.4554107802993856	0.0018366840081601456	0.1804	3.629142590141256	0.011621558111003325	-0.0119	3.596540901267666	0.8037878216361688	0.0301	3.462433822347792	0.44075712908930453	0.129	3.58622517879446	0.04178621373703243	0.023	3.4250667365725613	-0.03379705222527009	0.2179	3.4610171986826606	-0.043058645156486317	0.1804	3.6350704715220603	-0.0066093483606814085	-0.0119	3.293973121255974	1.2474712922654976	0.0008	3.0345269999656352	1.3103727894216923	0.0655	3.1521608319043675	1.1873955479753202	0.1076	3.3675796839624526	1.2467775267225403	-0.01275	3.4067440215469347	0.948745549494916	0.0702	3.2626585838732063	0.7511200051743031	0.1076	3.3389056261891943	1.2281538620513721	-0.01275	3.367542853788728	0.957266678161499	0.0702	3.222366300356186	0.7916473832702136	0.1076
97	3.886953405017921	3.6352167692194093	0.7924263321545729	0.0301	3.6310828843350595	0.7880700587413721	0.0301	3.4706476224649268	0.4434890257066071	0.129	3.5825385059329355	0.06697135653479579	0.023	3.420927393939557	-0.012246761633140726	0.2179	3.4471541612531604	-0.0018126096421689812	0.1804	3.6310244273774677	0.012903874283018063	-0.0119	3.622401161769708	0.7837130934376129	0.0301	3.4494600047301875	0.4371687560687377	0.129	3.585987013002283	0.044043797645378115	0.023	3.4224153928715597	-0.03259479685276195	0.2179	3.46049870315919	-0.03897676947437509	0.1804	3.6348428970068256	-0.0011817276350386049	-0.0119	3.2807016874779014	1.188599646083444	0.0008	3.0188395502604815	1.2304421770680494	0.0655	3.145085491558798	1.1195510965226847	0.1076	3.349876776760592	1.1897931830616806	-0.01275	3.376082478615021	0.8911040667360771	0.0702	3.2405257755886234	0.6798202975728133	0.1076	3.3212769226626273	1.1750962425480689	-0.01275	3.342794731719301	0.9080175958567421	0.0702	3.21696992549449	0.7186102202671949	0.1076
98	3.927025089605735	3.659698515716044	0.7731429194460238	0.0301	3.648150952473827	0.7666749663808122	0.0301	3.455235495713748	0.4394031568274832	0.129	3.580731130653043	0.06510563515457866	0.023	3.4188623193033227	-0.012522919768700664	0.2179	3.442559951181027	-0.004688706665833587	0.1804	3.6330068430500075	0.014999738697597163	-0.0119	3.64792720233973	0.7638767708425803	0.0301	3.4416889520796543	0.4318049685131322	0.129	3.586608505365462	0.04440806247808009	0.023	3.4216582697499747	-0.03264635439039228	0.2179	3.459339572963814	-0.03620477568037121	0.1804	3.6316634066058295	-0.0005388470584601396	-0.0119	3.267897701229694	1.1208583517124666	0.0008	3.008410163641769	1.1447952170128186	0.0655	3.1408973472122965	1.0431526182797646	0.1076	3.331032432233141	1.1217194558842025	-0.01275	3.345464435622335	0.8258185584768593	0.0702	3.222036364419738	0.6058075838199188	0.1076	3.306011862167194	1.1155931415816658	-0.01275	3.3151607357653714	0.8437383068424342	0.0702	3.2074173045218357	0.6333634608804715	0.1076
99	3.9670967741935486	3.6795221180213096	0.7531549396753294	0.0301	3.6662652406189564	0.7446977268336422	0.0301	3.4433422536165605	0.42957711673517956	0.129	3.582097520717396	0.061929271995880775	0.023	3.4185132976046675	-0.011996308545206035	0.2179	3.438901234669367	-0.0037398833062359566	0.1804	3.6337429817952027	0.015412184385223205	-0.0119	3.6711197719969344	0.7434141818915672	0.0301	3.4346983640649964	0.42286509526781835	0.129	3.589220877301245	0.042322157674936495	0.023	3.4219497563765517	-0.03305607710219561	0.2179	3.4571523487755527	-0.0371347364895243	0.1804	3.6309934460369697	-0.002040971295707595	-0.0119	3.2594060006562504	1.0492846408679526	0.0008	3.006552607066779	1.0578827414730285	0.0655	3.1396420181325335	0.9626752021160154	0.1076	3.316895514805368	1.0529281943155657	-0.01275	3.3138008637748233	0.7559815353107157	0.0702	3.205385451479892	0.5321141586777585	0.1076	3.2960760831752887	1.0491393562936506	-0.01275	3.288565431028385	0.7663876693787647	0.0702	3.188938924441297	0.5411770628513368	0.1076
100	4.007168458781362	3.6951410334696027	0.7279989522681932	0.0301	3.6865939101584915	0.7199525051820379	0.0301	3.4334927324957896	0.41656099369098526	0.129	3.5832898560477853	0.05947603693017724	0.023	3.415413417971976	-0.014409380723684211	0.2179	3.4348610552783168	-0.003979520926564996	0.1804	3.6340511016817665	0.013333040600109088	-0.0119	3.6909295076188453	0.7165766736714337	0.0301	3.4243238730411534	0.41168411292470736	0.129	3.592161574954596	0.04044657733111322	0.023	3.422567026504389	-0.03415315027565893	0.2179	3.4538641366745875	-0.04005068932072962	0.1804	3.635335470124183	-0.003002645579654648	-0.0119	3.254516674883769	0.9770586516234356	0.0008	3.009984700558683	0.9671144649813254	0.0655	3.140937383936918	0.8834962438904019	0.1076	3.305003709542562	0.9902828260746458	-0.01275	3.2819323263321474	0.6841470429517764	0.0702	3.184439556867537	0.4590173356570206	0.1076	3.2885957937161514	0.9763695347868637	-0.01275	3.264865025092967	0.685581604852568	0.0702	3.165643940388251	0.4530599224183491	0.1076
101	4.047240143369176	3.7082445206287127	0.6927935898615402	0.0301	3.7056410596997065	0.6863273219094328	0.0301	3.421779936188586	0.40471219220703114	0.129	3.5814798538931467	0.060105924076193945	0.023	3.410476636959482	-0.018680464785357016	0.2179	3.4319167710550618	-0.0056318432516186245	0.1804	3.634375231390252	0.012570606569794793	-0.0119	3.7042333601790527	0.6777610492298266	0.0301	3.408320156295706	0.40063904005263723	0.129	3.592709981611407	0.0408343611784649	0.023	3.4253291569598603	-0.036995216436194696	0.2179	3.4512871992242165	-0.04267878324789388	0.1804	3.6410914665047502	-0.002635309574352731	-0.0119	3.2515149738070503	0.9045343001555192	0.0008	3.015227727438099	0.8778127471182292	0.0655	3.1438239112342616	0.8078827247533186	0.1076	3.29473231580182	0.9302066745696604	-0.01275	3.2580940418793456	0.6090074525064476	0.0702	3.160567689596153	0.3822037421348973	0.1076	3.280834341946602	0.9021683773464055	-0.01275	3.241028986791835	0.607671566230277	0.0702	3.138301803959429	0.37375342558992625	0.1076
102	4.087311827956989	3.7167122946346067	0.6485259283793413	0.0301	3.719634894785446	0.6428819828167739	0.0301	3.406014272835865	0.3940679416409155	0.129	3.577979052652377	0.061936236741184994	0.023	3.406665080609159	-0.020620903395888925	0.2179	3.4277485521971025	-0.005723957451878028	0.1804	3.6347499331441013	0.014300980826995914	-0.0119	3.708839709469912	0.6295886140158762	0.0301	3.3857089632940687	0.39142756736510437	0.129	3.590697229469295	0.042097554048260814	0.023	3.4312587821543223	-0.04032739382265612	0.2179	3.4529264201550887	-0.04458982836579273	0.1804	3.6440960826306705	-0.0011120684027266362	-0.0119	3.2530031727689517	0.8324750389310331	0.0008	3.0207265106253187	0.8015253269214985	0.0655	3.1461866636703717	0.7383048461613504	0.1076	3.291002569921664	0.8686235900139341	-0.01275	3.244721296474531	0.5331539743400782	0.0702	3.135755661228785	0.30835259007444654	0.1076	3.274196507702594	0.830549564077499	-0.01275	3.2165664586006883	0.5336319586684022	0.0702	3.106866655251467	0.30250830354842717	0.1076
103	4.127383512544803	3.719294636011648	0.598247744092891	0.0301	3.7267613366779493	0.5924591793465109	0.0301	3.388335144931465	0.37997315786001457	0.129	3.576183468688101	0.06034887503759182	0.023	3.410815311719399	-0.019476718280217156	0.2179	3.4260384340426064	-0.005494594420115709	0.1804	3.635535467315905	0.015621227496732374	-0.0119	3.7093208585366737	0.5777810802290451	0.0301	3.3614427036538244	0.3823829334807561	0.129	3.5880333156476785	0.04115082662183042	0.023	3.439369036852753	-0.04057406758946718	0.2179	3.4608493742251656	-0.044663740837443816	0.1804	3.643824159938575	0.0021391310537058	-0.0119	3.2577967738598694	0.7636453436680734	0.0008	3.0253457517831435	0.7365139188030847	0.0655	3.1461557366162616	0.6745821152328418	0.1076	3.2935071437545136	0.803806284983746	-0.01275	3.230727356520866	0.4653573337031116	0.0702	3.107425409405825	0.2522628467569542	0.1076	3.2725657892387545	0.7609812040929463	-0.01275	3.1956710921523825	0.4660757415982323	0.0702	3.0771519493771113	0.2426955306934772	0.1076
104	4.167455197132616	3.7197150415011713	0.5427075716840536	0.0301	3.7290262959474743	0.5366137262729563	0.0301	3.3725881827802224	0.36127234574963807	0.129	3.576342947977159	0.05550197480343887	0.023	3.424675233731083	-0.017321544419109543	0.2179	3.4338583621588463	-0.007732154515057482	0.1804	3.6360331458369166	0.01565336736839536	-0.0119	3.7110076606237716	0.5249437484887246	0.0301	3.3429465777992595	0.3709293479481941	0.129	3.5850222495260198	0.038502462242266416	0.023	3.44756393417743	-0.037638166864640624	0.2179	3.4714248950108506	-0.042302524552530946	0.1804	3.6408397798077305	0.007141567917798355	-0.0119	3.260526463463739	0.7011006727755991	0.0008	3.0285025897886166	0.6706339221859492	0.0655	3.144985868082901	0.6120085946722169	0.1076	3.296458521075545	0.7364216923255248	-0.01275	3.2093436495180825	0.4108722166419717	0.0702	3.077630954464793	0.2150745451468687	0.1076	3.2744556482421663	0.6940753018788719	-0.01275	3.1792370213400294	0.4087182169375755	0.0702	3.0509980664149516	0.19681965790866343	0.1076
105	4.2075268817204305	3.7217679219081026	0.48279736420559527	0.0301	3.7301173239021033	0.47829229741669044	0.0301	3.361020072379548	0.3443214045988376	0.129	3.5753716426777395	0.05053863154924912	0.023	3.4360921983560586	-0.015553085220791105	0.2179	3.4450758956741194	-0.012383094543870498	0.1804	3.6356488163776493	0.01580317382201997	-0.0119	3.7137016104788385	0.4712770985194859	0.0301	3.331404087481631	0.3585432467655201	0.129	3.581059166760124	0.0374650605665299	0.023	3.4517673981114205	-0.03627932969779049	0.2179	3.4777153366866744	-0.04017466439660337	0.1804	3.635450010229512	0.011663377766647743	-0.0119	3.2611320036889837	0.6452379212921486	0.0008	3.030061798598847	0.604406288517774	0.0655	3.1451565015657033	0.5504369150624424	0.1076	3.297417727411998	0.6720071870146683	-0.01275	3.189803538349176	0.36862709509382574	0.0702	3.0519769627612603	0.18716196365898394	0.1076	3.274491969528266	0.6325583806417401	-0.01275	3.1637409461490136	0.36168293460776535	0.0702	3.0250541687471517	0.1602734176990926	0.1076
106	4.247598566308244	3.723584283813745	0.4210274037609506	0.0301	3.7277031130113296	0.42155234642962397	0.0301	3.352341955646723	0.335719714089317	0.129	3.572121111415411	0.04853644042256231	0.023	3.4368330752744205	-0.014440221144086942	0.2179	3.4499585859508226	-0.014800348774848138	0.1804	3.635341084235898	0.019676813219454862	-0.0119	3.7157023764875516	0.4142362738198353	0.0301	3.3236665352760064	0.34747209403452584	0.129	3.5783165500977354	0.03843734846384341	0.023	3.4508745266389824	-0.03718148918121708	0.2179	3.4783800421613864	-0.039949861238136576	0.1804	3.6304599805301314	0.013547333348155619	-0.0119	3.2625434358322734	0.5931042319452873	0.0008	3.031274701521756	0.5503578581908014	0.0655	3.1462462739224657	0.4945160259889481	0.1076	3.297983430336202	0.6144015625219473	-0.01275	3.1791879862388317	0.33470336861021455	0.0702	3.0302727409314416	0.1629033389823202	0.1076	3.2734160147742664	0.5775841528234297	-0.01275	3.1490696893111303	0.32362249034609	0.0702	3.0008129969506228	0.13040807041675695	0.1076
107	4.287670250896057	3.7186284635929097	0.35884780929914695	0.0301	3.715781407824516	0.3652726055940775	0.0301	3.343749980022797	0.3351832385747901	0.129	3.566932633782252	0.054141112126584935	0.023	3.4316576148427225	-0.013667544995701551	0.2179	3.447443109326075	-0.009279871014258756	0.1804	3.6357661404864006	0.030299139671692784	-0.0119	3.7148173253126453	0.35001781061044146	0.0301	3.3178802758408157	0.33623525603725435	0.129	3.5785993936396614	0.039537850255578676	0.023	3.449417720497147	-0.0356942460792446	0.2179	3.478200011215274	-0.040053870316482214	0.1804	3.6288664980107757	0.013208974804853045	-0.0119	3.2640973044911528	0.5432149839793733	0.0008	3.0333468225098184	0.511861254228287	0.0655	3.147289927348102	0.44570831323426724	0.1076	3.2992058774106487	0.5632058127223838	-0.01275	3.17117631111375	0.30440847397577114	0.0702	3.0091732454501723	0.14087266063980078	0.1076	3.2748565379139887	0.5289871060399219	-0.01275	3.1386901258759914	0.29354039285980865	0.0702	2.981607846130384	0.1086914825338202	0.1076
108	4.327741935483871	3.703858960011767	0.2962067859008218	0.0301	3.6961058087455405	0.30434664387584615	0.0301	3.3355692242405617	0.33727939840230736	0.129	3.5593221481582624	0.06597465622370305	0.023	3.4263967209476274	-0.012032486960835974	0.2179	3.4402759590362852	0.002436806160889333	0.1804	3.635153953270419	0.04183618107091226	-0.0119	3.707882425312796	0.2807640337330354	0.0301	3.3133499540207625	0.3234794354729346	0.129	3.5790289505032304	0.039791298769053636	0.023	3.449509596661474	-0.031441020905072	0.2179	3.4802461438702217	-0.03951767656297112	0.1804	3.629071376971536	0.012394958547946587	-0.0119	3.2634955900062357	0.4983053728616483	0.0008	3.0357693442417446	0.4825785780187356	0.0655	3.148562783983834	0.40414858765040435	0.1076	3.3005364111106816	0.5198049230968732	-0.01275	3.159551495243637	0.2762801456142291	0.0702	2.9880244510387546	0.12118258291128452	0.1076	3.276653606159923	0.4841462843281363	-0.01275	3.130009875079665	0.26802880715559224	0.0702	2.9648063994457106	0.09340857717953134	0.1076
109	4.367813620071685	3.684187677270533	0.23691962980809805	0.0301	3.677136443343973	0.24257939630695038	0.0301	3.3313559346971973	0.33758488484620763	0.129	3.550332389603904	0.07409202410295594	0.023	3.4228904282259345	-0.008850431432747344	0.2179	3.4328143816678023	0.011231701575774588	0.1804	3.630007028820419	0.04533921898716832	-0.0119	3.695731797195563	0.21735026899051518	0.0301	3.3096964220398415	0.3112827369218131	0.129	3.576778028688959	0.03933797797289336	0.023	3.448967555547228	-0.028386025819050545	0.2179	3.4831602141708577	-0.03936707735776194	0.1804	3.6284011310424735	0.0118795637703754	-0.0119	3.260890817603606	0.4618672189740543	0.0008	3.039061366177509	0.4595667537036982	0.0655	3.1497097848571727	0.37177844182525766	0.1076	3.3021498131704043	0.4880232006518974	-0.01275	3.1466479149111515	0.25220618306000897	0.0702	2.967363869368957	0.1046657352988809	0.1076	3.2749708991355546	0.44240431623280024	-0.01275	3.11610476729199	0.2430322783302438	0.0702	2.946193839755764	0.08036537325875424	0.1076
110	4.407885304659498	3.6685844173212785	0.19443620887246255	0.0301	3.665497614493909	0.19852487197337074	0.0301	3.3329085471568534	0.3356561564692671	0.129	3.5428967605631687	0.0742464103711903	0.023	3.4215539819576386	-0.005650926028200432	0.2179	3.4291759177103813	0.012579265652313952	0.1804	3.6205360632920174	0.042823947942217264	-0.0119	3.6847156699150436	0.17443492301448402	0.0301	3.306734782945187	0.30248974081195645	0.129	3.5738914222272142	0.039082992163883466	0.023	3.4463453093511234	-0.02801825821054107	0.2179	3.4839155329033042	-0.04010428651658827	0.1804	3.6273540436976166	0.012106368504436965	-0.0119	3.2579097275250906	0.43673853563113707	0.0008	3.0430436482792653	0.4425551767326407	0.0655	3.15023740904818	0.34906992346579313	0.1076	3.304379503178305	0.46993511069010135	-0.01275	3.1365301589855923	0.23419932034443333	0.0702	2.9493046009965638	0.09175652131720005	0.1076	3.2701210691669265	0.41066034925523887	-0.01275	3.0981478159697162	0.2205136705276597	0.0702	2.9278878053920034	0.06909954233651387	0.1076
111	4.447956989247312	3.664921280614003	0.1841918066045919	0.0301	3.6643623241919814	0.18961983211053327	0.0301	3.3378421112052252	0.33428108993619804	0.129	3.540673565219117	0.07249216102703024	0.023	3.422735583910767	-0.004455129005001489	0.2179	3.430289816513316	0.010993459228856901	0.1804	3.613641540334762	0.041772553135639476	-0.0119	3.6806944176692133	0.16298506867541157	0.0301	3.3038177136732205	0.2996814380537568	0.129	3.5725445169620937	0.03942721727872822	0.023	3.4424569272362393	-0.029073284841976813	0.2179	3.4813799993357777	-0.04087120573486871	0.1804	3.6263582961332483	0.013250405904233915	-0.0119	3.255038358203429	0.42542246075351847	0.0008	3.044284762923272	0.4294796057901408	0.0655	3.150039926790833	0.3356395673961122	0.1076	3.304552632043729	0.4639257973278574	-0.01275	3.129794809998589	0.22469075146435835	0.0702	2.938362002437107	0.08271651013744924	0.1076	3.2639773560638528	0.39555191637753473	-0.01275	3.0847998953468334	0.207534966776477	0.0702	2.915624804892874	0.06191186299796871	0.1076
112	4.488028673835125	3.6745793323981966	0.20567385401167718	0.0301	3.67281005085737	0.21398778149488346	0.0301	3.3442989033622843	0.3371805320925854	0.129	3.5458439653377876	0.0733681722844316	0.023	3.4251913040336666	-0.0054742905651767575	0.2179	3.4352653291060595	0.010259225787875399	0.1804	3.61599984288035	0.04306255612651888	-0.0119	3.683618411564468	0.18160063847073973	0.0301	3.3011028025689026	0.3052858272372019	0.129	3.5708190405909224	0.039684446768554656	0.023	3.439793008530502	-0.030227119898334008	0.2179	3.4765758841178034	-0.04180252419191126	0.1804	3.6241172025950856	0.014511410473461083	-0.0119	3.2525673994251676	0.4276681290753413	0.0008	3.041403781772757	0.41876854534546404	0.0655	3.1491122717515316	0.33213270113243976	0.1076	3.299987233190586	0.4661966336531047	-0.01275	3.1254086867132607	0.223807201460949	0.0702	2.935365661694685	0.07608352558786302	0.1076	3.2577089822994334	0.396003914266089	-0.01275	3.08085084993421	0.20668930629624632	0.0702	2.9096363886771432	0.05705224035347207	0.1076
113	4.528100358422939	3.6897893254118452	0.2420110247197477	0.0301	3.68515148199687	0.2530571357852163	0.0301	3.351179019264402	0.3447929107268336	0.129	3.554579521330113	0.07532698070309322	0.023	3.4264199764521948	-0.0068801738664370764	0.2179	3.4419132429508412	0.009434666231494271	0.1804	3.625269554622487	0.044339137724511264	-0.0119	3.689023025952822	0.21705472099300357	0.0301	3.299880016988762	0.3169960860338762	0.129	3.567172334976436	0.03996580987810039	0.023	3.4393070689470124	-0.03079799461809896	0.2179	3.471115132159647	-0.04319365227448682	0.1804	3.620799472064035	0.016359349863981607	-0.0119	3.2506871058631663	0.43928820531857005	0.0008	3.036762269761534	0.4116197731518568	0.0655	3.1475137949019136	0.33747938448981774	0.1076	3.2922942593434565	0.47377557314754476	-0.01275	3.122157938587301	0.22724125551760355	0.0702	2.9355006892326574	0.06961526474831056	0.1076	3.252695146126251	0.40641077229031236	-0.01275	3.0827175096335937	0.2130640570771355	0.0702	2.906293042159007	0.05120337402180129	0.1076
114	4.568172043010753	3.7006783532595864	0.27712067213416075	0.0301	3.694168210274867	0.28850133571980985	0.0301	3.351443799446892	0.3528449633882646	0.129	3.5597788053249113	0.0767719801790556	0.023	3.4265328744821235	-0.007051616543978915	0.2179	3.4462624725815294	0.008623706712492362	0.1804	3.6311274863177165	0.04526119643911312	-0.0119	3.6930565344410433	0.2549734081176788	0.0301	3.300070718610777	0.32709691531893875	0.129	3.563393060989022	0.041716128678243806	0.023	3.4392170109862814	-0.030574876882144882	0.2179	3.4674842648153064	-0.04332057837438626	0.1804	3.61867376787392	0.019696924783301786	-0.0119	3.2475119643306627	0.4542060669156248	0.0008	3.0308069584621986	0.4117639276189454	0.0655	3.144189353535567	0.34806168801524084	0.1076	3.283759035165423	0.4848300163039228	-0.01275	3.1197227410056008	0.23224003411544392	0.0702	2.935411814011974	0.06491940344706737	0.1076	3.2498218694610546	0.42262890247940615	-0.01275	3.085318625855085	0.22143597941208468	0.0702	2.906785717730245	0.047209830804142185	0.1076
115	4.608243727598566	3.7040347887528013	0.30439672549244795	0.0301	3.6959390118076385	0.3137429763824978	0.0301	3.3398435238844577	0.3575062361457039	0.129	3.5597700172534434	0.07815770746612025	0.023	3.4263910904852577	-0.0073755165893768715	0.2179	3.4459248256482438	0.008916267596112887	0.1804	3.6280642888047034	0.04657043926381664	-0.0119	3.6952002171768648	0.28571660910445235	0.0301	3.29927269836985	0.3310993829914048	0.129	3.5614425477172733	0.0455262478516705	0.023	3.4387655992077892	-0.029841864373097205	0.2179	3.4670892838863967	-0.04162432942023515	0.1804	3.618656187256413	0.02298813429876312	-0.0119	3.2415945604724326	0.46704074077476276	0.0008	3.0218142683989915	0.41916711585425204	0.0655	3.1385770613195816	0.35905874557688944	0.1076	3.2750883514181797	0.49601255458100035	-0.01275	3.118668233136557	0.23857858732443915	0.0702	2.935740494478029	0.06490086385681093	0.1076	3.248248659303696	0.441140823624995	-0.01275	3.0871733502393566	0.2288620374086651	0.0702	2.9123209563561434	0.04859586722373603	0.1076
116	4.64831541218638	3.7011373260810854	0.32381997441970056	0.0301	3.6924611667251783	0.3308088657527527	0.0301	3.3260192593835463	0.35891841490743176	0.129	3.5578177691383397	0.07945345685963635	0.023	3.4233318800033197	-0.009487897994336181	0.2179	3.44351563582661	0.009386493488642317	0.1804	3.6228083997521265	0.04875220537024506	-0.0119	3.695986245401842	0.3058403153209834	0.0301	3.2954102092240096	0.33136395231035837	0.129	3.561076723900734	0.04966131153307556	0.023	3.439306159073498	-0.02912437655418427	0.2179	3.468334281437321	-0.039784255514826915	0.1804	3.6182913102635803	0.025611505491583975	-0.0119	3.234537280584672	0.4751411260739742	0.0008	3.011667149405097	0.4253183397952866	0.0655	3.1332164832062177	0.3656442123159606	0.1076	3.267356640734799	0.5029714713791842	-0.01275	3.1171856008700636	0.2436756987159063	0.0702	2.9360856804078086	0.06773185319567432	0.1076	3.2459121384281837	0.4541396428794584	-0.01275	3.085985909277748	0.23274927237417675	0.0702	2.9159258287389354	0.050949755554299016	0.1076
117	4.688387096774194	3.6942725009249133	0.3359821433840234	0.0301	3.688102225603292	0.34130886793779064	0.0301	3.321715850443921	0.3582809081172017	0.129	3.5558775435886205	0.07966071435867578	0.023	3.416618322713709	-0.0115004614992463	0.2179	3.4419089175623907	0.009521483896413557	0.1804	3.6221502792067	0.05067123381750477	-0.0119	3.6940997154769435	0.3169720909144266	0.0301	3.2897178990258062	0.33071070489551185	0.129	3.5604698100485197	0.05182420640746543	0.023	3.440909284954972	-0.029004888557607352	0.2179	3.4692764090133608	-0.038592583290687286	0.1804	3.6157273175862663	0.02899186300296389	-0.0119	3.227746899682764	0.47810008281709093	0.0008	3.004122410343707	0.42363750612565015	0.0655	3.129363012208831	0.36591047644486263	0.1076	3.2604798515719735	0.5038189026224961	-0.01275	3.111053175031941	0.24495855353622636	0.0702	2.9328615874673942	0.06911210879206815	0.1076	3.240437999169043	0.45581646063317266	-0.01275	3.0789650393978265	0.23306399752962403	0.0702	2.9104790230397333	0.04849096144996992	0.1076
118	4.728458781362007	3.6873919578242185	0.3390131684963474	0.0301	3.683511140645314	0.34401563746975183	0.0301	3.3224087000176654	0.3559188521266608	0.129	3.5537123618869937	0.07893910865947264	0.023	3.412861907309335	-0.01162070471533389	0.2179	3.44002883170833	0.010624585635058187	0.1804	3.6235849093666506	0.051281532664030356	-0.0119	3.688471119743708	0.32026923892050413	0.0301	3.2842743216361248	0.32822731704533914	0.129	3.559260400282961	0.05207651129912307	0.023	3.440770439626453	-0.029592375526104536	0.2179	3.469461468885254	-0.03785937336734534	0.1804	3.6135348000268706	0.03187175536976719	-0.0119	3.220587065249342	0.4757280007611687	0.0008	2.998415660821615	0.41779154843638777	0.0655	3.1238632850895214	0.36161979423925117	0.1076	3.2533825916176196	0.4996299257959575	-0.01275	3.099649061884323	0.2426936776526285	0.0702	2.923752921458309	0.06760904609239622	0.1076	3.231500714540028	0.4503874291733523	-0.01275	3.0678600461820555	0.23182986706643782	0.0702	2.897892274467839	0.043044821229868385	0.1076
119	4.768530465949821	3.6810468567831878	0.3315859042189139	0.0301	3.6760894341609482	0.33704935867325825	0.0301	3.318102639195114	0.35153977437386824	0.129	3.550758334097105	0.07905169816658249	0.023	3.4184810323727244	-0.011548279798495658	0.2179	3.4416037562784476	0.01231300939140025	0.1804	3.624055375352552	0.05130377256351911	-0.0119	3.6797434979002794	0.3143012912555781	0.0301	3.2775048245048772	0.32210925229284093	0.129	3.5586460950663414	0.05286523983072705	0.023	3.4370223052724023	-0.029840528193166148	0.2179	3.4682014616348535	-0.036942729527260514	0.1804	3.6139218888763303	0.03289134975491273	-0.0119	3.21233300297884	0.4680427928483153	0.0008	2.991817246230312	0.4120783347842473	0.0655	3.1146364861578943	0.35440903738464696	0.1076	3.246791960963406	0.4921794555359035	-0.01275	3.0885364166268054	0.23769676637866632	0.0702	2.9116277983401218	0.06514230347357855	0.1076	3.2216180365404403	0.4432638721515509	-0.01275	3.0565181498870344	0.22873877468157153	0.0702	2.885053210031506	0.039718984213313886	0.1076
120	4.808602150537634	3.6711092738695243	0.31520682216347823	0.0301	3.6653457445593363	0.31982225169926387	0.0301	3.309937626204719	0.34376309308504627	0.129	3.54766838796589	0.08057594324736295	0.023	3.4316161285007474	-0.011933225483671817	0.2179	3.455917003351765	0.012276645872930491	0.1804	3.624688271082828	0.05028708136559965	-0.0119	3.668132146877086	0.29799487557735005	0.0301	3.2666850981171343	0.3127129237307984	0.129	3.556447040652753	0.05594285736802278	0.023	3.431847857742365	-0.028785727372102648	0.2179	3.4644138290526323	-0.03494138117802622	0.1804	3.613625374900448	0.03529717430149778	-0.0119	3.202967496306526	0.45576545269606283	0.0008	2.984314124133564	0.4034772478239558	0.0655	3.103878393239112	0.3436327772295767	0.1076	3.2409916594862933	0.4823816087880402	-0.01275	3.0812844091794487	0.23046611035822645	0.0702	2.9016012539275864	0.06347216545279592	0.1076	3.2116228564656035	0.4323166906909158	-0.01275	3.046396089938048	0.22073983665612731	0.0702	2.8767069477813596	0.039284430490590834	0.1076
121	4.848673835125448	3.655857754673746	0.2923643100594007	0.0301	3.6519759780357433	0.295244890053875	0.0301	3.3016154678492065	0.3328652691234649	0.129	3.544679872963409	0.08206821949728163	0.023	3.44342522357709	-0.011288352834195204	0.2179	3.4762942125624865	0.01058888791585987	0.1804	3.624455047180256	0.047511212364890934	-0.0119	3.653425081520683	0.2726913268669593	0.0301	3.2522551683496728	0.3014630220432663	0.129	3.5497900313211206	0.05989304626860719	0.023	3.4277360973605435	-0.02706680907459004	0.2179	3.4597865745239478	-0.032812897692094424	0.1804	3.6098125293873053	0.0405900102329321	-0.0119	3.19275128165357	0.440786711474696	0.0008	2.975787116772911	0.38973229875995913	0.0655	3.0941277610959883	0.3294938635272985	0.1076	3.2334487276635953	0.4704923309326763	-0.01275	3.0754196986785503	0.2210763300357194	0.0702	2.8961841055434148	0.060932344264701344	0.1076	3.200024645204779	0.41621748563709593	-0.01275	3.0374731877247836	0.20706714699645426	0.0702	2.873680631049403	0.03782548630638073	0.1076
122	4.888745519713262	3.6373254133115256	0.2661983329189748	0.0301	3.6348801485248647	0.2682758178548044	0.0301	3.288640750362638	0.32255861614591586	0.129	3.539464773684877	0.08255165796750519	0.023	3.4443228491974707	-0.010734391606062101	0.2179	3.481052966414363	0.009000781341192874	0.1804	3.619903265657625	0.04652653233436408	-0.0119	3.63559266113802	0.24289302049602085	0.0301	3.2360514786722434	0.28933906997203035	0.129	3.5420194059805006	0.062240010611403655	0.023	3.425053102475343	-0.026201706326423744	0.2179	3.458946441474946	-0.032350113338112906	0.1804	3.605756532648719	0.04475530934733432	-0.0119	3.1812001530404035	0.4258960537940609	0.0008	2.963941653391339	0.3757199653140102	0.0655	3.0851730199413634	0.3144094107920015	0.1076	3.2223104251180206	0.45739134630080386	-0.01275	3.0702107937237555	0.20909580994587063	0.0702	2.894771668830532	0.052556012412300894	0.1076	3.186906155035784	0.40064761896994094	-0.01275	3.0306353382249283	0.19084803249484106	0.0702	2.8739309087334863	0.02826810135400762	0.1076
123	4.928817204301075	3.6189277331861684	0.2443704381357677	0.0301	3.615956049857897	0.24564865887258877	0.0301	3.2683381768596402	0.31469528811461894	0.129	3.531122414263215	0.08248454950739009	0.023	3.4355343308773416	-0.011105455273495471	0.2179	3.468481207492904	0.0078084299180743695	0.1804	3.6136975161250717	0.05244331463656161	-0.0119	3.615101865566329	0.21923897122055727	0.0301	3.2188485298248577	0.2768609368539432	0.129	3.5370067682069526	0.06330239535551543	0.023	3.424850971902683	-0.026218967643339378	0.2179	3.463127482260331	-0.03243577510889851	0.1804	3.60365256910653	0.04714701443213326	-0.0119	3.166872492362876	0.4131046284965989	0.0008	2.9481774519081347	0.3643968155077908	0.0655	3.075409218832752	0.3003971466782927	0.1076	3.2081781330035297	0.44447446975895466	-0.01275	3.0677242995751515	0.19515926361115724	0.0702	2.89602197453016	0.03588466772813213	0.1076	3.1724431161877042	0.39058313589305654	-0.01275	3.0273290785102156	0.17509995486899935	0.0702	2.8742032402279656	0.007599594406392499	0.1076
124	4.968888888888889	3.6042314662015063	0.2388597060215085	0.0301	3.600832747666204	0.23874985732465656	0.0301	3.246204458856017	0.3070664541614587	0.129	3.521539162447333	0.08196898187722222	0.023	3.429920913086065	-0.011174826001471806	0.2179	3.458710844623865	0.00595103851154801	0.1804	3.611712475178171	0.06324441301684178	-0.0119	3.5956569075683134	0.2164063567389781	0.0301	3.2016524557252417	0.26543310061033787	0.129	3.5324011717503554	0.06604134484519181	0.023	3.427713375644605	-0.025773719157181567	0.2179	3.468149001772103	-0.031156530662715086	0.1804	3.599626866671623	0.053359937212042206	-0.0119	3.1488234253898937	0.4038723076330851	0.0008	2.93022262904876	0.35249191119998935	0.0655	3.062709593258338	0.28987491356613665	0.1076	3.1903600748620082	0.4324870964397067	-0.01275	3.0665926392935408	0.18289577643200627	0.0702	2.900088352950278	0.019737396870431922	0.1076	3.1552561712441562	0.38602175742989864	-0.01275	3.0266413270197	0.16344020556709007	0.0702	2.8728944775815335	-0.012563941402340307	0.1076
125	5.008960573476703	3.592220376593225	0.25605885326561717	0.0301	3.590139020479607	0.2544354437723849	0.0301	3.227882510966904	0.2985859631431699	0.129	3.5125817757674898	0.08197421905630621	0.023	3.4312052354632794	-0.011644240590824733	0.2179	3.4582210519091277	0.0027769771682512735	0.1804	3.6100079623281482	0.07349633659671924	-0.0119	3.581315010153137	0.23909567013815503	0.0301	3.1873383280914434	0.2581025109226862	0.129	3.5256324041879834	0.07250948540090466	0.023	3.4316460754892373	-0.025032974236680706	0.2179	3.4712471144162143	-0.029234322182009435	0.1804	3.591235366748805	0.06558807265198835	-0.0119	3.127325822391902	0.3997654240587829	0.0008	2.9108855682391983	0.3389328805080473	0.0655	3.0461057017897595	0.284925149955781	0.1076	3.1665753140977793	0.42412787625869247	-0.01275	3.0627178129205865	0.1776517495439686	0.0702	2.905562413932914	0.01630616397156167	0.1076	3.134860809164534	0.38655313295808175	-0.01275	3.02342987979815	0.15946163436553223	0.0702	2.870015702395166	-0.01915461162192595	0.1076
126	5.049032258064516	3.5777719013905784	0.2914526355399738	0.0301	3.5780075543489804	0.2868595168044664	0.0301	3.2145240321420547	0.29247092819398074	0.129	3.5077524908461	0.08639506159680278	0.023	3.4323438786052556	-0.011547271479047163	0.2179	3.457014804840614	0.001960716416628297	0.1804	3.602561158683726	0.08722729329630396	-0.0119	3.5694978927360466	0.276984217662193	0.0301	3.177825006639925	0.2564786093760352	0.129	3.5192326589882037	0.08080595409092933	0.023	3.4352582098310966	-0.024814249296389656	0.2179	3.4727733184123437	-0.026649902743962863	0.1804	3.581987870497516	0.07916130681816666	-0.0119	3.104465236159714	0.4019600691380473	0.0008	2.8925221452331558	0.32485398251163145	0.0655	3.0291989773800645	0.2832134367928599	0.1076	3.137939328108293	0.42639183715720647	-0.01275	3.053209864977393	0.17992373816854138	0.0702	2.905898392001058	0.020736893246224145	0.1076	3.1122607514424097	0.39429749674400744	-0.01275	3.0144649527382392	0.16201401650313632	0.0702	2.8645755292807213	-0.017384737425311842	0.1076
127	5.08910394265233	3.560489277962481	0.33681249377733924	0.0301	3.5615484430592477	0.3279410130372867	0.0301	3.2041855394919647	0.29282971788401235	0.129	3.5089009220578595	0.0960951804935447	0.023	3.4341242114769646	-0.008875557056691819	0.2179	3.452378422158219	0.0074921342075418345	0.1804	3.5935350588777064	0.10571434547269551	-0.0119	3.555245600627859	0.3196530771924547	0.0301	3.170244017709755	0.25921606854746215	0.129	3.5165918042214983	0.08740670720585757	0.023	3.438772818054964	-0.02439263694862861	0.2179	3.473087729577792	-0.022218039948785413	0.1804	3.5762816521664598	0.0897408015924229	-0.0119	3.0833904831015393	0.41053880366411244	0.0008	2.87887300755414	0.31049557161740043	0.0655	3.015726699246326	0.28127634303602955	0.1076	3.1095306726632517	0.44275174786264404	-0.01275	3.0394102427777057	0.1854702632600519	0.0702	2.8994825599930434	0.01972970732084209	0.1076	3.0890176397074818	0.41072760011333576	-0.01275	3.002849303820538	0.1680154656741524	0.0702	2.856569397133549	-0.01774983920887523	0.1076
128	5.129175627240143	3.544916818489429	0.38567055260035066	0.0301	3.545005517029355	0.37376254172388673	0.0301	3.1977436737953426	0.2980581772975158	0.129	3.510157998630716	0.10550771611881146	0.023	3.438032311842946	-0.006904046857777916	0.2179	3.448085669136235	0.014806872151825122	0.1804	3.586099226874811	0.11620750647389147	-0.0119	3.5392806900528457	0.3650893053829583	0.0301	3.1617806000780426	0.26437882250245776	0.129	3.516818046760731	0.09193102710133155	0.023	3.4417834800889535	-0.023728206327872113	0.2179	3.4740601547612076	-0.018015046588709623	0.1804	3.5744551742829516	0.09679702756848221	-0.0119	3.063961279852711	0.42244111528511363	0.0008	2.867163210729248	0.30056131991215523	0.0655	3.0031751802838174	0.2794070148302687	0.1076	3.0853862456370087	0.4645778123208551	-0.01275	3.0281261419711023	0.19381939691671246	0.0702	2.8977210513723177	0.016490754396512035	0.1076	3.0660625171228126	0.4308311856696815	-0.01275	2.989811894846719	0.17619346062963237	0.0702	2.85012447150467	-0.018199196316843698	0.1076
129	5.169247311827957	3.531974135330395	0.43302457291772145	0.0301	3.5316013128481343	0.42072095217635774	0.0301	3.19784683506621	0.3033114196980438	0.129	3.5058159496509402	0.11059731346248228	0.023	3.437991125391402	-0.007796708433799699	0.2179	3.445747453929713	0.018495508098011534	0.1804	3.5767299085928466	0.114503233721999	-0.0119	3.524706249584818	0.412548638255328	0.0301	3.1550352634901038	0.2716127905941881	0.129	3.5157643388866373	0.0955620628501945	0.023	3.4433705191004758	-0.02475841762161013	0.2179	3.4769688589814116	-0.01669140271561423	0.1804	3.5730089646719954	0.10067488441193424	-0.0119	3.0435073990948847	0.432569509896718	0.0008	2.852036578410927	0.2995039126196901	0.0655	2.988637090478878	0.27963631314568	0.1076	3.06572354203059	0.47982621613106785	-0.01275	3.023138496679245	0.2063194787097922	0.0702	2.9086932469192934	0.021907604035804048	0.1076	3.04387627642576	0.4463853972837572	-0.01275	2.9730642100022644	0.18588663503626643	0.0702	2.8493460667390336	-0.012021761609741414	0.1076
130	5.209318996415771	3.518232545392585	0.4761511888741372	0.0301	3.5183970135788396	0.4654604483612549	0.0301	3.1982762952377266	0.30902813266241946	0.129	3.4979339827546068	0.113366930997635	0.023	3.432854837798334	-0.007248352938625103	0.2179	3.446577154556507	0.021679023263053397	0.1804	3.5665108530548277	0.11047410768977084	-0.0119	3.5110575386195166	0.45721707213687934	0.0301	3.1524351858012785	0.28196161923912333	0.129	3.510584707568441	0.09792743010542719	0.023	3.4407678438108187	-0.02747425058595519	0.2179	3.47613171660195	-0.01686543927259139	0.1804	3.5684373954696222	0.1015954879103111	-0.0119	3.023668837241447	0.43962128170293113	0.0008	2.836872797383929	0.3021601030492389	0.0655	2.974931738378123	0.28334719619622817	0.1076	3.0489445211213866	0.487202953419083	-0.01275	3.01903299903214	0.21899133438963417	0.0702	2.9234449201391564	0.03304024008386421	0.1076	3.0244792318363727	0.4554448744835925	-0.01275	2.9560116697528582	0.19685287187005315	0.0702	2.8520016110943605	-0.0011525782316593191	0.1076
131	5.249390681003584	3.5025186946595825	0.5144213385630199	0.0301	3.503230902878534	0.5054602335150473	0.0301	3.191192711747836	0.31697095314106344	0.129	3.492720453595426	0.11836496728457806	0.023	3.4297896870503277	-0.0011609672594714447	0.2179	3.4508653932865028	0.028428848639183133	0.1804	3.5623515759553257	0.1107727555021758	-0.0119	3.4966599804440124	0.4947483896937874	0.0301	3.1528414420845947	0.2933387684954141	0.129	3.503838698823206	0.10056784225960361	0.023	3.431077525292366	-0.027077968249924086	0.2179	3.4662330281091265	-0.014432385865639453	0.1804	3.5627217894532817	0.1020684968526743	-0.0119	3.008813802933849	0.44643489004112935	0.0008	2.8281143093360526	0.3016236835459019	0.0655	2.964707323173725	0.28992999944252024	0.1076	3.0344044169362516	0.4929829844419688	-0.01275	3.0116130593021677	0.22721316169250078	0.0702	2.930668513944836	0.04017406430657889	0.1076	3.0097584698648028	0.461176855087064	-0.01275	2.9445941405617257	0.20735731092303705	0.0702	2.852036662290751	0.0055115997361125605	0.1076
132	5.2894623655913975	3.48759581688474	0.5473700945869194	0.0301	3.488408506427053	0.5386873358388066	0.0301	3.184602888897271	0.32329584601781125	0.129	3.4963215212474794	0.12650123156195947	0.023	3.4356592485081503	0.00613363645454373	0.2179	3.45989235648898	0.035171686335124824	0.1804	3.564106350763741	0.11469178776484298	-0.0119	3.483224307384124	0.5280643420505108	0.0301	3.157236666618692	0.2992086850880539	0.129	3.5072927828169833	0.11135653177176558	0.023	3.426802683449112	-0.018124428249650895	0.2179	3.4620601420939017	-0.004390751166305143	0.1804	3.567697539852548	0.11042568185181406	-0.0119	2.9992023644920485	0.4534584431743661	0.0008	2.8240275684327805	0.2986432111901785	0.0655	2.956987933507278	0.295447747259988	0.1076	3.0228127819955346	0.5005453931050233	-0.01275	3.0039442944718524	0.23167983098352213	0.0702	2.9312380642578715	0.04186312392607715	0.1076	2.9994074472136365	0.46593324744347353	-0.01275	2.936293214938537	0.21244960888300668	0.0702	2.8476584894718227	0.004241426842472505	0.1076
133	5.329534050179212	3.4748249524495978	0.5753328135609312	0.0301	3.4728592380665804	0.5641153917009394	0.0301	3.1953887728756323	0.3217553154095434	0.129	3.506994477830075	0.12953912904099288	0.023	3.44600269014923	0.0033006926076055926	0.2179	3.4703022470543927	0.03328789558443372	0.1804	3.5639512421936903	0.1145957370758519	-0.0119	3.4725750502492856	0.5613971207819302	0.0301	3.1703121690864378	0.2941724511973493	0.129	3.5358512462322946	0.13877229251803508	0.023	3.4582842945436107	0.00075392833704319	0.2179	3.4937913734953763	0.016660546059002152	0.1804	3.597374816360996	0.1384880994746295	-0.0119	2.9919183261908606	0.4575324537238568	0.0008	2.8188833808314806	0.29629899979450225	0.0655	2.950532943884553	0.29700325622416274	0.1076	3.015697602031122	0.5084899412157532	-0.01275	2.9985951275705305	0.23469846217106594	0.0702	2.9310294139329947	0.041740661341627225	0.1076	2.991446168258482	0.47020408490134014	-0.01275	2.9252191702547456	0.21130544547708488	0.0702	2.8428620481987137	0.00033095082900057266	0.1076
134	5.369605734767025	3.4607172837234197	0.5994450095616013	0.0301	3.449918280568538	0.5828972025414418	0.0301	3.227191269068472	0.31183907619704526	0.129	3.516673420015619	0.12042456899410287	0.023	3.4492268506614194	-0.009334913807582177	0.2179	3.4707810143216573	0.02190695697589003	0.1804	3.563749315351666	0.10481637326283949	-0.0119	3.462804756203042	0.5904992378678028	0.0301	3.197834907739026	0.2769446187033189	0.129	3.5890823760613633	0.178692473731059	0.023	3.5398577614116777	0.027867841180086318	0.2179	3.571423052588069	0.046677968385071066	0.1804	3.6498869541025294	0.18647650557669748	-0.0119	2.985538003746521	0.45791418180516835	0.0008	2.811409669149952	0.2939895142654668	0.0655	2.944725067613471	0.2968170542555328	0.1076	3.0137577311939974	0.5125201252039829	-0.01275	2.9944517617982878	0.236601078957043	0.0702	2.930543633770439	0.04138062389740945	0.1076	2.9825338779417057	0.4720365688519525	-0.01275	2.914398247653193	0.20848577114885325	0.0702	2.8411067316557594	-0.0009201697648209472	0.1076
135	5.409677419354839	3.4425698742990414	0.618869749546749	0.0301	3.419861182943969	0.5980835447032458	0.0301	3.2647891964528224	0.3049920443080999	0.129	3.52442850444782	0.10738737444512919	0.023	3.447120075570182	-0.016744791573234993	0.2179	3.462898254160721	0.011796291386987559	0.1804	3.5737423858476873	0.09184867977093861	-0.0119	3.453677016005507	0.6101781035310361	0.0301	3.245488283350953	0.2527314571090343	0.129	3.6523807828953143	0.21457499556754223	0.023	3.6499460796043284	0.059115268193553255	0.2179	3.6735596131850823	0.07897994492484642	0.1804	3.710640575861652	0.23495924449353092	-0.0119	2.980537525703575	0.4587547921368845	0.0008	2.803540339362515	0.29119535959933013	0.0655	2.9401068080362296	0.2982384289918515	0.1076	3.0141705440939806	0.5108218361564028	-0.01275	2.990462740189559	0.23692968503233752	0.0702	2.9261454371990174	0.0400004428888578	0.1076	2.9716128494813527	0.47062005342475655	-0.01275	2.9103950511733783	0.20520376964210785	0.0702	2.8416068872628797	-0.0009510609030470541	0.1076
136	5.449749103942652	3.424211197913137	0.6319786861505429	0.0301	3.3920662388875273	0.6093118306361999	0.0301	3.2866559201718446	0.3105236830566064	0.129	3.5328617226979517	0.10142454048214959	0.023	3.4486941564232843	-0.015505018891291052	0.2179	3.4608336954142254	0.008971496082498517	0.1804	3.5914677095404697	0.08289753167275579	-0.0119	3.447799549377765	0.6239567887574335	0.0301	3.313871246487933	0.23359134092811473	0.129	3.720546620915295	0.2335485891367	0.023	3.759290829008541	0.08453389081035043	0.2179	3.775810183860006	0.10339609426351724	0.1804	3.775438021355556	0.2634305652121699	-0.0119	2.9771195586824013	0.46294370006272234	0.0008	2.796484116733781	0.28951880828189	0.0655	2.93673157122855	0.30116617067009	0.1076	3.0131650256898417	0.5079078341042119	-0.01275	2.9866829429284563	0.2375500565340795	0.0702	2.918732219552468	0.0353403538653072	0.1076	2.962189843548087	0.47054426709408675	-0.01275	2.9113732045449394	0.20568588164667026	0.0702	2.842896150306782	-0.0015982428926067324	0.1076
137	5.489820788530466	3.4112594190222487	0.6388173161297163	0.0301	3.371527552845828	0.611795584145702	0.0301	3.282256542817233	0.3188539473449425	0.129	3.5383451437899844	0.10091888413482251	0.023	3.4524205605872393	-0.015646860752355794	0.2179	3.4656715327499956	0.008181323478940862	0.1804	3.6027479186630016	0.07755841714961592	-0.0119	3.443720425020048	0.6355957865893052	0.0301	3.3957490113478337	0.2272664428341757	0.129	3.79911487813553	0.2363026229689151	0.023	3.8546722376362723	0.09088724483951907	0.2179	3.8680720026846327	0.10711428925771409	0.1804	3.85146665009939	0.26918931718071065	-0.0119	2.9753826650052893	0.46784182409161257	0.0008	2.7912708739776693	0.2881585077813929	0.0655	2.933954775328337	0.303607101499344	0.1076	3.012613282805959	0.5069044137251514	-0.01275	2.983411920862034	0.2414567204240938	0.0702	2.915216338187722	0.028118550067383626	0.1076	2.957133847268216	0.47572452560300776	-0.01275	2.9118958252159786	0.21770183839800306	0.0702	2.8453956065364028	0.001084295401628436	0.1076
138	5.52989247311828	3.404227809762285	0.6387407935602897	0.0301	3.358201149902007	0.6040383368270477	0.0301	3.262203536930277	0.31912387599889264	0.129	3.5368714891903315	0.10086556938071188	0.023	3.4568855371121034	-0.01815305380789802	0.2179	3.469398745765986	0.00603540788643424	0.1804	3.6012111951514223	0.07607857617800444	-0.0119	3.438629255724816	0.6412227411340888	0.0301	3.4817960002835786	0.2305640358691764	0.129	3.8863670480903574	0.23228647380205722	0.023	3.9318714013828684	0.07741315779123589	0.2179	3.947318462260678	0.08975897111402076	0.1804	3.9397743170856407	0.26198923460012097	-0.0119	2.9752424862948876	0.4709966852984116	0.0008	2.790410781186681	0.2848124310140106	0.0655	2.935593745834024	0.305975396095719	0.1076	3.017151124830056	0.5060037901023376	-0.01275	2.9825193501768497	0.24537409970558055	0.0702	2.916751608891487	0.023334541285163567	0.1076	2.956230762068564	0.484027476511475	-0.01275	2.912701933728214	0.2339453781482888	0.0702	2.8496361085398267	0.00849544459881026	0.1076
139	5.569964157706093	3.4004040931202177	0.6309648401687318	0.0301	3.3534019055483784	0.5908007924058927	0.0301	3.246757993432892	0.31592375434285513	0.129	3.5334297501727594	0.10067115843345559	0.023	3.463535382422512	-0.01741859958415224	0.2179	3.4703813788729487	0.0044293131565367955	0.1804	3.595861296374621	0.07818935081086346	-0.0119	3.435315463190772	0.6379670224463708	0.0301	3.5645200242075132	0.23985396944502094	0.129	3.9727415166623903	0.22815989391490532	0.023	3.995122866181719	0.05999651116227163	0.2179	4.015879189857734	0.0702525354517772	0.1804	4.031980285689677	0.25100936504262894	-0.0119	2.9758206405509857	0.4726388775246564	0.0008	2.795416807220889	0.2799280687639445	0.0655	2.944488321271205	0.3092781693901385	0.1076	3.023802874064046	0.5054089821566969	-0.01275	2.9851259541673234	0.2436160581969666	0.0702	2.9154159072461336	0.022751088522640323	0.1076	2.9594497476425046	0.49094631265517097	-0.01275	2.917091691431095	0.23924489066852234	0.0702	2.8545595280236666	0.014322722298005295	0.1076
140	5.6100358422939065	3.400699525707737	0.6193770878206267	0.0301	3.357434154161077	0.5783821099428449	0.0301	3.2439480499797346	0.31552533252625625	0.129	3.5359633407212177	0.0993126940613652	0.023	3.4668406633630124	-0.01449166767689577	0.2179	3.4693567606015145	0.0032259655416707555	0.1804	3.598206418410289	0.07778315497746481	-0.0119	3.4375841863863434	0.6300707984564693	0.0301	3.6386497112330334	0.25914952788655693	0.129	4.0512170477588425	0.22199928321627152	0.023	4.055214795799232	0.046950921268568195	0.2179	4.080608149072042	0.059264270402635724	0.1804	4.117275648274754	0.2385868778783173	-0.0119	2.977822441316234	0.47210667462146966	0.0008	2.804120205143793	0.2747145631999242	0.0655	2.9549536556153684	0.31074136564967686	0.1076	3.024093898153166	0.5058497806632654	-0.01275	2.9884034051503177	0.23811201210653843	0.0702	2.9081110141714936	0.024146293252562526	0.1076	2.9666329038175463	0.4921326142739797	-0.01275	2.9246949395345725	0.23405541732181057	0.0702	2.857554207911549	0.012915351519506749	0.1076
141	5.650107526881721	3.4085555807901464	0.6091318750169944	0.0301	3.3693049128108896	0.5687736312917405	0.0301	3.2465556184748485	0.31734705717197825	0.129	3.540849942526126	0.09650071737906034	0.023	3.4648807623168563	-0.013153685904838206	0.2179	3.4676018315894055	0.0011043912878836294	0.1804	3.6057785162989546	0.07263030427288213	-0.0119	3.444964421768701	0.6213920597534645	0.0301	3.702637777981696	0.2897422206218649	0.129	4.116782750201503	0.21043272101122046	0.023	4.1114627274007685	0.0315152513768276	0.2179	4.141021334939887	0.048238902786208765	0.1804	4.185176852055235	0.2223213569509193	-0.0119	2.98344092343536	0.4688400417770858	0.0008	2.814052389363663	0.2692099396945232	0.0655	2.9615467131798985	0.30798931538400665	0.1076	3.018015544431877	0.5050394955641361	-0.01275	2.9923457900543426	0.23482561054817538	0.0702	2.901511747659921	0.026626074718688535	0.1076	2.9755361687225252	0.48586795746960043	-0.01275	2.933694897313282	0.22806690195905716	0.0702	2.8581221199781504	0.005927222045874319	0.1076
142	5.690179211469534	3.4238061330092346	0.599018511918576	0.0301	3.388746094303367	0.5583686191769679	0.0301	3.2478527678102673	0.3199941278675302	0.129	3.5412230961993956	0.09473091024211927	0.023	3.4635299404131077	-0.013158698572932453	0.2179	3.470443748600545	0.0005269650957037949	0.1804	3.6109773307272297	0.06880092150266068	-0.0119	3.457276556722432	0.6103456122934611	0.0301	3.7574530933949806	0.31860930119997133	0.129	4.163818851441988	0.19731792072486132	0.023	4.155920737270088	0.015857137870267612	0.2179	4.188773859744977	0.03546306370355447	0.1804	4.2309849093815215	0.204031668251542	-0.0119	2.992989919926037	0.46390593036341854	0.0008	2.825409890743555	0.26571483456463774	0.0655	2.9663985754043294	0.30556097999245113	0.1076	3.0169252196802416	0.5043755542402508	-0.01275	3.004113820655406	0.23619128204358827	0.0702	2.902091957029963	0.029619310208730164	0.1076	2.9850298470272056	0.4765176058000207	-0.01275	2.9432300251665917	0.22469001016267365	0.0702	2.8588836119076007	0.00019759417201345146	0.1076
143	5.730250896057348	3.443610223233252	0.5854991872167432	0.0301	3.4129478293141244	0.5456321221536997	0.0301	3.249895458004831	0.3215099312895319	0.129	3.542004833092979	0.09449303903411359	0.023	3.465873586224778	-0.01237715088727842	0.2179	3.4805890241687947	0.0033387578429967023	0.1804	3.6165440795092976	0.06802570195010503	-0.0119	3.4755595566052175	0.5956512718849232	0.0301	3.8016125479094125	0.33096730586711826	0.129	4.193351173041499	0.1891620920911685	0.023	4.1857621747366585	0.010212784543262236	0.2179	4.218112366806605	0.027696953238734376	0.1804	4.260552941128426	0.19063551168731152	-0.0119	3.0049703338430604	0.45885351379570277	0.0008	2.837562444355558	0.2655884758827298	0.0655	2.9730229714667633	0.3075713927311635	0.1076	3.0280992639638464	0.5073471069462387	-0.01275	3.0262666995419383	0.2398993013576496	0.0702	2.9093067375208523	0.0319173787369252	0.1076	2.9977333619371733	0.4689926845271946	-0.01275	2.951970343037061	0.22205190996645882	0.0702	2.860429597001125	-0.0005259317654066598	0.1076
144	5.7703225806451615	3.464053080923917	0.5727990997081962	0.0301	3.435670557951514	0.5360737412097625	0.0301	3.255606723569164	0.3203045960209432	0.129	3.5477118667596934	0.09404622106238393	0.023	3.4710472882338284	-0.011576649097228	0.2179	3.491102689793895	0.002504185248703289	0.1804	3.624884343268414	0.06416571609666671	-0.0119	3.494251012728789	0.5817988926224842	0.0301	3.830426273627204	0.328675269876388	0.129	4.2127124915401275	0.18651151626320636	0.023	4.198718689644281	0.010193735763571587	0.2179	4.230314103830735	0.020972443865427497	0.1804	4.2798794104217945	0.18507227860033776	-0.0119	3.0194253748608326	0.4538175386872307	0.0008	2.847362220483985	0.2612142869195749	0.0655	2.981542981753883	0.30637617838051107	0.1076	3.0452967485385902	0.5098334219858345	-0.01275	3.0469633237005342	0.24287473045165658	0.0702	2.915527868666898	0.03385773137384775	0.1076	3.0145335441180197	0.4624947538443446	-0.01275	2.9588913554701715	0.21410144381638443	0.0702	2.8611755393692504	-0.0007233738634491646	0.1076
145	5.810394265232975	3.479305998728029	0.5712360198497112	0.0301	3.4516311413966694	0.5358909158887859	0.0301	3.2616469071320178	0.3201984996047509	0.129	3.5534767917687473	0.09305708449068066	0.023	3.475208447458889	-0.013600675254684263	0.2179	3.4938889344291724	-0.00787575549942818	0.1804	3.630406960099907	0.05514235030146392	-0.0119	3.5052476039713203	0.5775600568739203	0.0301	3.841777493446563	0.3245772791898244	0.129	4.223810139300088	0.18654573260044302	0.023	4.197692688133288	0.003561637058254252	0.2179	4.232595848846017	0.009837175287222832	0.1804	4.287831342867692	0.1844814151730287	-0.0119	3.036537535768333	0.44813593738920593	0.0008	2.8550067196608038	0.24673392596554175	0.0655	2.992710525346777	0.29635305409127527	0.1076	3.0617939411835216	0.5055958675766971	-0.01275	3.0547993662928308	0.24454465231769343	0.0702	2.914517940286891	0.03645634805789997	0.1076	3.029614692116259	0.4565779298300213	-0.01275	2.964947816998211	0.20070174011204595	0.0702	2.8612277451696166	-0.004727206951895878	0.1076
146	5.850465949820789	3.484897218462049	0.5842670504286854	0.0301	3.457381299559965	0.5460544939641869	0.0301	3.263689755908055	0.32493472510018084	0.129	3.5569944313997413	0.09241250544759036	0.023	3.474213333147217	-0.016172935963973126	0.2179	3.4904036777443084	-0.017928855292594366	0.1804	3.6309365587953897	0.04775780068153879	-0.0119	3.509747612690921	0.5886547198509817	0.0301	3.8396452829218775	0.3268087036485354	0.129	4.223283641442815	0.1877221633446847	0.023	4.192048408884135	-0.008494535071579726	0.2179	4.230068142016427	0.0005705539163145635	0.1804	4.284949493660913	0.18591793216844657	-0.0119	3.049928545787422	0.44339603985089604	0.0008	2.86307190652904	0.23186703270895379	0.0655	3.0053125294994723	0.28744415356360326	0.1076	3.0774007998532418	0.4972999709201627	-0.01275	3.053739597312739	0.24494755885671674	0.0702	2.910596457403335	0.039027241181536006	0.1076	3.0357673778451573	0.4542798358259075	-0.01275	2.9690862248187946	0.19641377896513795	0.0702	2.8617590894689284	-0.0075365019717066085	0.1076
147	5.890537634408602	3.4821154178243092	0.6029059503007721	0.0301	3.4528162202572483	0.5610487325312348	0.0301	3.264380017978296	0.3320792319553692	0.129	3.5603788852307554	0.09217856930500756	0.023	3.470391644833604	-0.013255085270803097	0.2179	3.4868218324545324	-0.015970147206484066	0.1804	3.6297438225544605	0.04803216848597603	-0.0119	3.5123995708640647	0.6081515026170808	0.0301	3.832213999552921	0.3340488053497845	0.129	4.213736896866093	0.18905064878720484	0.023	4.186274809881483	-0.015214148524336188	0.2179	4.223467900570731	-0.0008760964790954349	0.1804	4.276988763477834	0.1887445105188821	-0.0119	3.052264169053504	0.4416471156094423	0.0008	2.8688770848366385	0.22891076649605227	0.0655	3.011380415658882	0.2866614443361744	0.1076	3.088155814061381	0.4927515025080318	-0.01275	3.0518195869878126	0.24460155338807174	0.0702	2.91102394199213	0.04044939578089612	0.1076	3.0336188017768246	0.45522281593287384	-0.01275	2.968092021865432	0.20663624285180046	0.0702	2.8629982353592927	-0.003881216008459944	0.1076
148	5.9306093189964155	3.477398914328756	0.6157497510525223	0.0301	3.4452285559230087	0.5713163382207808	0.0301	3.268215851917346	0.3386425991520762	0.129	3.5615402594030257	0.09172419408002856	0.023	3.4683108964974205	-0.007281162915010959	0.2179	3.4855755865118536	-0.00706925692291246	0.1804	3.6287292080479476	0.05348750406959701	-0.0119	3.512047928655372	0.6210521624774413	0.0301	3.82672302927037	0.3404171913430126	0.129	4.204766653899104	0.18981121812103377	0.023	4.180373284308801	-0.014224744764919181	0.2179	4.2175857685993146	0.0019361557961943383	0.1804	4.269088249216924	0.19267386877770962	-0.0119	3.048996702964784	0.4432043081565678	0.0008	2.869504810724026	0.235895162670222	0.0655	3.009604335147543	0.28893593305852283	0.1076	3.0881546637383823	0.49518496771056836	-0.01275	3.050975580899759	0.24643759487256664	0.0702	2.9151007791988945	0.042501838419746224	0.1076	3.0310474439288293	0.4576817487181023	-0.01275	2.9648954975513657	0.21626151836894913	0.0702	2.8653850931454015	0.0013315972667956848	0.1076
149	5.97068100358423	3.4747948791472036	0.6191450651126976	0.0301	3.4421708552065677	0.5727896763416171	0.0301	3.271871502954931	0.3422318463640971	0.129	3.5575914678859974	0.09131308844016657	0.023	3.467965164805235	-0.006301206781674777	0.2179	3.485727815438817	-0.002877000050397233	0.1804	3.628046709008655	0.057597412741981734	-0.0119	3.507218371992456	0.6215525409068428	0.0301	3.824693230897276	0.34156827036876647	0.129	4.201127001147061	0.18800552570228168	0.023	4.177143737229255	-0.012790912086096982	0.2179	4.2177170113688485	0.003488284636941045	0.1804	4.263604895559063	0.19443907145099906	-0.0119	3.0486356056872967	0.4474264412675678	0.0008	2.867525275862673	0.24209775981825113	0.0655	3.0082484415639503	0.29068566852364225	0.1076	3.0792115650637184	0.5019584133296634	-0.01275	3.0504171413584076	0.25227564580986483	0.0702	2.9177927044279697	0.046990573570545965	0.1076	3.0312519473242707	0.46258474367871777	-0.01275	2.964866497709371	0.2165708224804504	0.0702	2.869509701718493	0.002857531078147626	0.1076
150	6.010752688172043	3.472791925404306	0.6141979827298933	0.0301	3.441674257093495	0.5687069943045928	0.0301	3.270912168327521	0.3388904792311534	0.129	3.5532320368733714	0.09123854099009296	0.023	3.469337579998946	-0.008652192447006976	0.2179	3.4861508297405743	-0.00411741310682872	0.1804	3.6280851217044536	0.057310115564856774	-0.0119	3.5014768037325923	0.6147945247414602	0.0301	3.8235181978268598	0.33610888823549756	0.129	4.198973960660247	0.18165958139365346	0.023	4.179308640644044	-0.015118187749169846	0.2179	4.220503838839218	0.002932547517542361	0.1804	4.261878237539573	0.18933440599916615	-0.0119	3.046641134285766	0.45116896060174083	0.0008	2.866008286769708	0.24254449789704396	0.0655	3.007292465289238	0.2922774005866727	0.1076	3.0685190044238695	0.5082528181441769	-0.01275	3.0492954709282127	0.2579786542611999	0.0702	2.9176468395833366	0.04938214423484307	0.1076	3.0301242268610347	0.46751035714441275	-0.01275	2.9648787662082947	0.2151777324235562	0.0702	2.8721582441768683	0.003750803119842055	0.1076
151	6.050824372759856	3.470882270850951	0.6016194128066726	0.0301	3.438739123454162	0.5598322829710591	0.0301	3.2685002254425335	0.33057156189548864	0.129	3.5541865416593668	0.09079614025225598	0.023	3.473880856236263	-0.007112912479571382	0.2179	3.4863323691442276	-0.004091265844792267	0.1804	3.628684665270881	0.055136388343151085	-0.0119	3.4991333557049686	0.6053668454059014	0.0301	3.8218024163025945	0.32647445346919335	0.129	4.196679258996377	0.17474413248998458	0.023	4.181522468903598	-0.01830178978908804	0.2179	4.219505092924325	0.0019790224224725357	0.1804	4.263317857076535	0.1790391407624184	-0.0119	3.038285108771335	0.4507910223205483	0.0008	2.865364741651816	0.24045489756395408	0.0655	3.0017875738076967	0.2934237708992723	0.1076	3.0614989381506836	0.5103863570335612	-0.01275	3.047532800740244	0.2582034410337045	0.0702	2.916799318554998	0.0443486550701441	0.1076	3.026812524799786	0.4682101610083968	-0.01275	2.9605605390646756	0.21641390176806136	0.0702	2.8697912566486505	0.006320628674300039	0.1076
152	6.0908960573476705	3.4699535630306344	0.5865509831634359	0.0301	3.4357292855599213	0.5474443150628422	0.0301	3.267289422712962	0.32592227494340914	0.129	3.5568490623711626	0.09009426466134954	0.023	3.478427633261806	-0.0044094489295149	0.2179	3.4864817158382557	-0.003153928511805036	0.1804	3.628151635562216	0.05450393553466645	-0.0119	3.499076002389583	0.5957506983278429	0.0301	3.82099043688907	0.3198929678454979	0.129	4.197785602608715	0.1729416846586672	0.023	4.177694984735303	-0.02019520046823639	0.2179	4.214651085309342	-0.00034894181860428664	0.1804	4.264769555332683	0.17194382599141175	-0.0119	3.0300188110559114	0.4475820170498231	0.0008	2.861881909634049	0.239216243812764	0.0655	2.9955321640740147	0.29360506039080403	0.1076	3.057665587766511	0.5080397226371469	-0.01275	3.0454683694320055	0.25336813636073074	0.0702	2.916212217796985	0.03605098699041154	0.1076	3.02441131619903	0.46620043217906737	-0.01275	2.9564181922789854	0.216466818543901	0.0702	2.866149677918237	0.006642332655376056	0.1076
153	6.130967741935484	3.46892104253254	0.5792194621766906	0.0301	3.438272059219184	0.5410443383708513	0.0301	3.2657689848618445	0.3281367252307319	0.129	3.5560867184797784	0.09036381427878894	0.023	3.4790215840886707	-0.008584817100879468	0.2179	3.487340048189812	-0.007693463114000111	0.1804	3.6257108777459113	0.05473308535239446	-0.0119	3.4972989884430996	0.5901107734030017	0.0301	3.822235739523942	0.32197569046156194	0.129	4.202565374142924	0.17437368732991218	0.023	4.172055044206698	-0.022759594754215025	0.2179	4.210711103098899	-0.005641671486117262	0.1804	4.265161606418677	0.1717658648477095	-0.0119	3.026892599724253	0.44583462644164085	0.0008	2.85213328452372	0.23892099380050913	0.0655	2.993800360438101	0.2926126944108562	0.1076	3.055181386139947	0.5038025184316235	-0.01275	3.043745506202585	0.24653797576751385	0.0702	2.914706779004486	0.03173789338199439	0.1076	3.023272745842969	0.4658324123760145	-0.01275	2.956443884096944	0.21521955094774603	0.0702	2.8649929270871684	0.0018627261997950712	0.1076
154	6.171039426523298	3.468032193226346	0.5811346008728601	0.0301	3.443272185995135	0.5441666056502745	0.0301	3.2643975528452684	0.33213930950767195	0.129	3.5544797159693227	0.09165817466465478	0.023	3.4777901838665453	-0.01747985293481691	0.2179	3.4885206784156075	-0.016273216377933084	0.1804	3.6236938198497635	0.05444241448028303	-0.0119	3.4951243614266123	0.5900163610491437	0.0301	3.8253146845274477	0.3292711542412	0.129	4.207140653203291	0.17409374316026147	0.023	4.16905248368168	-0.025678688765045445	0.2179	4.208227546144842	-0.009285435701880989	0.1804	4.267420623273947	0.1724122350857709	-0.0119	3.026420519479247	0.44772299405929267	0.0008	2.8428891490234127	0.23906810549854027	0.0655	2.9943931430126334	0.2909261616391536	0.1076	3.0557589160800616	0.5024545390182984	-0.01275	3.043088381439552	0.24138903722930102	0.0702	2.9121047531248188	0.03129544808000776	0.1076	3.0225006185776055	0.4672863871691061	-0.01275	2.957057309058795	0.2154092504302107	0.0702	2.8633125807272473	-0.004037040040904583	0.1076
155	6.211111111111111	3.4690780017954075	0.5817759828532079	0.0301	3.442615980631322	0.5456268271251581	0.0301	3.263961941496256	0.33380031023430634	0.129	3.5551300906205543	0.09290164683706646	0.023	3.4774795483500784	-0.021914785238362877	0.2179	3.489284908782448	-0.020208372017499403	0.1804	3.6247963422663414	0.05503490242204887	-0.0119	3.497086619620992	0.5902130190592328	0.0301	3.8297990701279447	0.33343410880294466	0.129	4.2097785761746325	0.1723868359218794	0.023	4.166866085936889	-0.026526639038106165	0.2179	4.204672772235306	-0.0068948053102868105	0.1804	4.273036432977034	0.16881591847250146	-0.0119	3.025903332290454	0.4508339346775187	0.0008	2.8428952555966935	0.239635235733564	0.0655	2.9929645009997294	0.28940353967700394	0.1076	3.0585973724657625	0.5053395558540921	-0.01275	3.0437170334556476	0.2423771004452721	0.0702	2.910536357008238	0.032615222573283704	0.1076	3.022420327593401	0.467316632789302	-0.01275	2.9561537151268804	0.21627228062667714	0.0702	2.8607714093063845	-0.005716530719390573	0.1076
156	6.2511827956989245	3.472472283289339	0.5767703453607703	0.0301	3.4405530854110147	0.5402724126184382	0.0301	3.263478537259559	0.33370963644509394	0.129	3.556159475280054	0.09382601682943956	0.023	3.477796015591767	-0.020006061257231606	0.2179	3.4906253448785773	-0.01765188792612111	0.1804	3.627548948674372	0.05638183537789607	-0.0119	3.50151559328104	0.5859805168801845	0.0301	3.8335831651775685	0.3317518086796233	0.129	4.212905509754386	0.17172328005523313	0.023	4.169045897251563	-0.026093185751461207	0.2179	4.206174024505947	-0.004011368625157585	0.1804	4.2787236483377535	0.16513412778178194	-0.0119	3.0265689976185497	0.4500340122625895	0.0008	2.8471809430404695	0.2400949333530397	0.0655	2.989879698123306	0.28830180737042405	0.1076	3.061774353642282	0.5056625248258328	-0.01275	3.046241090730833	0.24854481438211118	0.0702	2.9116107032877183	0.03682645701293433	0.1076	3.0234191446201173	0.46549533039586977	-0.01275	2.956127551080308	0.21701846340574912	0.0702	2.860898911258608	-0.004949543655501242	0.1076
157	6.291254480286739	3.477076821060892	0.5735902622477107	0.0301	3.4479215936657135	0.5370650489106048	0.0301	3.2631874275496147	0.3335691733022635	0.129	3.5554239037144684	0.09514191607815081	0.023	3.47887663449178	-0.017104887215935647	0.2179	3.492708691457659	-0.015561975006334472	0.1804	3.6277495302585874	0.057031576113433013	-0.0119	3.5029067028268908	0.5797804704684564	0.0301	3.8351937757076873	0.3284002673954829	0.129	4.2191900285201145	0.17213441377358135	0.023	4.180019853950279	-0.02553815821838999	0.2179	4.218749316644947	-0.00625858174688713	0.1804	4.281615665285839	0.1653734117998358	-0.0119	3.0307242238275673	0.44543215796341673	0.0008	2.8476316265287513	0.23998110092343566	0.0655	2.9889863382072486	0.2876619454205501	0.1076	3.0687875220132343	0.500229933746718	-0.01275	3.051100710212312	0.2535976269015656	0.0702	2.9149790791842745	0.04214726485972398	0.1076	3.0255762976361864	0.46467152649770466	-0.01275	2.9579268472858273	0.2195695885133185	0.0702	2.8626216133562665	-0.005570066548524361	0.1076
158	6.331326164874552	3.4803745919049804	0.5747165626393299	0.0301	3.459611154072671	0.5391028077363268	0.0301	3.264023636637404	0.33341963539601854	0.129	3.5537424922509624	0.09710444879521705	0.023	3.480332151287192	-0.01630210318743972	0.2179	3.4937812518119684	-0.017973232628594054	0.1804	3.6261482673101733	0.05804359576064657	-0.0119	3.502010551890298	0.5756479336130499	0.0301	3.837331748781242	0.3272756896972392	0.129	4.226529598336213	0.1725685402975868	0.023	4.188585482310504	-0.025365013502370998	0.2179	4.230884601755863	-0.009581476567239816	0.1804	4.283430542351186	0.16600794381174966	-0.0119	3.0367944729891487	0.4419548718457607	0.0008	2.847704179856663	0.23997931402281442	0.0655	2.9920501801554966	0.2876019847367238	0.1076	3.0785183673378937	0.49630434756517905	-0.01275	3.0562745991516644	0.2536102171743143	0.0702	2.9190041058891807	0.043626765537008276	0.1076	3.0280855656356302	0.4650602859300777	-0.01275	2.959498716395833	0.22287711894843226	0.0702	2.8627060363924866	-0.004971568417599256	0.1076
159	6.371397849462365	3.4808541036979306	0.5741900752874757	0.0301	3.4617015012964343	0.5389715149127947	0.0301	3.2654470858823657	0.3326103936626012	0.129	3.552858901295254	0.09861159712415649	0.023	3.4800198474540784	-0.01678007437117071	0.2179	3.4930045994080445	-0.020892369648477474	0.1804	3.6275839206114013	0.059198651774417	-0.0119	3.504331449494294	0.5743184440484854	0.0301	3.8424848496739523	0.32907467977587207	0.129	4.22985074272636	0.17254520634420156	0.023	4.182596492727321	-0.027039091069628887	0.2179	4.230629242695672	-0.009518022700323408	0.1804	4.286393948072299	0.16431231526302242	-0.0119	3.040769442886386	0.44037412681990623	0.0008	2.8510076069375088	0.24100567124622307	0.0655	2.9962746106484173	0.28745127936366477	0.1076	3.081004180717874	0.4983924825102769	-0.01275	3.0582205111127285	0.2499775914215069	0.0702	2.9199946035318587	0.040467994779463425	0.1076	3.0295066636759955	0.464314038782753	-0.01275	2.9594342693395297	0.22276423285814054	0.0702	2.8610407164807334	-0.001785748035839693	0.1076
160	6.4114695340501795	3.480227895143812	0.5714185740239693	0.0301	3.456296530844693	0.5357955958272315	0.0301	3.2656667884220605	0.33237916523568495	0.129	3.55252068322851	0.09919327151303624	0.023	3.4776661307540886	-0.01721965195936747	0.2179	3.4906892897205295	-0.0205416249483571	0.1804	3.631367368934437	0.05814262414396604	-0.0119	3.509552646961534	0.5754333051947634	0.0301	3.849200723493004	0.3332571199766384	0.129	4.228732001106508	0.1725750994695409	0.023	4.173024435449775	-0.029122084132866023	0.2179	4.225381977214575	-0.009087503232236047	0.1804	4.289606763524797	0.1628297960997675	-0.0119	3.0416254994369867	0.43876441564083557	0.0008	2.8533468608569494	0.24180970603369217	0.0655	2.9983577427111094	0.2864765378407769	0.1076	3.0744519929326235	0.5009832000832751	-0.01275	3.056739155579688	0.24661225627720704	0.0702	2.9165377780856407	0.036408258267352035	0.1076	3.029421744779658	0.4622647734817746	-0.01275	2.9600368774676595	0.21983733451658177	0.0702	2.859779065768528	-0.001426762165303883	0.1076
161	6.451541218637993	3.480554185384955	0.5720503756649462	0.0301	3.454800667208898	0.5378525659011575	0.0301	3.2637819389464053	0.3343168361383909	0.129	3.5515867263718306	0.09962082013953814	0.023	3.4753225560104823	-0.017758809333064708	0.2179	3.488184305174245	-0.018982639738287056	0.1804	3.6327066377354242	0.05542572231282887	-0.0119	3.5116657680128402	0.5798056358269832	0.0301	3.8536754809492466	0.3386940199266432	0.129	4.2272349961397016	0.1735638165911621	0.023	4.174510437615054	-0.02885634280275246	0.2179	4.224257403400786	-0.011251846422132757	0.1804	4.290955752260224	0.16325180134947218	-0.0119	3.041382219197867	0.4382986458642589	0.0008	2.8529069196433396	0.23932104597839582	0.0655	2.998562708704668	0.2858994748917067	0.1076	3.0687341249122886	0.49900957969785636	-0.01275	3.0548960417400957	0.245403697456839	0.0702	2.9128452275354015	0.0353887750711017	0.1076	3.029099122140389	0.4613243681044512	-0.01275	2.9624805157069494	0.2180879907806984	0.0702	2.860695541074457	-0.004501997640049774	0.1076
162	6.491612903225806	3.481460370952085	0.5774819864769448	0.0301	3.4567168479247563	0.5457256384005306	0.0301	3.263365662665457	0.33641864718999265	0.129	3.5509863721816872	0.09882170924116443	0.023	3.473831505223229	-0.01949563532916672	0.2179	3.4872780110521915	-0.018903022611900723	0.1804	3.631634957636525	0.053163852595163846	-0.0119	3.509690791349022	0.5868230303678571	0.0301	3.8522509978388073	0.34243363225150253	0.129	4.226418766923001	0.17476593775852076	0.023	4.178565715674297	-0.026500163539232152	0.2179	4.223461459292555	-0.013495802393199795	0.1804	4.291174457073813	0.16410876733439786	-0.0119	3.041572157981016	0.44053975263474104	0.0008	2.8523602323940573	0.23403379496178991	0.0655	2.998555571782017	0.287265933738215	0.1076	3.068781849157395	0.49627373139069014	-0.01275	3.0532986065590264	0.24480457429066155	0.0702	2.911317495256754	0.03799196144430047	0.1076	3.0300305251122426	0.4636004780463337	-0.01275	2.9637102372598605	0.21796795772186922	0.0702	2.862530092942171	-0.00435473413123373	0.1076
163	6.53168458781362	3.4821132335451375	0.5815252429818335	0.0301	3.4572808261712753	0.5487551011692782	0.0301	3.2674445096169324	0.33527074618404085	0.129	3.5522497363962438	0.09519308933415732	0.023	3.4735219805766304	-0.020650082799318504	0.2179	3.4877697636391916	-0.01929492027881661	0.1804	3.631805904833917	0.05169327841653296	-0.0119	3.5084477120853195	0.5902480750472509	0.0301	3.8468208883332218	0.3413440996403745	0.129	4.2256377831113845	0.17424784081877653	0.023	4.174394632730671	-0.022861513145862676	0.2179	4.220334648618422	-0.014424634548335858	0.1804	4.292779915829886	0.16408312939486033	-0.0119	3.0417842211897734	0.44332968285701174	0.0008	2.8527661445641432	0.23145166081863988	0.0655	2.998906832745628	0.2899074751750893	0.1076	3.070618586658393	0.4976538801643287	-0.01275	3.0506977212627935	0.24418969147361125	0.0702	2.910191386008224	0.04084985244992239	0.1076	3.031377001235537	0.467649849279319	-0.01275	2.963664973488314	0.21820904677176267	0.0702	2.8628870698604074	-0.0005064407634190638	0.1076
164	6.571756272401434	3.4829205307979776	0.579044453691612	0.0301	3.458587447439218	0.5431329274979296	0.0301	3.2691997630124408	0.33177094575811134	0.129	3.5537157640721	0.09178591370789904	0.023	3.4747283977768206	-0.018383655123832433	0.2179	3.487969819878758	-0.018196765490964793	0.1804	3.6337456859589015	0.051275002671034964	-0.0119	3.5091956332890493	0.5855219218371793	0.0301	3.8446784852837483	0.33628933151916435	0.129	4.227209472531257	0.17223222414291342	0.023	4.1718753166442815	-0.019937603484244285	0.2179	4.22046356162798	-0.014634910822393805	0.1804	4.294976349141031	0.16375780336852508	-0.0119	3.041257777647862	0.4437834789610848	0.0008	2.8530129759892904	0.23387744065208801	0.0655	2.999204516563258	0.29145342379816097	0.1076	3.0705452482752755	0.5012229618794364	-0.01275	3.049491063001436	0.2466643943896788	0.0702	2.90914915020625	0.041609375857888264	0.1076	3.0318523599375045	0.46940684268305377	-0.01275	2.96557463490916	0.2187296193069717	0.0702	2.8623030035726713	0.0003450291944664196	0.1076
165	6.611827956989248	3.484038435864548	0.5738830519614024	0.0301	3.461437364038366	0.5368663721843363	0.0301	3.2625028162691794	0.32989191049964767	0.129	3.551868458561396	0.09375017762801362	0.023	3.4756720129268164	-0.01464003250911171	0.2179	3.487119422335462	-0.01605584725688193	0.1804	3.6335605018156745	0.05294685873333709	-0.0119	3.509093168072189	0.5783296662816898	0.0301	3.848271491826238	0.3316303017491622	0.129	4.231431599420255	0.17108255325579902	0.023	4.18014591412991	-0.020243143014638382	0.2179	4.225939769282096	-0.013066359661052235	0.1804	4.295899903741969	0.16351738145858646	-0.0119	3.0403925902019924	0.4424460397836119	0.0008	2.8519314480203484	0.2357503988868473	0.0655	2.9984152046641768	0.28904893717641983	0.1076	3.0694527995292344	0.5025963427011567	-0.01275	3.0528912794933376	0.251738893136391	0.0702	2.9092451395876044	0.04157993243394775	0.1076	3.031871971124156	0.46719367453962635	-0.01275	2.9675166688161236	0.2172176842249109	0.0702	2.8616765990180912	-0.0036138608114333333	0.1076
166	6.651899641577061	3.484649017721654	0.5701306576595301	0.0301	3.4629007977407125	0.5339906368516661	0.0301	3.254350345898215	0.3294853838755118	0.129	3.548089537653375	0.09932229137796289	0.023	3.4754440529422173	-0.012645626022434854	0.2179	3.4871216351834615	-0.014443887952037758	0.1804	3.6280511550016104	0.0559765806444466	-0.0119	3.5077660149615832	0.575361136033209	0.0301	3.852166973556225	0.3310496712418542	0.129	4.234461603375497	0.17154351457255368	0.023	4.187377844568944	-0.02090399488719787	0.2179	4.2307576210737725	-0.010178417239740207	0.1804	4.2963325245194435	0.16275309619688927	-0.0119	3.03972816255569	0.44199842666061134	0.0008	2.8507782938934905	0.23292499828530336	0.0655	2.9967695483681975	0.2832287545933798	0.1076	3.069802862264187	0.5004919162536965	-0.01275	3.0570731570506204	0.2508644476933493	0.0702	2.9106164207565897	0.042538316665117634	0.1076	3.0309835863766534	0.4633986749024895	-0.01275	2.964529261817357	0.21263850018603145	0.0702	2.86032480046885	-0.007707003121648454	0.1076
167	6.691971326164874	3.483855053919783	0.5665788362179407	0.0301	3.4616851908242814	0.5318533421534152	0.0301	3.2515798194698977	0.32799421370151877	0.129	3.5472076721560994	0.10240181470879037	0.023	3.4756868492366433	-0.012083371560940217	0.2179	3.4898407992071805	-0.01353324431228609	0.1804	3.6201233608354126	0.05833036347578611	-0.0119	3.5069468620066178	0.5754709351726394	0.0301	3.851763098179715	0.33441471800502337	0.129	4.234826132325407	0.17245552956127289	0.023	4.18171807538333	-0.018978942864808782	0.2179	4.229990897439921	-0.008593197335207867	0.1804	4.297138222540887	0.16223924771286743	-0.0119	3.039130240909423	0.4431376502615267	0.0008	2.852239229975324	0.22991039356656437	0.0655	2.995788269467875	0.2793201186695926	0.1076	3.0709280672485084	0.4974716264019175	-0.01275	3.056535975271782	0.24189282014681435	0.0702	2.9118028349201257	0.04441216314397949	0.1076	3.0287988720579735	0.4612893234708901	-0.01275	2.957667901703017	0.21056587469293683	0.0702	2.8589883407630374	-0.008775294367632403	0.1076
168	6.7320430107526885	3.481629216889911	0.566049422974203	0.0301	3.4591929889382897	0.5319573617918918	0.0301	3.2504235455185104	0.3290971549747635	0.129	3.546363159354597	0.10365803587653599	0.023	3.476213911288045	-0.01198588677620565	0.2179	3.491742184979911	-0.01330527614478823	0.1804	3.614474242969578	0.06006250786030331	-0.0119	3.5069754500402293	0.5764069833585099	0.0301	3.849726637292702	0.3382280712740833	0.129	4.234479917060217	0.17348826202395484	0.023	4.173147456010261	-0.0180865555282673	0.2179	4.226599543841033	-0.009741771250989434	0.1804	4.297071833904418	0.16306913741841908	-0.0119	3.039381458743408	0.44298272634397745	0.0008	2.8536608813962223	0.23023473459317007	0.0655	2.994841101177901	0.27993670124774733	0.1076	3.07126532947291	0.49636685572689615	-0.01275	3.0538686764147984	0.2383833150500001	0.0702	2.910841501574582	0.04612436009575208	0.1076	3.026782374575062	0.46051857826327774	-0.01275	2.9529403917071675	0.21153961763336723	0.0702	2.858805584571885	-0.007945801553133146	0.1076
169	6.772114695340502	3.4793357949879984	0.5726040183277782	0.0301	3.45832012828692	0.537615940333702	0.0301	3.2468973248276494	0.3373435399038548	0.129	3.539502023527697	0.10756915892374512	0.023	3.474252683972292	-0.012788672880217594	0.2179	3.488984182530541	-0.015146279168458612	0.1804	3.610575670870257	0.06319542481241817	-0.0119	3.507218127628636	0.57921449590624	0.0301	3.8506653295013997	0.3405091392687423	0.129	4.23414797599927	0.17421146408295343	0.023	4.173440000008095	-0.02068584981300305	0.2179	4.224669518118798	-0.011902821578214122	0.1804	4.294656134376865	0.1636123267909743	-0.0119	3.040948817476239	0.4405706597083051	0.0008	2.850945835960865	0.2302530441848309	0.0655	2.9928466691192113	0.28193337385173967	0.1076	3.072026389634654	0.49664991371061595	-0.01275	3.053805590041181	0.24880679046196044	0.0702	2.90903781347189	0.04768729949655804	0.1076	3.0260054418006987	0.4584668396881669	-0.01275	2.9525335959657335	0.20867190650055548	0.0702	2.8589863287724078	-0.007443041382095188	0.1076
170	6.812186379928315	3.4775900805268254	0.5813011442924508	0.0301	3.4598533857145535	0.5452710462950032	0.0301	3.244888079663208	0.3471054260055008	0.129	3.532711016572986	0.11604372735883871	0.023	3.471109091308017	-0.012580444558671145	0.2179	3.4859817962815884	-0.01596361787794596	0.1804	3.608906278831502	0.0715489706283869	-0.0119	3.507587499997726	0.5840929954633819	0.0301	3.852543099000615	0.34240206562853415	0.129	4.2323543942487865	0.17306683709820092	0.023	4.1763364658423985	-0.024380025093141716	0.2179	4.222342006091426	-0.011444672217185644	0.1804	4.2920652994734585	0.16186108595675905	-0.0119	3.039995281507529	0.4395347689819553	0.0008	2.8482037869234413	0.22754991497034466	0.0655	2.9914391330056405	0.28249942036526693	0.1076	3.072255039144441	0.49600946195171486	-0.01275	3.0564818776879292	0.26079759639718014	0.0702	2.9109529189749064	0.04900221259658527	0.1076	3.0261042239881193	0.45586834275598054	-0.01275	2.9532991841157705	0.20301365299180826	0.0702	2.8584121249886	-0.007853265624076122	0.1076
171	6.852258064516129	3.474942528966304	0.5849884690945238	0.0301	3.4608420469759325	0.5489205409017354	0.0301	3.251261244889305	0.34931887706565634	0.129	3.539300949326943	0.13267748264302875	0.023	3.4812683286355584	-0.005200128529264122	0.2179	3.4943462020835687	-0.0052477121451146155	0.1804	3.6170484480506255	0.09131633808491449	-0.0119	3.507751533272846	0.5889284010817001	0.0301	3.8506418329059855	0.3442665456631783	0.129	4.228420105344537	0.1705469476866332	0.023	4.175226234556359	-0.027983245610370015	0.2179	4.218462175583839	-0.00847348057014657	0.1804	4.292130428768356	0.16047481389603205	-0.0119	3.0338118709840396	0.4415501796756034	0.0008	2.849995325753648	0.22364504484455724	0.0655	2.9912125887540464	0.2813666378187965	0.1076	3.067799553233286	0.493499689514543	-0.01275	3.0575557906529416	0.26086485596965564	0.0702	2.916416749235502	0.04652183961145711	0.1076	3.02632087657458	0.45450817435779867	-0.01275	2.9531155847177435	0.1995418095467297	0.0702	2.8576703319746395	-0.008725128023236385	0.1076
172	6.892329749103943	3.472500838175052	0.5847977933715464	0.0301	3.4598476386619614	0.5489676647619692	0.0301	3.2666995802132788	0.3440181504022721	0.129	3.565912238030528	0.1613583018966358	0.023	3.5237149874917426	0.01616752805141461	0.2179	3.5265652504729093	0.023073316894137674	0.1804	3.6401473556255204	0.12787640950534773	-0.0119	3.5065701555226325	0.5908132474522464	0.0301	3.846219834739826	0.3442855882098855	0.129	4.224712363615789	0.16973402393616302	0.023	4.173542709943621	-0.030603424894066335	0.2179	4.21672887612235	-0.007423641563489391	0.1804	4.292722999303372	0.16389604163323793	-0.0119	3.027740260724044	0.4437017236566418	0.0008	2.853066715003892	0.21907751409832749	0.0655	2.9908068143276694	0.27869884595321254	0.1076	3.060240639313091	0.49036148816705527	-0.01275	3.0492943765895055	0.2523833906840583	0.0702	2.9166328229175225	0.03793974584366989	0.1076	3.026788865198657	0.4528865928755032	-0.01275	2.9524055593091596	0.19594236426104444	0.0702	2.858476478688879	-0.010241037153057976	0.1076
173	6.932401433691757	3.473985641802993	0.5857342754619735	0.0301	3.458439728840064	0.5491961594156245	0.0301	3.2892250130927514	0.33417938971519684	0.129	3.611763192114311	0.19861466220570395	0.023	3.595074717057889	0.052559338463219474	0.2179	3.5841006001030884	0.05802496965626212	0.1804	3.6775037209956336	0.17987931442710176	-0.0119	3.506209682726329	0.5895666266040909	0.0301	3.8436415520947134	0.3414536099659961	0.129	4.223377667342191	0.17156957541457749	0.023	4.173022441137223	-0.029810099769875097	0.2179	4.218502278556967	-0.008652792401327537	0.1804	4.291795352832153	0.16948307484243194	-0.0119	3.026725220000981	0.4437249604374423	0.0008	2.8535108501323028	0.21381343748672543	0.0655	2.990787565468279	0.27486760260395654	0.1076	3.0559260864091358	0.4886531046465421	-0.01275	3.0318696657231397	0.2440300303454701	0.0702	2.9079624107396733	0.03003462006191285	0.1076	3.027689728179556	0.45028719999872796	-0.01275	2.9514357133558073	0.19159506675646154	0.0702	2.8604601355700576	-0.011199379595770671	0.1076
174	6.97247311827957	3.4791259213146524	0.5883322834165796	0.0301	3.457003582331344	0.5489858415330108	0.0301	3.322387593578662	0.31738621124965954	0.129	3.6698301104524984	0.2322372968653512	0.023	3.6739465598584506	0.0898977102936171	0.2179	3.655362802526439	0.07445221272019292	0.1804	3.7286370076588073	0.23144904155599408	-0.0119	3.511697337546841	0.5897774226473047	0.0301	3.8436834416207852	0.3387070851578219	0.129	4.223519867642196	0.17400893722270547	0.023	4.1721677356133995	-0.02634977406441359	0.2179	4.219782138329923	-0.007972820596542547	0.1804	4.2910345002259405	0.17193426364245387	-0.0119	3.027787004153661	0.4430334456953487	0.0008	2.8529073624304364	0.2101977066382463	0.0655	2.9915377440955018	0.2708193777081835	0.1076	3.055875486061756	0.48822360748308913	-0.01275	3.017611862069487	0.23733354730883818	0.0702	2.8997049041283667	0.03168256096338841	0.1076	3.0282590070571684	0.4488297985221555	-0.01275	2.9503927706181203	0.19280213133690013	0.0702	2.8610782864724187	-0.00855526470433713	0.1076
175	7.012544802867383	3.485146739457276	0.5903737586630361	0.0301	3.4569836768749553	0.5460853232322358	0.0301	3.366472124767614	0.2944875276564148	0.129	3.7268820221010595	0.246321384336668	0.023	3.7475686282677203	0.10331741527594858	0.2179	3.7274416228926226	0.06328633742525136	0.1804	3.785394016976384	0.25636136173301205	-0.0119	3.5219310821921512	0.5944447758425105	0.0301	3.8444621383378603	0.3405657764039752	0.129	4.224463133985375	0.1759536899698446	0.023	4.17153771557608	-0.023370950342018162	0.2179	4.218399378382068	-0.004819639932250435	0.1804	4.291361106959006	0.1732702635269537	-0.0119	3.028034173200742	0.44288348888004925	0.0008	2.8544437789954076	0.21013853521814538	0.0655	2.991352500136522	0.2673516614702373	0.1076	3.0566399772055575	0.486451742095602	-0.01275	3.012608791449813	0.23085260457618412	0.0702	2.898630192070837	0.03952176810426608	0.1076	3.028762505405575	0.4489182637796815	-0.01275	2.950680563485167	0.19963192734792345	0.0702	2.8602731542174773	-0.00330607255001291	0.1076
176	7.0526164874551975	3.4916273453889652	0.5916052706384133	0.0301	3.4633471383074266	0.5432110516431283	0.0301	3.415518721490826	0.2707695158315568	0.129	3.773386535121226	0.23338101560902835	0.023	3.8094604319233434	0.0820536629409774	0.2179	3.7897298230707435	0.0470784164960969	0.1804	3.8307705235456635	0.24333567495740194	-0.0119	3.530463156266217	0.5997669526330714	0.0301	3.845313284859437	0.3463587197491829	0.129	4.225917770471946	0.17678632304115585	0.023	4.171997550580942	-0.022083092108073042	0.2179	4.219280921364161	-0.0007411167342693092	0.1804	4.292237003624569	0.17582046319914463	-0.0119	3.030451795972203	0.4422191220412113	0.0008	2.8574870364717246	0.21156411375379316	0.0655	2.9926120887764367	0.26430384457112915	0.1076	3.0562978599717785	0.48228830035794246	-0.01275	3.0091613200082286	0.2256985302671808	0.0702	2.901254673509334	0.04308557186699636	0.1076	3.0307569091649595	0.44812960195135754	-0.01275	2.9546379278381845	0.20337311740902148	0.0702	2.8607018589324054	-0.00024308134634940646	0.1076
177	7.092688172043011	3.498998476913828	0.5922379498216337	0.0301	3.476608380125559	0.5433842102081828	0.0301	3.4652562889068292	0.24983734688520612	0.129	3.8110607158765375	0.2062866041362326	0.023	3.85272722565877	0.04426143465619092	0.2179	3.8352834852766438	0.04162265050203262	0.1804	3.8611164635646844	0.21213490640010976	-0.0119	3.535537814235984	0.6012929100020243	0.0301	3.8469469269268535	0.35095418913022924	0.129	4.22654139435836	0.1759882537772097	0.023	4.172840723335015	-0.021398201584387183	0.2179	4.226732435086282	0.004475461752271037	0.1804	4.2931652216060945	0.1781957137277214	-0.0119	3.036165216896422	0.44057911749559914	0.0008	2.860400521732819	0.2117142567360416	0.0655	2.998748579330552	0.26227713283042403	0.1076	3.055820145296415	0.477194121926021	-0.01275	3.00291516874794	0.2244389256704669	0.0702	2.902973765825358	0.041060850114122534	0.1076	3.034190923863549	0.4447289477906352	-0.01275	2.9606020020335735	0.20058337452885194	0.0702	2.8625767757616196	9.765442803007743e-05	0.1076
178	7.132759856630824	3.506934932684476	0.5925514898816084	0.0301	3.48866102662778	0.5446072156736853	0.0301	3.5076541853700944	0.23643324741024313	0.129	3.845659033714344	0.18794021949572606	0.023	3.8801192649667895	0.01860808172321315	0.2179	3.8617695943255326	0.04006400305513276	0.1804	3.891409849764144	0.19166307483036205	-0.0119	3.539979978489988	0.6016152189546492	0.0301	3.8484859564776324	0.35240437471856345	0.129	4.226485395269254	0.1751943877002831	0.023	4.173261388007744	-0.019446877534651585	0.2179	4.235563146242346	0.009956012865543692	0.1804	4.293697840571776	0.18036751915640387	-0.0119	3.0404436572190896	0.4387999459213935	0.0008	2.864174948745464	0.21052949672750662	0.0655	3.00478723307415	0.2634783975462887	0.1076	3.057689095033465	0.473056542403868	-0.01275	2.9996056796270443	0.2260914016271584	0.0702	2.903056975410704	0.03920298387067187	0.1076	3.0367561135676717	0.440151939423445	-0.01275	2.962970753791491	0.1954478402444469	0.0702	2.863565661701153	0.001157732033057794	0.1076
179	7.172831541218638	3.514375376887322	0.5945914565103558	0.0301	3.493175326185426	0.5455997403946043	0.0301	3.5306382514327965	0.2333279542186632	0.129	3.8737658055234876	0.18689807535355119	0.023	3.901298370811852	0.014087681590092486	0.2179	3.8717480464951084	0.03957291136068738	0.1804	3.9242826623448708	0.18877206609099265	-0.0119	3.544971979193913	0.6053742794979691	0.0301	3.84849191386189	0.35300274613192517	0.129	4.2273535649131	0.17570110104853362	0.023	4.172861335160654	-0.016637075560727	0.2179	4.238037468818894	0.013631159132696958	0.1804	4.294046314399747	0.18018810685612283	-0.0119	3.041320735724933	0.43766180448707437	0.0008	2.869114459126212	0.2091157600297777	0.0655	3.0061622471000904	0.26752489106264293	0.1076	3.0615586774039008	0.4713304933483613	-0.01275	3.000686646669117	0.22585248986580905	0.0702	2.90226747002483	0.03916519555043033	0.1076	3.0378004653714124	0.4373514222281173	-0.01275	2.9616483791346124	0.19153082221227155	0.0702	2.8633464424872654	0.0031272124949896373	0.1076
180	7.212903225806452	3.5191711623396666	0.5981948143483174	0.0301	3.492598739606462	0.5478585303975616	0.0301	3.5333913626915017	0.23631312381690972	0.129	3.882950322836433	0.19382687295768358	0.023	3.912438173635807	0.018517367151780692	0.2179	3.8731151000876127	0.04198356693224518	0.1804	3.9374079943860774	0.19205720737603812	-0.0119	3.548709430514362	0.6105945129677688	0.0301	3.84806680310807	0.35494794657999335	0.129	4.229283702624497	0.17708194765594112	0.023	4.1716483670850115	-0.014706209857886118	0.2179	4.234978103322501	0.01518862671933771	0.1804	4.294608747843021	0.17779619248555092	-0.0119	3.043585314383466	0.4373957987121593	0.0008	2.873733634578876	0.20815282693309808	0.0655	3.0081127136555486	0.2710251507128578	0.1076	3.065186583681914	0.4708860649858255	-0.01275	3.000655978229328	0.2222677648397575	0.0702	2.9008496919795026	0.03974557739935138	0.1076	3.0404230503208565	0.4367858629767022	-0.01275	2.961154427866603	0.1894126809775954	0.0702	2.8633883807296363	0.003108048916129624	0.1076
181	7.252974910394265	3.52019840130234	0.6003750485841639	0.0301	3.4915736635228165	0.5508825595872661	0.0301	3.528730579192994	0.2390110774767262	0.129	3.8726098182104614	0.19761637916099956	0.023	3.904589812030738	0.020487154159812455	0.2179	3.8714756616959205	0.04360385763825662	0.1804	3.923278167315459	0.19398435610554646	-0.0119	3.5493385938108375	0.6130744462879916	0.0301	3.8480726093179665	0.35765350329060785	0.129	4.230283136568868	0.17843454136239076	0.023	4.170156123871226	-0.012964066770023397	0.2179	4.23300535608996	0.01646553038248478	0.1804	4.2951901290577235	0.17921312100822206	-0.0119	3.050390470630042	0.43727258264154895	0.0008	2.877905927536425	0.2077642667232632	0.0655	3.0149824276645716	0.2726603454073604	0.1076	3.0691984143695112	0.46895821728724635	-0.01275	2.9996823220180313	0.21916081500699258	0.0702	2.9003200852150726	0.04191116079783013	0.1076	3.0458021903747077	0.43642749758801674	-0.01275	2.9624630895391966	0.18826050856459203	0.0702	2.8642042414650706	0.0020167983247350754	0.1076
182	7.293046594982079	3.51978988935589	0.6004322106362278	0.0301	3.492115271668601	0.5520764016929286	0.0301	3.5259388330844303	0.23869984223101678	0.129	3.862020282937832	0.19651328662084647	0.023	3.8950657465444993	0.01994721569297037	0.2179	3.8716432521010993	0.0429399243572148	0.1804	3.9063424358478778	0.19463260695158327	-0.0119	3.5486874719534893	0.6132775729773348	0.0301	3.847785390463615	0.35833305793474907	0.129	4.229589848271407	0.17848749362973806	0.023	4.168867194719817	-0.011303759284863433	0.2179	4.2346282043378025	0.01826329222496735	0.1804	4.295145797109313	0.1835651275245743	-0.0119	3.057795201837434	0.43586347489581073	0.0008	2.8824905633690125	0.20713791049737348	0.0655	3.0212045709674578	0.2735344150365265	0.1076	3.0735225266144632	0.4661032617503169	-0.01275	3.001411315753184	0.2191323286125155	0.0702	2.9026908723809677	0.04586650066137716	0.1076	3.049675189887118	0.43558565428199914	-0.01275	2.96373974396201	0.18728510620174837	0.0702	2.865240628180969	0.00391556458312672	0.1076
183	7.333118279569892	3.520937534614886	0.5997469448669647	0.0301	3.4947374050292725	0.5509390038540161	0.0301	3.52399263252846	0.2365464008136498	0.129	3.867224248055841	0.1953628304920255	0.023	3.904610117824048	0.020656218195843384	0.2179	3.8791191122752204	0.04269995698134577	0.1804	3.9050128421507915	0.195746947961987	-0.0119	3.549866040302281	0.61358379521995	0.0301	3.8477351243420825	0.35683718460401476	0.129	4.229384649918129	0.1776474338002329	0.023	4.167945695208448	-0.011752229724694536	0.2179	4.236516071791928	0.019024588746428376	0.1804	4.294373905176475	0.18514393331648504	-0.0119	3.061160879668964	0.43345650223025645	0.0008	2.8864694122693173	0.20551609268008883	0.0655	3.021451114928444	0.2744964653314441	0.1076	3.075247790094042	0.46511355834246854	-0.01275	3.0036986141869995	0.2201882638143733	0.0702	2.906067440343299	0.04917976962870569	0.1076	3.0495967325449675	0.43569983824907527	-0.01275	2.963628434126473	0.1862630348883588	0.0702	2.865498557421737	0.007926277702723163	0.1076
184	7.3731899641577066	3.5226668438940467	0.5993005369281529	0.0301	3.4970938393279036	0.5499803968650986	0.0301	3.5223581009828315	0.2348573637569238	0.129	3.8805085761821165	0.19636298578840114	0.023	3.920536951975107	0.02146449360162666	0.2179	3.8900721731452435	0.04331693137884008	0.1804	3.914159870734068	0.19879497581494587	-0.0119	3.551980359160932	0.6145751071753893	0.0301	3.8484084576181243	0.3562580704354105	0.129	4.230598002263921	0.1777009196514441	0.023	4.167122808738478	-0.013433630225662532	0.2179	4.236590151193683	0.018321473530659545	0.1804	4.294592584632165	0.18539964676658385	-0.0119	3.061220508408252	0.43262610292874887	0.0008	2.8879408539676032	0.2033848728138575	0.0655	3.020798994538586	0.27545191654528434	0.1076	3.0747844729770604	0.46591880230174193	-0.01275	3.0038952527961515	0.21985882951654068	0.0702	2.9074503948341444	0.05106343168276799	0.1076	3.049395390883221	0.43696055539349493	-0.01275	2.9625731466952754	0.1855163902280728	0.0702	2.865224835101367	0.009151101800398305	0.1076
185	7.41326164874552	3.521767284029337	0.5993929397629143	0.0301	3.495709390531149	0.5495849283193125	0.0301	3.5224236185264264	0.23577059741956571	0.129	3.8821202780139656	0.19647547509101634	0.023	3.92251220442027	0.01964710745428544	0.2179	3.8947712664319623	0.04320381924138764	0.1804	3.9202025681194907	0.20123367015403495	-0.0119	3.552463154480797	0.6159149611120801	0.0301	3.8482364235928754	0.3570001767791931	0.129	4.231704184103442	0.17812626160943135	0.023	4.166314770554714	-0.013900002083210072	0.2179	4.236126869018738	0.01733215807391345	0.1804	4.2964026577296215	0.18704575536408455	-0.0119	3.060949793697021	0.43385570708395416	0.0008	2.886656537197998	0.20130674420340064	0.0655	3.0233813143492876	0.27496998616359486	0.1076	3.0752221424990505	0.46605068989834414	-0.01275	3.0040532270651714	0.21833527856278054	0.0702	2.9080223460767733	0.051710917740004456	0.1076	3.051714030093548	0.43796982442452337	-0.01275	2.961920572647856	0.18588206711714816	0.0702	2.8656791185933326	0.006470546879817298	0.1076
186	7.453333333333333	3.518683972614104	0.5993927664825325	0.0301	3.49158032663109	0.5477442642782451	0.0301	3.5222093207981393	0.23971184007630197	0.129	3.8696294123079813	0.19423837395859592	0.023	3.91234845738148	0.01619641319678548	0.2179	3.8897040175623148	0.04186939002980539	0.1804	3.9158838326186585	0.1995372264521769	-0.0119	3.5517025167240965	0.6176458555250879	0.0301	3.8464129082936367	0.3571804826933185	0.129	4.232046031560444	0.1778707242612607	0.023	4.166172530227796	-0.013639811454216087	0.2179	4.234894159625551	0.01588720203180895	0.1804	4.29699488097773	0.1879162583872053	-0.0119	3.0599912767016675	0.43505179826690127	0.0008	2.883650453881474	0.200239452191358	0.0655	3.023970637826531	0.2729334557768397	0.1076	3.075646732169254	0.46492400080699836	-0.01275	3.005649282585617	0.2168664771223097	0.0702	2.909536145996832	0.04996112318701275	0.1076	3.05384645465256	0.43895634355333774	-0.01275	2.9617192489625572	0.1873998202921362	0.0702	2.8663860081821295	0.0030503399433066966	0.1076
187	7.493405017921147	3.517061884192373	0.5982612907862284	0.0301	3.4884570938179067	0.5450485734388029	0.0301	3.5210897554224982	0.24380249294077055	0.129	3.8604500734349316	0.19254008387831614	0.023	3.9039532659573606	0.013599554487649894	0.2179	3.8825378469463527	0.0396167944007712	0.1804	3.9095385153033035	0.19660943782083298	-0.0119	3.5513141833929294	0.6190473140901265	0.0301	3.8445347342528677	0.35720062488836396	0.129	4.231729494140411	0.1782187213040352	0.023	4.166977388896965	-0.01335082790527036	0.2179	4.233164558041936	0.013917461932253194	0.1804	4.295570372431567	0.18713151869109573	-0.0119	3.056487353465767	0.43539345652094985	0.0008	2.8809098671153244	0.20154067543724158	0.0655	3.020965770377558	0.27178803003923385	0.1076	3.074248849898758	0.46404392030661756	-0.01275	3.007345697066169	0.2163514175859677	0.0702	2.910899833195651	0.04712535227361964	0.1076	3.0536036981455026	0.44078547085419173	-0.01275	2.9618053384194973	0.18903405923923822	0.0702	2.8666980843749488	0.0014696218236197878	0.1076
188	7.533476702508961	3.5182226642211107	0.5964734936282585	0.0301	3.488381420569515	0.5431428936913621	0.0301	3.52167754669668	0.24436035923508187	0.129	3.864814668800465	0.19159078477679423	0.023	3.9046442273377813	0.013364340934243638	0.2179	3.8830408424429996	0.037460695799612524	0.1804	3.9126690883773922	0.19497380007315068	-0.0119	3.551426513459113	0.61803672151385	0.0301	3.8438460977924067	0.35764837746679345	0.129	4.230627447404102	0.1795998750850911	0.023	4.168103560282395	-0.012864091737597613	0.2179	4.233846605513059	0.01333686975516068	0.1804	4.294941995262154	0.18685502036545698	-0.0119	3.053206977926058	0.43408212159764253	0.0008	2.880297264955186	0.20322303391411145	0.0655	3.0192560174509833	0.2707745209113535	0.1076	3.0732564833080813	0.46376075283735085	-0.01275	3.008368346163899	0.21674327888791473	0.0702	2.9118937316240623	0.04605598199500486	0.1076	3.0523062710962736	0.44163634082091496	-0.01275	2.9624816974249137	0.1899113255916434	0.0702	2.867354464337361	0.002244945668941553	0.1076
189	7.573548387096774	3.5203928989372235	0.5961848928111357	0.0301	3.4909075727161762	0.5426609251592115	0.0301	3.524098556280637	0.24157123468839337	0.129	3.8744748916140526	0.18909684137408203	0.023	3.9092705777214825	0.014600807498005974	0.2179	3.8889334059428116	0.03619469410873431	0.1804	3.9216096390497452	0.1926577523262379	-0.0119	3.551564755082574	0.6144186323228841	0.0301	3.843857198459436	0.35743421975646344	0.129	4.22957417007379	0.18060708546998794	0.023	4.168514728383325	-0.012877260975943708	0.2179	4.235463386305646	0.014754018099449968	0.1804	4.295845147226642	0.18760026624161374	-0.0119	3.0535665556221847	0.4305312748409223	0.0008	2.880925048350115	0.20213089141243606	0.0655	3.0200359305739304	0.26751367115247776	0.1076	3.073306639967239	0.46349242458239187	-0.01275	3.0087439329892165	0.217053701103955	0.0702	2.9135976685124385	0.046416636758684515	0.1076	3.052174098280961	0.43911582852274567	-0.01275	2.9631241502418155	0.18974508233451287	0.0702	2.868149729505024	0.004593969071911629	0.1076
190	7.613620071684588	3.5216578713032365	0.5975779251957029	0.0301	3.492952739528787	0.5439780215729341	0.0301	3.5259559588399707	0.2390955828158565	0.129	3.8784474510908247	0.186728234888573	0.023	3.9109759556166397	0.015237387593971186	0.2179	3.8916998919822876	0.03528469265668265	0.1804	3.926835009468198	0.19055212455813816	-0.0119	3.5516392476936334	0.6119513229753873	0.0301	3.8437914660580517	0.3568366991679979	0.129	4.229561911817588	0.1805943480740801	0.023	4.168175126100229	-0.0130072074213318	0.2179	4.233621500217611	0.01622243050068464	0.1804	4.296445651319802	0.1879304594462564	-0.0119	3.05525814079544	0.42791713617021493	0.0008	2.880874564149185	0.1999828458855573	0.0655	3.021584698680504	0.2649934133269378	0.1076	3.0725044612461767	0.4639111751314665	-0.01275	3.008420575669702	0.21705989948744409	0.0702	2.914949652724583	0.04673588942818166	0.1076	3.053297504291641	0.43558898796561957	-0.01275	2.9633470296212896	0.18895339470595607	0.0702	2.868014865853008	0.006298094078262778	0.1076
191	7.653691756272401	3.521655092271222	0.5982100721636758	0.0301	3.492171090206989	0.5458123319870833	0.0301	3.5248721479455805	0.239075802509779	0.129	3.8750678134486476	0.18639596477933415	0.023	3.9088801430964764	0.015414200886939186	0.2179	3.8886172582693748	0.03455977508270849	0.1804	3.9266588704119956	0.19038362753749818	-0.0119	3.5515033770715045	0.613540728454008	0.0301	3.8439824515104997	0.3569336667040003	0.129	4.229950918292175	0.17970031678112994	0.023	4.169496220875429	-0.0123714989641516	0.2179	4.230294189374543	0.01663962830444424	0.1804	4.296084487070428	0.1871051093099873	-0.0119	3.0558800291442343	0.42928901430806005	0.0008	2.880481078118952	0.20008025205416852	0.0655	3.0226887419354447	0.2660220896033933	0.1076	3.072934721413224	0.4649568667750197	-0.01275	3.0084652798411433	0.21732069813965804	0.0702	2.914928936313699	0.046834999683456044	0.1076	3.0534726044549894	0.4352045948327262	-0.01275	2.9637067900421936	0.18805634552505468	0.0702	2.8668830868063475	0.005816147064785254	0.1076
192	7.693763440860215	3.5211850421043267	0.5979645546507335	0.0301	3.490219772293208	0.5464362383754058	0.0301	3.5211856509571717	0.2412466151104281	0.129	3.8675971941602865	0.18691154910569874	0.023	3.90331220919838	0.0147083632605912	0.2179	3.8812457097318367	0.03394160556652202	0.1804	3.9215055504387175	0.19049119928081015	-0.0119	3.55069457460022	0.6164925594366646	0.0301	3.8454598634010955	0.35719137036291054	0.129	4.2297743127689085	0.17846250898442595	0.023	4.172974838907988	-0.011953260666578414	0.2179	4.230417821594495	0.016565841178040865	0.1804	4.295759502948479	0.18581408949060232	-0.0119	3.0565551745838757	0.4327707940585779	0.0008	2.880985001903151	0.20238644661235244	0.0655	3.0224661741890158	0.26789646843891035	0.1076	3.076449690154458	0.4641817529355072	-0.01275	3.009734068165755	0.21763388789036886	0.0702	2.914625098421169	0.046640258154307335	0.1076	3.052235295893507	0.4363999909323866	-0.01275	2.963401879938139	0.18719970479175493	0.0702	2.865596343892473	0.004247737910983536	0.1076
193	7.733835125448029	3.52074060848608	0.598666280705654	0.0301	3.489897630695341	0.5463064806863664	0.0301	3.5203031681120303	0.2442109266130693	0.129	3.8608543048982726	0.18800640250917808	0.023	3.897662100073277	0.011939072616349784	0.2179	3.8745623835809173	0.03312146450535221	0.1804	3.9135190000992184	0.19032536291447247	-0.0119	3.5493701766143833	0.6168054939888874	0.0301	3.847267576501492	0.35731742365155683	0.129	4.229465275950032	0.1778088201257873	0.023	4.173838216273565	-0.012382991046620356	0.2179	4.232942847842127	0.01604926680024008	0.1804	4.296270729798561	0.18517498213685327	-0.0119	3.057442305151097	0.4349598907656576	0.0008	2.8825093782587636	0.20538615552196354	0.0655	3.0220823652632416	0.2687997468394596	0.1076	3.07957133598622	0.4609210828318908	-0.01275	3.0104349909000163	0.21741383802822684	0.0702	2.9143332062484353	0.046340174000587035	0.1076	3.0513228854330565	0.4353936575408377	-0.01275	2.961357274007323	0.18624499760859548	0.0702	2.8646263881468	0.003404484338417022	0.1076
194	7.773906810035842	3.5204934474236818	0.5994667940850478	0.0301	3.4918257984589913	0.5463429090295711	0.0301	3.5244873716895855	0.2449937936306827	0.129	3.8620617775818777	0.1899459658548629	0.023	3.899727948199849	0.010625138169425674	0.2179	3.8776153600067516	0.033617173535209446	0.1804	3.91048261704891	0.19124831401531947	-0.0119	3.549173818504941	0.6158156434233468	0.0301	3.846989716858306	0.3580381254920715	0.129	4.229663099748864	0.178132501336984	0.023	4.170328175480884	-0.01269971951022326	0.2179	4.233688334500818	0.01469237511062551	0.1804	4.2969676112634785	0.18552803963892825	-0.0119	3.0575406666977636	0.4346723911069751	0.0008	2.8840117783412915	0.2074152268505768	0.0655	3.0231428515565297	0.26920174841569516	0.1076	3.0799953832395683	0.45811293109053863	-0.01275	3.0089248990832145	0.2165793313203688	0.0702	2.914738357284523	0.046240807667715544	0.1076	3.0508931365246976	0.4334592589106741	-0.01275	2.958906304455846	0.18510123400195394	0.0702	2.8632941012370425	0.0038012662341269324	0.1076
195	7.813978494623656	3.520932132278815	0.5988515392442454	0.0301	3.4945271773566304	0.5458725148833026	0.0301	3.5287276561010086	0.24228315248693102	0.129	3.872731185527054	0.19161621434222925	0.023	3.9101995482091323	0.014504507773221754	0.2179	3.8917903797302973	0.03717381967961197	0.1804	3.915043363139369	0.19267832408580757	-0.0119	3.5512469647886986	0.6166712059911816	0.0301	3.8453481236344067	0.3589072372132228	0.129	4.229906317328313	0.17916839265687887	0.023	4.168095183647204	-0.012718123698130308	0.2179	4.233400759875894	0.01421275384262366	0.1804	4.296595371916323	0.18654144752041735	-0.0119	3.05734692607278	0.43207959451555544	0.0008	2.883809600692014	0.20655383935698624	0.0655	3.0242638929910934	0.26760317648673404	0.1076	3.079634709963261	0.4579798059073823	-0.01275	3.007623834462468	0.21546372552598156	0.0702	2.917787012662904	0.04624618269946338	0.1076	3.0502107473308864	0.434509843985284	-0.01275	2.958261742831783	0.18465434609742667	0.0702	2.8618818032194557	0.004344653741865106	0.1076
196	7.85405017921147	3.521725941489658	0.5973869885512882	0.0301	3.4962453192070257	0.5446353249589136	0.0301	3.530200382464045	0.23948483169546236	0.129	3.882229651363081	0.19227653036633627	0.023	3.9188963338547897	0.019799907627002778	0.2179	3.9029277703615124	0.041789708711594424	0.1804	3.921234476900963	0.19313260407859506	-0.0119	3.5534371394062734	0.6176211285738966	0.0301	3.844839938217667	0.35901723402619995	0.129	4.229643141937599	0.1807162247272004	0.023	4.169532976838886	-0.01253084678400544	0.2179	4.234460125782096	0.016962237577125668	0.1804	4.295436912901598	0.18805164335773547	-0.0119	3.057721436586716	0.4280636254650535	0.0008	2.8826367741666	0.20308504801095126	0.0655	3.0240039016160525	0.26386222529747433	0.1076	3.079398097464861	0.45951685866086933	-0.01275	3.009312822151876	0.21481508920709508	0.0702	2.921037832706323	0.046915236276154425	0.1076	3.0499373350055654	0.4377452121176504	-0.01275	2.9603927708030966	0.18531236070181167	0.0702	2.863099161138026	0.003732398439898152	0.1076
197	7.894121863799283	3.5211890755144117	0.5963483884218693	0.0301	3.496486743507487	0.5444908211870861	0.0301	3.53055566950177	0.24029233285608073	0.129	3.87963392934129	0.1920796440973471	0.023	3.91661452952205	0.020570119781621946	0.2179	3.898160194875253	0.04317832839998986	0.1804	3.9225945303852288	0.19275786702451222	-0.0119	3.553217798508842	0.6166486673785809	0.0301	3.8449632266251834	0.35884435863865044	0.129	4.22921225055204	0.18191100504473648	0.023	4.169970657965023	-0.011956674600005126	0.2179	4.2347261199323025	0.020307249552405534	0.1804	4.29503940268107	0.18926597752029065	-0.0119	3.0579936302964352	0.4251924650446192	0.0008	2.8836904401899326	0.1999602961397845	0.0655	3.024116372140611	0.2612354402325287	0.1076	3.07790391609483	0.4610293956214696	-0.01275	3.012528840309895	0.21577857353933394	0.0702	2.920080937882411	0.04781001691625184	0.1076	3.0503293355335344	0.4379465927786059	-0.01275	2.9636825793901322	0.18565478866977725	0.0702	2.8671006938740926	0.0025616859128768797	0.1076
198	7.934193548387097	3.5189703750257206	0.5968264913709209	0.0301	3.496011959555361	0.5463074080907542	0.0301	3.5305910338512696	0.24349093954651188	0.129	3.8680832442202058	0.19187388276220005	0.023	3.905941632453648	0.018051507910133702	0.2179	3.8839411106467256	0.04077082485986399	0.1804	3.9171845486847165	0.19267598324714014	-0.0119	3.551855080932162	0.6160361700846431	0.0301	3.8444423344074345	0.3587381360369592	0.129	4.229145407397943	0.18143499534903007	0.023	4.169115347362895	-0.012355446975910737	0.2179	4.233807490625142	0.018832430509052766	0.1804	4.295632337416173	0.18884010554188624	-0.0119	3.0573090769267366	0.42608330295712016	0.0008	2.8864550546850785	0.19893078886176385	0.0655	3.0255119116298075	0.2611375591666311	0.1076	3.0759184146262566	0.462952221994846	-0.01275	3.0146180425511706	0.2178080370571271	0.0702	2.9175313497208433	0.04657251544805974	0.1076	3.050586396251307	0.4350893441915712	-0.01275	2.965004793515403	0.1853772254382546	0.0702	2.869728020284193	0.0028769448910184394	0.1076
199	7.97426523297491	3.517095074193662	0.5986207989323172	0.0301	3.4957631247129313	0.5478063755550435	0.0301	3.530216751399713	0.24507917863093365	0.129	3.861053514221589	0.192196573582491	0.023	3.898486273064631	0.016872282050026003	0.2179	3.8759255486043704	0.03816790931360901	0.1804	3.910777501139114	0.1930840293624371	-0.0119	3.5514130578878933	0.6164316036759779	0.0301	3.8439706172069577	0.35838166605713645	0.129	4.229369219186427	0.1801748621228407	0.023	4.170641044189652	-0.013745069601790694	0.2179	4.234383608562925	0.01340861702759646	0.1804	4.296185806310478	0.18749453760369214	-0.0119	3.0562554512326714	0.42915887454093155	0.0008	2.88744991438911	0.19976592312552482	0.0655	3.0263098137176456	0.2620187927077911	0.1076	3.0758206570784243	0.46484345669330496	-0.01275	3.0151925667978037	0.21868934880173177	0.0702	2.9181477218804774	0.044041518129118384	0.1076	3.050686344993407	0.43447892399359	-0.01275	2.963952928935081	0.18642875761951827	0.0702	2.8693867904000374	0.005260724824920677	0.1076
200	8.014336917562725	3.516717175884736	0.6000492012006805	0.0301	3.496112018458651	0.5469030978542593	0.0301	3.5305324661212754	0.24367720714157304	0.129	3.866615736210574	0.19210357967013578	0.023	3.9000169267327243	0.01675854320522768	0.2179	3.8786649854564184	0.03777877849768494	0.1804	3.9110510486401204	0.19284392464882522	-0.0119	3.5515175373392123	0.6155680290155349	0.0301	3.8440130853992303	0.35799445912518607	0.129	4.229600664827704	0.17984855907674335	0.023	4.171329630397818	-0.013806824401164215	0.2179	4.234467268454697	0.010557466322399723	0.1804	4.296599020678407	0.18677463751265158	-0.0119	3.055651820664598	0.4297976280250139	0.0008	2.8867406557838597	0.20192943812634082	0.0655	3.0259111421962235	0.26258767238797304	0.1076	3.077119013203003	0.46326749521072225	-0.01275	3.0151487718996584	0.2184204730286687	0.0702	2.919997278052833	0.044970189914107304	0.1076	3.050491002992115	0.436287608900195	-0.01275	2.9627963751326476	0.18900845868291835	0.0702	2.8684325233889365	0.0073284702344887966	0.1076
201	8.054408602150538	3.516971234540671	0.6000611257044823	0.0301	3.496231541097742	0.5446248100564133	0.0301	3.532264953323591	0.2413125626980259	0.129	3.8772329042274127	0.19126127764574213	0.023	3.9047717385971032	0.015722412919473922	0.2179	3.884755403692434	0.03865898980300031	0.1804	3.917786448311339	0.1918012984174991	-0.0119	3.55143612809539	0.6136858035474505	0.0301	3.844192685041816	0.3577019719930293	0.129	4.229951047112217	0.1800115226079832	0.023	4.168446439748686	-0.012229732767078498	0.2179	4.232485972212516	0.012357024242806713	0.1804	4.296933037056926	0.18675772134906943	-0.0119	3.0559367807374804	0.4278765895759295	0.0008	2.8863862104474545	0.2033021383639002	0.0655	3.025463032898698	0.26314796591929845	0.1076	3.077890711969696	0.4583605905606914	-0.01275	3.014450980086689	0.21780470386915673	0.0702	2.9197541352394314	0.049286654800463695	0.1076	3.0500060635575585	0.43690345087271343	-0.01275	2.9626824060585126	0.19001234526835634	0.0702	2.868048263457787	0.007051734784771734	0.1076
202	8.094480286738351	3.5171711217916664	0.5994197017513989	0.0301	3.4943890158293605	0.5431883607478093	0.0301	3.533552338041441	0.2403870202956209	0.129	3.879807025202053	0.19045992205208945	0.023	3.9065813932253475	0.014382453138319184	0.2179	3.887135733414983	0.039083159603887765	0.1804	3.9230351097953937	0.19082851745521864	-0.0119	3.5519091222402994	0.6129876888359638	0.0301	3.8446012813071575	0.35774951067605837	0.129	4.230314652685196	0.17987578829057851	0.023	4.167078744751591	-0.009928781103495671	0.2179	4.231809310902307	0.014346598959935253	0.1804	4.295814129525374	0.18743264158282744	-0.0119	3.057191129905814	0.4275934505014153	0.0008	2.8862831125403834	0.202752482290762	0.0655	3.025160139037829	0.26463168321806213	0.1076	3.077292946463935	0.4558761561044877	-0.01275	3.0124659410069943	0.21640057513891142	0.0702	2.9181295708767374	0.05124502602974135	0.1076	3.0505816707306592	0.43628856336667854	-0.01275	2.9627605207914853	0.18850617787147214	0.0702	2.867714290219993	0.005815298537406116	0.1076
203	8.134551971326164	3.5176419897965436	0.5994216248817289	0.0301	3.491152527583287	0.5431518738638791	0.0301	3.532862581351537	0.24173021250349191	0.129	3.8741523462727505	0.18989482978790279	0.023	3.905720851493367	0.013475339106813889	0.2179	3.8855634039148876	0.03892746127630456	0.1804	3.9213125871130345	0.19048886508492444	-0.0119	3.5532256006540788	0.6134285577359033	0.0301	3.8449136448414074	0.35842452282695714	0.129	4.2301377105900375	0.17967300072809966	0.023	4.1680883314148485	-0.008485646766636129	0.2179	4.232300858886692	0.0136473865613475	0.1804	4.293027767889576	0.18837459347138574	-0.0119	3.05773057561657	0.429171485730214	0.0008	2.8857482690522622	0.20325330619921006	0.0655	3.0246375913834163	0.26633611441848093	0.1076	3.075329280614933	0.45853875944524747	-0.01275	3.010719617719442	0.21565600009239963	0.0702	2.9165233988491805	0.050370085913953234	0.1076	3.0514044835356327	0.43573260919827006	-0.01275	2.9620911663031073	0.18815911683713857	0.0702	2.8673393844595005	0.005587362455064626	0.1076
204	8.174623655913978	3.51855894452421	0.5999500745198831	0.0301	3.4897975587309307	0.5439631457049147	0.0301	3.531666136429716	0.24435745168226078	0.129	3.870054046532509	0.18945185457711944	0.023	3.905154013696233	0.013001788087126242	0.2179	3.883966430949219	0.03888268583616292	0.1804	3.9178054661494657	0.19122067636298887	-0.0119	3.553025623210785	0.6131532687843371	0.0301	3.843739828913035	0.3587061933674086	0.129	4.229355424556944	0.17936803181657882	0.023	4.16618265680786	-0.010581469031381935	0.2179	4.230920582835672	0.012235723757242167	0.1804	4.290999778567894	0.18886333734780997	-0.0119	3.0565265892190268	0.42965752191029405	0.0008	2.8848679647096485	0.20590186607746314	0.0655	3.024220282013543	0.2667395535457164	0.1076	3.0736604299454164	0.46222330092926445	-0.01275	3.0110799015010143	0.21699260918055446	0.0702	2.915565769550775	0.051182785446209064	0.1076	3.050498313864039	0.4349982332243701	-0.01275	2.9611485491313103	0.1895631817116858	0.0702	2.8670536301930314	0.006090529174488798	0.1076
205	8.214695340501793	3.5193603065456966	0.5997406854354259	0.0301	3.4910623518427752	0.5453793950137225	0.0301	3.5313868538385416	0.24660653347944933	0.129	3.8717932747966675	0.18884838665585604	0.023	3.9062732232010315	0.012826129583699298	0.2179	3.8842882860096575	0.03881016343795722	0.1804	3.9195606408928474	0.191633839762261	-0.0119	3.5500303435396323	0.6120991429419088	0.0301	3.84121314724942	0.35815601252689816	0.129	4.228073988149173	0.1788474319902303	0.023	4.161643345422494	-0.015094415509406017	0.2179	4.228204820778478	0.011853990887899518	0.1804	4.290602078312063	0.18869549675246902	-0.0119	3.0556509028893246	0.4290011623899418	0.0008	2.8829875672895273	0.207638241493642	0.0655	3.0236206436944526	0.2662188957822104	0.1076	3.0737489309438195	0.46310873625737203	-0.01275	3.0121368854489714	0.21861560811224007	0.0702	2.915659484719223	0.05319666584105083	0.1076	3.0499595252294167	0.434162423753226	-0.01275	2.9608616196839725	0.18791165467100865	0.0702	2.8666218350218893	0.0057178835421055705	0.1076
206	8.254767025089606	3.5195701061403275	0.5982721709827474	0.0301	3.492394526080729	0.5465846485919359	0.0301	3.5317006008808765	0.2475441307990979	0.129	3.8764277852449416	0.18782885613983236	0.023	3.9071862594180193	0.012701086992761932	0.2179	3.8850534794277998	0.03825219907307193	0.1804	3.9243405525526436	0.1905432278291043	-0.0119	3.5477560093849108	0.6125035442230455	0.0301	3.8395759662051794	0.35804753584767907	0.129	4.226395275128953	0.17935878693074106	0.023	4.1592293487888	-0.017809330012681073	0.2179	4.2256159230114365	0.012107727979990967	0.1804	4.290025902105871	0.18758253062746214	-0.0119	3.0555271446871433	0.4287416641950702	0.0008	2.879855258554446	0.20733630386904683	0.0655	3.0214956179634305	0.2662754207366977	0.1076	3.0743474625104277	0.4623823304695305	-0.01275	3.0120778580596017	0.21894347191200492	0.0702	2.9163147695805116	0.052503438017993224	0.1076	3.0509114719999926	0.43438185601603985	-0.01275	2.960743821909274	0.1846793597866315	0.0702	2.8660089997045928	0.0038323568274174313	0.1076
207	8.29483870967742	3.519194601000589	0.5962498915232158	0.0301	3.4927912064881896	0.5449211030120492	0.0301	3.5319520983828725	0.24658890133893016	0.129	3.8795636649181438	0.18796322737209084	0.023	3.9055478319975414	0.013051067197582165	0.2179	3.8853626078255394	0.03845491603840417	0.1804	3.926039103275752	0.1905117061539876	-0.0119	3.5493667746602084	0.6149162948813339	0.0301	3.839814358198009	0.3579060190939151	0.129	4.224972712814065	0.1816944207617796	0.023	4.160761609584106	-0.016811194503113407	0.2179	4.224241452804851	0.013350739479146624	0.1804	4.289148660831482	0.18684761144115838	-0.0119	3.0542851611355197	0.42934915726595513	0.0008	2.877488012511071	0.20703103125881198	0.0655	3.01840531298648	0.26708709894284216	0.1076	3.074416731458197	0.4615201103059768	-0.01275	3.011585643475238	0.21832409558502275	0.0702	2.9164646024032144	0.04924440255785825	0.1076	3.0491151680480475	0.43647238834623925	-0.01275	2.9598661042810717	0.18801202799628594	0.0702	2.865542056771235	0.0023290397940492476	0.1076
208	8.334910394265233	3.518480696693661	0.5936821817353019	0.0301	3.493261197826585	0.5391041758009343	0.0301	3.531982395182232	0.2425304079235139	0.129	3.8785042240334064	0.19170952032406938	0.023	3.903306599858569	0.01486747130450505	0.2179	3.885931288754636	0.04144266242539517	0.1804	3.9242547638924745	0.1931025214065277	-0.0119	3.5528165937989913	0.6149859652231745	0.0301	3.840567734917352	0.35454327012180387	0.129	4.224243009040929	0.1821336253676351	0.023	4.1639944459262255	-0.014212859976449655	0.2179	4.2254909975234085	0.01568540145552337	0.1804	4.289074951306193	0.18797777609341823	-0.0119	3.052534525930991	0.4307097751206771	0.0008	2.8777275717283604	0.20827337664457166	0.0655	3.0167498122733503	0.2667984303574825	0.1076	3.074798653953568	0.46002910044725637	-0.01275	3.0115483479590486	0.21763047828278692	0.0702	2.9152728253542532	0.04693867465016645	0.1076	3.044090347501817	0.4389419455056758	-0.01275	2.9591568419193313	0.19587404263204883	0.0702	2.865608421501979	0.0031316956347036532	0.1076
209	8.374982078853046	3.5182749189156364	0.5901319530020127	0.0301	3.49395966108897	0.5341294217825027	0.0301	3.5322566336432994	0.23558067800422425	0.129	3.8760559790681604	0.1959947454533244	0.023	3.9020494513163624	0.017612025727715367	0.2179	3.885042399033614	0.04515850449459784	0.1804	3.9234235834602673	0.19457648411607806	-0.0119	3.5545242392424363	0.609257649284872	0.0301	3.8388303106717077	0.3455723942641674	0.129	4.224467950899442	0.17701596791384938	0.023	4.165790578563148	-0.01494490733541022	0.2179	4.228169538274797	0.016067397340452236	0.1804	4.289255508220338	0.18887476915705992	-0.0119	3.051881173410156	0.4319330287636696	0.0008	2.878687314723509	0.20949704464544303	0.0655	3.016490372337799	0.26426359040303615	0.1076	3.0744985054908853	0.4599194540035488	-0.01275	3.011442119689456	0.21816421751657647	0.0702	2.913631847485878	0.04695990612619036	0.1076	3.0419222260546737	0.4386000379468325	-0.01275	2.9600500789682074	0.1981487159129921	0.0702	2.866636496552283	0.00494815453624927	0.1076
210	8.415053763440861	3.5202702381301116	0.5876643373447572	0.0301	3.4954732298834643	0.5371314229961514	0.0301	3.532785062285306	0.2333648580211207	0.129	3.8786826584134992	0.19233035068813598	0.023	3.8976839310682787	0.01693445570184785	0.2179	3.878471926496254	0.045406574658846136	0.1804	3.9249757922133646	0.191022798890716	-0.0119	3.5532260798457593	0.6021511777856943	0.0301	3.8320072245079824	0.3297750850486802	0.129	4.225185094713823	0.17139368948294026	0.023	4.170998284978846	-0.018805748064484044	0.2179	4.230792063890834	0.01202147050099728	0.1804	4.288850272076452	0.18685484470613573	-0.0119	3.052648217574933	0.43115921199916185	0.0008	2.8750982433322485	0.207869567866818	0.0655	3.0158112059011777	0.26224883698225476	0.1076	3.070630308308971	0.46312427903126874	-0.01275	3.010649832747933	0.21955080907144456	0.0702	2.9132786301762708	0.04718698153274563	0.1076	3.043997970754692	0.4343652702749532	-0.01275	2.963365856794244	0.19180449145045006	0.0702	2.8691717549608207	0.005213082835586211	0.1076
211	8.455125448028674	3.5252597358449225	0.5864169399157326	0.0301	3.499372587657509	0.5444163629021201	0.0301	3.53236020626829	0.2408702051181245	0.129	3.8840047993981464	0.18067809475367044	0.023	3.888213551228483	0.011563321153866157	0.2179	3.866502929638553	0.043921241160088734	0.1804	3.924266699540548	0.18619510975402553	-0.0119	3.5506623443213137	0.5974368496192879	0.0301	3.8212800912142435	0.3051071790318173	0.129	4.223677245116445	0.1722562851005716	0.023	4.185237992974963	-0.019713144494587366	0.2179	4.23355246073187	0.00801018489679851	0.1804	4.286621410783231	0.1830566235260354	-0.0119	3.0553152690548244	0.4275513633470431	0.0008	2.867523452773275	0.20471026039689205	0.0655	3.015787785995458	0.2640303765687608	0.1076	3.0662924316513664	0.46385823429016476	-0.01275	3.0097069451558776	0.21883600187369107	0.0702	2.9140225774658925	0.04646020063487971	0.1076	3.04610414285919	0.4301773715723362	-0.01275	2.9704050967957025	0.18122122749675437	0.0702	2.873421682570873	0.004153488460748224	0.1076
212	8.495197132616488	3.531936387037157	0.5795599816034587	0.0301	3.5034697404384616	0.5395026137253397	0.0301	3.530534763289612	0.24019970123537288	0.129	3.8788458542560287	0.17152700273116794	0.023	3.875007177002564	0.009299357715992397	0.2179	3.853102803158314	0.04436597737742142	0.1804	3.916230272221733	0.18575832254699104	-0.0119	3.5529766441097212	0.5894884178017135	0.0301	3.809486058873785	0.2720545895813754	0.129	4.218755181011612	0.17531495254438464	0.023	4.197282995596376	-0.01784886618604083	0.2179	4.235598164118478	0.00966519308207433	0.1804	4.2824396123571224	0.180313858184106	-0.0119	3.059787190813008	0.42246741544156663	0.0008	2.867404575860143	0.20333954744864197	0.0655	3.0192354189771073	0.2663372909202702	0.1076	3.0699737957173237	0.45709796205137454	-0.01275	3.010147723066066	0.215135692835634	0.0702	2.914487052907147	0.04535621889632238	0.1076	3.049271637973186	0.43019842896148186	-0.01275	2.979079969098206	0.17471175080893278	0.0702	2.8768883946879087	0.003608300009799141	0.1076
213	8.535268817204301	3.5396188333295937	0.5627430050789429	0.0301	3.505712055721456	0.5161306699500676	0.0301	3.5294685572543063	0.21614386898651675	0.129	3.85983949201238	0.16825940178768883	0.023	3.860678267633974	0.013753263841054483	0.2179	3.8408874741171943	0.045075708757344464	0.1804	3.9045378819789756	0.1863087609082509	-0.0119	3.5648333771093252	0.5733724625013906	0.0301	3.7997314398556705	0.23702081417829007	0.129	4.214822774719843	0.17143752794867637	0.023	4.198393452277739	-0.017464764266355372	0.2179	4.238908976606703	0.013021740587733092	0.1804	4.279738433587633	0.17926612755933827	-0.0119	3.0644362412812742	0.4174826788403691	0.0008	2.8788183213250367	0.2029511920595379	0.0655	3.025329781038487	0.2627553224897402	0.1076	3.0811472640904958	0.4497291233488234	-0.01275	3.0127130480902173	0.21164875997593022	0.0702	2.91276714466742	0.04253940889630667	0.1076	3.0569623971509485	0.43051851532763485	-0.01275	2.9841095627085554	0.17655158486063582	0.0702	2.8753711795494192	0.002367739138504479	0.1076
214	8.575340501792114	3.5489714933410728	0.5417834818208439	0.0301	3.510812901271315	0.4894771437290617	0.0301	3.5325621664041287	0.18744182110909277	0.129	3.8401627346398293	0.16463655004166927	0.023	3.8563723058249746	0.01804340669954483	0.2179	3.8368957626841573	0.043681589186843964	0.1804	3.8982680519731727	0.1829206432764682	-0.0119	3.5813463310365714	0.5547950514654951	0.0301	3.7963321889931136	0.20663944249296912	0.129	4.216084675069329	0.16197082963899648	0.023	4.199248225909814	-0.01749587542209735	0.2179	4.245599918239806	0.01162802860203079	0.1804	4.279874626618873	0.17898856480332612	-0.0119	3.0690018883719548	0.41402218355137443	0.0008	2.8892126334074666	0.20215279356513002	0.0655	3.0299518572710906	0.2547496423817354	0.1076	3.0908382465497537	0.448571157045706	-0.01275	3.01496611528331	0.21085789862065266	0.0702	2.90784412867411	0.0393965566089021	0.1076	3.0660011032521246	0.42606589653152255	-0.01275	2.98571886633718	0.18045815421942113	0.0702	2.8701711107790806	0.00014982220213773104	0.1076
215	8.615412186379928	3.559102672474574	0.525107473224007	0.0301	3.5211695803231824	0.47320712640724916	0.0301	3.539182343955245	0.17415235771991058	0.129	3.8299061223659097	0.15960891834349367	0.023	3.867472461736896	0.01684650000777531	0.2179	3.848468550909447	0.03955749788052167	0.1804	3.897004659646762	0.17753363654376592	-0.0119	3.595040407791837	0.5424972722770498	0.0301	3.7984015903462036	0.18251344969883226	0.129	4.219330226715434	0.15512881058659714	0.023	4.204145899902483	-0.01697190464411663	0.2179	4.249732753772082	0.007771197322289421	0.1804	4.280019629706434	0.17890615401127005	-0.0119	3.0757136227390727	0.41415318154688285	0.0008	2.8915826409414094	0.2032903539962078	0.0655	3.0311608346924435	0.25056968100953336	0.1076	3.0968948938980962	0.45091041918862307	-0.01275	3.0149517208404144	0.21037734029548136	0.0702	2.903392611506574	0.04007733052786127	0.1076	3.0733756056249866	0.4217031686244505	-0.01275	2.9882666966273312	0.18106463221502236	0.0702	2.8673425898601907	0.0009529066436450895	0.1076
216	8.655483870967743	3.568900160494623	0.5175551913588774	0.0301	3.5316915842606176	0.4695034941606689	0.0301	3.540038942167303	0.17289514046928492	0.129	3.8278709986786223	0.1592593220320915	0.023	3.8801362020241856	0.012778487862335614	0.2179	3.871284915839702	0.03449923885356799	0.1804	3.8960044346275677	0.17650795978718517	-0.0119	3.604845083031388	0.5372681479384277	0.0301	3.7993581140236725	0.16457846033192958	0.129	4.218415884833358	0.153334355548654	0.023	4.205540456415889	-0.018009647275686467	0.2179	4.24824787314867	0.00639109818588002	0.1804	4.279117746936339	0.17869400949030753	-0.0119	3.085501606734565	0.41879538754545453	0.0008	2.892994326068827	0.2092877877771407	0.0655	3.0309631439689997	0.25478705507197785	0.1076	3.103266442688286	0.454376453326894	-0.01275	3.0156876307870326	0.20668571402488667	0.0702	2.904152350849478	0.040946881806043854	0.1076	3.0834609906333896	0.4243845131337773	-0.01275	2.992140707821415	0.18091452326996652	0.0702	2.867814176424756	0.0035271144894285515	0.1076
217	8.695555555555556	3.5793506631749414	0.5194271594916395	0.0301	3.539773570442794	0.4766303143303164	0.0301	3.5344772634430646	0.17659552525065003	0.129	3.8323542657458303	0.1660972151179964	0.023	3.8875329872454647	0.012052557184321083	0.2179	3.8984475267323693	0.032642655066790933	0.1804	3.9006836959241973	0.18640336527801965	-0.0119	3.612893277798789	0.5350096613849398	0.0301	3.7964203136523933	0.15256339402553926	0.129	4.213155147676123	0.15342295603820796	0.023	4.203406799650352	-0.02024056753763737	0.2179	4.246413502319587	0.00687874342173148	0.1804	4.277469741337837	0.17820818428453122	-0.0119	3.0955322922311095	0.42715182230459087	0.0008	2.897029290426268	0.22035751591248579	0.0655	3.0322366310172937	0.2641585042592234	0.1076	3.110139116655076	0.4601352690430568	-0.01275	3.019195572389524	0.20240416092887878	0.0702	2.908533891078146	0.03869705600912855	0.1076	3.0979104817706946	0.4333146517830858	-0.01275	2.9962312650484706	0.18373886496575645	0.0702	2.869147139024515	0.004351383898744312	0.1076
218	8.73562724014337	3.5897672027486855	0.5245863838436898	0.0301	3.5481624468431883	0.48636789560333715	0.0301	3.5562251302460886	0.18208953471836764	0.129	3.8420323544837602	0.17298006412296404	0.023	3.8971384765758925	0.014143233711435653	0.2179	3.9238778302078967	0.03134893456839366	0.1804	3.9136477260310727	0.20003770317988206	-0.0119	3.618920888322754	0.5333873575583166	0.0301	3.79198840752877	0.14420276983930377	0.129	4.208512761473911	0.15339206197141114	0.023	4.203321546066883	-0.020775009959643057	0.2179	4.2458495424865195	0.0062650817364473445	0.1804	4.272343549543179	0.17771096102708742	-0.0119	3.10203220022625	0.4358998746823597	0.0008	2.89730935653427	0.23668406852695534	0.0655	3.0337924996779972	0.27423803904587296	0.1076	3.114059266435516	0.4665342019062701	-0.01275	3.023971175787321	0.20362872568783516	0.0702	2.911869961014915	0.03985234589185625	0.1076	3.108391653271444	0.4411778390628659	-0.01275	3.0020620823395543	0.19082655932343817	0.0702	2.8736628307396423	0.008361367631782773	0.1076
219	8.775698924731183	3.5958229709103438	0.5248267043968363	0.0301	3.556498084057092	0.4898915135656893	0.0301	3.614276997662791	0.18493846729517116	0.129	3.8447729099510983	0.169319894089436	0.023	3.907265003926853	0.013753665236985247	0.2179	3.9337341013018525	0.028497446849355148	0.1804	3.922997032405299	0.1937905385660029	-0.0119	3.6216576243809264	0.5293138932962951	0.0301	3.7888059058102432	0.1370436568093225	0.129	4.207573089345888	0.1534830750333498	0.023	4.20729057009639	-0.018187779119511197	0.2179	4.2459093648105615	0.00472296443978469	0.1804	4.263352252874386	0.17743626645506194	-0.0119	3.1038269497283832	0.4418103934986368	0.0008	2.8880179868462084	0.26297473430785673	0.0655	3.0303194138775247	0.2883986524691719	0.1076	3.113888567313933	0.47178847045185524	-0.01275	3.031940515722292	0.2105580118118589	0.0702	2.9166779913853778	0.04557448067382735	0.1076	3.1086354841299344	0.44203407954270957	-0.01275	3.0058635985619833	0.19936331419386855	0.0702	2.8797669670447	0.014932389763898133	0.1076
220	8.815770609318996	3.5963076138826797	0.5180818335390653	0.0301	3.561671152148865	0.489053174988265	0.0301	3.617972248689601	0.18377705990295984	0.129	3.8251388538130606	0.1556092901580086	0.023	3.9125959273117736	0.016502909231608326	0.2179	3.9252897360515933	0.03821828478617341	0.1804	3.9179240008065177	0.16102977012065026	-0.0119	3.6239760452225114	0.5203617983741632	0.0301	3.7878823057049176	0.129238688356534	0.129	4.208919715964452	0.15383841281436222	0.023	4.21222155904013	-0.013521470423743506	0.2179	4.247898582877792	0.0053578874195851015	0.1804	4.258072017152225	0.17773664269664224	-0.0119	3.101085106441433	0.44937169491994505	0.0008	2.872593426137704	0.30059831450402363	0.0655	3.021961987616488	0.3117563443931278	0.1076	3.1136622070222417	0.48098943146953527	-0.01275	3.0499643206809246	0.2204948397184559	0.0702	2.934923292157838	0.04831882791771274	0.1076	3.1042131097470493	0.44156613057094674	-0.01275	2.998657039341901	0.20397984579781575	0.0702	2.8760049633615403	0.012766751318422429	0.1076
221	8.85584229390681	3.5963719902506273	0.5082633426681155	0.0301	3.566439972921096	0.4898275989372932	0.0301	3.5131721421929996	0.183332208663828	0.129	3.7868412573124344	0.14488572665538713	0.023	3.9139584737112973	0.03359638959145922	0.2179	3.918129567626481	0.06748612181706665	0.1804	3.8982238363644095	0.13149381621386919	-0.0119	3.6279249633644506	0.5092665362868335	0.0301	3.787851916417202	0.1190899057030981	0.129	4.208267178860356	0.15393059425904182	0.023	4.216343000261572	-0.007888259873612734	0.2179	4.251057271627202	0.010733413535029098	0.1804	4.26018723644133	0.1792393857632229	-0.0119	3.096041280116975	0.4624085877766149	0.0008	2.8608508001464763	0.3385577214203488	0.0655	3.0153255361613653	0.3381686197994335	0.1076	3.118873460054066	0.49876236585695227	-0.01275	3.0856012436565057	0.23729454108019046	0.0702	2.9802598024494094	0.04683947546549808	0.1076	3.1029291676576083	0.448093269155011	-0.01275	2.985726428523718	0.20368126949700455	0.0702	2.8611405068548637	0.0022806390216184424	0.1076
222	8.895913978494624	3.5989352703169915	0.49765928533578924	0.0301	3.573809870669399	0.49027884264291605	0.0301	3.414865231978568	0.18590155620630622	0.129	3.758813294626766	0.14396984857586703	0.023	3.9075015022194854	0.05606878338941235	0.2179	3.918735343498484	0.09177756324968671	0.1804	3.8739059223198584	0.13057063507698832	-0.0119	3.6292911961818555	0.4984792887060064	0.0301	3.786481713998809	0.10604644863104372	0.129	4.202686710277279	0.15373828820848465	0.023	4.222058103751947	-0.002148793515051079	0.2179	4.253751446460459	0.0180544077662676	0.1804	4.261740411841617	0.18135934075707535	-0.0119	3.0927053898831547	0.4721868105261708	0.0008	2.8568377975261128	0.3642672496297988	0.0655	3.011191732602445	0.3544747274747011	0.1076	3.1298842901316775	0.5178455785391849	-0.01275	3.1377991213244045	0.2611572899138514	0.0702	3.0554686409448673	0.0461164884270094	0.1076	3.1027141370084887	0.45490679899593645	-0.01275	2.9819344616016585	0.20123011589602946	0.0702	2.850682743688152	-0.006011065011919314	0.1076
223	8.935985663082437	3.601488650221808	0.4852473833916055	0.0301	3.579526064309288	0.48360608949847605	0.0301	3.418754606129532	0.18469114750216276	0.129	3.76525363496475	0.14543990117030334	0.023	3.888250906438741	0.059655759486495	0.2179	3.9083938796168787	0.08636857098083434	0.1804	3.8599875931003567	0.14476569242205048	-0.0119	3.6279184225898518	0.48743631308154484	0.0301	3.784146865486996	0.09034963558697398	0.129	4.195357739678994	0.15363271130609676	0.023	4.225981840398765	0.002385386978771699	0.2179	4.254304132351638	0.02185830143640634	0.1804	4.2558746576325195	0.18236323744094934	-0.0119	3.0913974166342646	0.4711035605428764	0.0008	2.855882936403153	0.3761347668662512	0.0655	3.0071455791026125	0.35606784655338697	0.1076	3.1414303969030235	0.5264354856973882	-0.01275	3.1899376666802133	0.27620395952365473	0.0702	3.137477130511785	0.046884772027306044	0.1076	3.0988306335214237	0.4509853110046623	-0.01275	2.985832676865661	0.19815675174807093	0.0702	2.851851739674125	-0.01036250859671389	0.1076
224	8.97605734767025	3.6051948599557537	0.4728001948446696	0.0301	3.5825583105484227	0.47094646623866004	0.0301	3.453561613986873	0.17304993465503904	0.129	3.7909664627739663	0.1417971500514782	0.023	3.864477774277411	0.041902278309043084	0.2179	3.886978203647897	0.06100344554318282	0.1804	3.8583410296962426	0.15012754322417543	-0.0119	3.6303092677258912	0.47780983018865	0.0301	3.783298895720285	0.07431777950531004	0.129	4.191814149474894	0.1525948848912882	0.023	4.2239400147270265	0.005823940624940517	0.2179	4.252461810387663	0.024179298550481943	0.1804	4.245036350928284	0.1819642712900645	-0.0119	3.094055836181376	0.4635417204232582	0.0008	2.858041944574757	0.37991528136710623	0.0655	3.009185067940313	0.35106616042180566	0.1076	3.1494393846169726	0.5221651527964347	-0.01275	3.223911972605616	0.2707877388806528	0.0702	3.1904753177626497	0.04593994009165762	0.1076	3.097594200757207	0.43950970873353795	-0.01275	2.987251215987662	0.19472249540177802	0.0702	2.855508385101623	-0.013392893184390275	0.1076
225	9.016129032258064	3.615059757351696	0.4639045763987629	0.0301	3.589439122147729	0.46081223910612096	0.0301	3.44803655517091	0.1544123618647033	0.129	3.806134753219553	0.13553104689911047	0.023	3.8553550411411575	0.023856948070241593	0.2179	3.880414778599983	0.04205899236044321	0.1804	3.86003153546133	0.14654269764653272	-0.0119	3.6380717661179958	0.47167774836426796	0.0301	3.783807076973543	0.062379208488016126	0.129	4.192171423317214	0.1497021283814529	0.023	4.222323539083495	0.00796255409579744	0.2179	4.252463125068818	0.02877315248926166	0.1804	4.236815119209311	0.18141821996763413	-0.0119	3.1056423145144687	0.4551791195352642	0.0008	2.869555894937669	0.3784634396884376	0.0655	3.0222887557103486	0.3471194940052292	0.1076	3.1560008417822263	0.512414113360302	-0.01275	3.2374481025259105	0.25675416133031503	0.0702	3.2070687164715657	0.044050210613668594	0.1076	3.1066195746213263	0.42994438939035057	-0.01275	2.9867283789238552	0.19027650856181272	0.0702	2.855387725664227	-0.015082747025159597	0.1076
226	9.056200716845877	3.6301966761195197	0.4580915565659166	0.0301	3.601523706933673	0.4550398140932597	0.0301	3.435310198344927	0.1376802380195347	0.129	3.8073112873976944	0.13206817214440206	0.023	3.8696469221887426	0.01717562732191248	0.2179	3.895113249722129	0.0372519608686213	0.1804	3.8644897267817635	0.14498082555529918	-0.0119	3.650015309105468	0.46777502665981446	0.0301	3.783622005347534	0.05525238870961275	0.129	4.192931296232413	0.1469194821802707	0.023	4.2254947863948	0.0071183013247357926	0.2179	4.256093847873956	0.031315574226444334	0.1804	4.235227922151378	0.1815122853943918	-0.0119	3.1231025590333665	0.4489772813518572	0.0008	2.8882522597530094	0.3713803412712609	0.0655	3.040127377002958	0.34311060114857006	0.1076	3.1668037347887057	0.5054623941241294	-0.01275	3.2393990492193128	0.25228712035757045	0.0702	3.2083503392113997	0.04506967135005896	0.1076	3.1222485915187543	0.4255614509432211	-0.01275	2.9904796043927733	0.1855094738012897	0.0702	2.8556370808348817	-0.014615528491235546	0.1076
227	9.096272401433692	3.646354860946379	0.4533959785839048	0.0301	3.613898204378754	0.44886314044790565	0.0301	3.4439132255574556	0.13027904478104524	0.129	3.8066449232839337	0.1311218928530583	0.023	3.8917359916131007	0.018748190979719765	0.2179	3.910686927536674	0.03754410642110176	0.1804	3.874113339767791	0.14437771059514176	-0.0119	3.6693128597480364	0.46515276296998703	0.0301	3.7831127947612844	0.049614350919570366	0.129	4.193024190510285	0.14631606608719538	0.023	4.227751186378058	0.0033154090990697186	0.2179	4.258437330628312	0.028847417369475624	0.1804	4.23586488981902	0.18214164364058666	-0.0119	3.140505728036879	0.4481501729103593	0.0008	2.9055181707700273	0.3666090016103807	0.0655	3.0562929247149135	0.3388939851658486	0.1076	3.1844047302955074	0.5038397227988269	-0.01275	3.2388401276792926	0.25856582121647714	0.0702	3.208144338149487	0.04721072411717003	0.1076	3.1398253854235763	0.42574424658635496	-0.01275	3.000213261141488	0.18360823285235237	0.0702	2.8597069743341956	-0.009731151996529465	0.1076
228	9.136344086021506	3.664498236759839	0.45036936418544526	0.0301	3.6283707006989245	0.4434854225806043	0.0301	3.4540955426186124	0.13668318970970525	0.129	3.8086703555133123	0.13062203608131367	0.023	3.901867268190807	0.02457128062194746	0.2179	3.91466117340338	0.03984232467276643	0.1804	3.88332957119833	0.14088064165379233	-0.0119	3.695221348286938	0.4634024213053046	0.0301	3.783533967781963	0.045605191948406204	0.129	4.193840155767612	0.14687418214254516	0.023	4.227568548884093	-0.0013493046493878015	0.2179	4.258410482329977	0.025426769227698532	0.1804	4.235212184895665	0.18246163283535619	-0.0119	3.158370830479885	0.45233289861129533	0.0008	2.9201370779543905	0.37623046677795086	0.0655	3.071249218317639	0.33975144537799745	0.1076	3.2063973863543596	0.5048290861307806	-0.01275	3.24136160183675	0.26099222273748574	0.0702	3.206673524306654	0.044935064587104695	0.1076	3.1587657325135794	0.42752356824127297	-0.01275	3.0131845394266157	0.18462987731455474	0.0702	2.8669152976371564	-0.0002218711571983536	0.1076
229	9.176415770609319	3.6865005617081024	0.44984977973885604	0.0301	3.650177188176991	0.44306205925492503	0.0301	3.4532790282025587	0.153456530342939	0.129	3.8100603608009838	0.13010609043095053	0.023	3.903294040810135	0.029146139306341457	0.2179	3.914929716026383	0.042987866368894324	0.1804	3.8888135762558327	0.13747567926408233	-0.0119	3.7203828498304032	0.4608863323635257	0.0301	3.7842800640128083	0.047077242608552866	0.129	4.19616791061738	0.14705387590550906	0.023	4.230511010139185	-0.004795644991781897	0.2179	4.26041834387873	0.02339972005577184	0.1804	4.236515005254654	0.18188568855923692	-0.0119	3.1779235143435907	0.45835229714308495	0.0008	2.937243032756825	0.39588779485476505	0.0655	3.0880202433258774	0.3472955560377537	0.1076	3.2298108180239984	0.5079421217664329	-0.01275	3.2454033566542684	0.25349515573838755	0.0702	3.2045002712908177	0.03964909743913522	0.1076	3.17721915393841	0.42835343670969345	-0.01275	3.029514985704263	0.18654351220392731	0.0702	2.8791948118108444	0.01108627449068545	0.1076
230	9.216487455197132	3.7104344420446886	0.45116698178711684	0.0301	3.6772353480102455	0.44667282227122845	0.0301	3.4459619553823484	0.16832851620632253	0.129	3.8087636449473354	0.12758279227132674	0.023	3.9141385895779024	0.026461480483203598	0.2179	3.9249124600735885	0.039811640973759395	0.1804	3.8969403620472667	0.13533163292706854	-0.0119	3.7420399852053436	0.45694811124978807	0.0301	3.7845747573119017	0.05403148019579319	0.129	4.198759952040112	0.14693374902578069	0.023	4.232693724026929	-0.006775983055548071	0.2179	4.260633003267715	0.019414197961547083	0.1804	4.2409455190179415	0.1814633779122308	-0.0119	3.1968770798352493	0.4647339623460945	0.0008	2.95706027686576	0.41076715438926925	0.0655	3.108375923760637	0.3566486063674496	0.1076	3.251384720540769	0.5158098404969992	-0.01275	3.243803037971448	0.2476180368535255	0.0702	3.201892335152544	0.038200769864291675	0.1076	3.194472063590022	0.4303308098802832	-0.01275	3.055172681476707	0.1902692704726984	0.0702	2.902261437738988	0.021564449079790427	0.1076
231	9.256559139784946	3.733584788698689	0.4533802011196429	0.0301	3.704384795926362	0.4525318814847602	0.0301	3.446225155956876	0.17340598296406015	0.129	3.8122277099007498	0.12505017003113444	0.023	3.9371988944171608	0.02032592384659464	0.2179	3.9454782526623218	0.03253138272471218	0.1804	3.9126137992700434	0.13810617927280458	-0.0119	3.762242151104934	0.45218884051032665	0.0301	3.7845662573938186	0.06226036688714972	0.129	4.198505414014074	0.1462302978642928	0.023	4.22076138200564	-0.008179570454178848	0.2179	4.249183854213551	0.010981761568538776	0.1804	4.243328072580551	0.18192676064032653	-0.0119	3.2132953841570604	0.47048025945738164	0.0008	2.974556166540056	0.41811158354202876	0.0655	3.128075474154316	0.36414384520389187	0.1076	3.2658007741533863	0.5241553360116579	-0.01275	3.2363046437684253	0.24701972729754976	0.0702	3.1942273562427537	0.041693750232653766	0.1076	3.21339003586666	0.433992263805843	-0.01275	3.098096684004932	0.193582290135163	0.0702	2.9496194366921613	0.02573738565493157	0.1076
232	9.29663082437276	3.7520157155287652	0.45512723073272354	0.0301	3.727142581920949	0.4582578074867193	0.0301	3.472992870070497	0.1719788748034057	0.129	3.832318084982367	0.13206715578947822	0.023	3.9513970361126307	0.024334948360807296	0.2179	3.959032507414318	0.037173577291254825	0.1804	3.9311911900349306	0.15627727195477514	-0.0119	3.7799467620443825	0.4489992294433237	0.0301	3.7841584700792494	0.06832305836642767	0.129	4.19327349052396	0.14448334833951076	0.023	4.197113377213916	-0.00907472889360173	0.2179	4.230085673754563	0.0029602365616633944	0.1804	4.2392441197106185	0.18183090856443207	-0.0119	3.228510273152624	0.4755796079620316	0.0008	2.9892920829916676	0.42424887672847483	0.0655	3.1420262681222098	0.3709805238711303	0.1076	3.2724501738343785	0.5265171156560857	-0.01275	3.237217551506026	0.24388639824827021	0.0702	3.1854085333722075	0.04519106628285349	0.1076	3.2370327826482095	0.4393111386678378	-0.01275	3.161468751335987	0.19681773260461607	0.0702	3.0341047460385697	0.02329857904265474	0.1076
233	9.336702508960574	3.762974549611868	0.45319000293002887	0.0301	3.740884228062374	0.4579012412774754	0.0301	3.5122400395864264	0.17312039619353384	0.129	3.86173496925155	0.14957237407931853	0.023	3.9435588438266125	0.044636659578980796	0.2179	3.953828398928194	0.06054646319393232	0.1804	3.9431556309970834	0.18625603300245785	-0.0119	3.793690665344235	0.44864084136006643	0.0301	3.7828359499946576	0.06856267149376932	0.129	4.185817210712409	0.14314362363871908	0.023	4.182009321308761	-0.009442380074689333	0.2179	4.218311286204487	0.002087647429345116	0.1804	4.231477151362407	0.1803578575976084	-0.0119	3.244645968206444	0.482745057653438	0.0008	3.0052882965152268	0.4314423382056017	0.0655	3.1532847351788607	0.37818561932452727	0.1076	3.2798602179873306	0.528118398694696	-0.01275	3.2595606984031003	0.243071601219294	0.0702	3.1924446828627744	0.047039544343373846	0.1076	3.2642487944065754	0.45272814664719446	-0.01275	3.232572066735634	0.21711935762502782	0.0702	3.1316120342493803	0.029152199635777403	0.1076
234	9.376774193548387	3.7710143923388633	0.44511719026018975	0.0301	3.7454090950285526	0.44820309801582503	0.0301	3.5238341215985813	0.18437710066033072	0.129	3.875899275909929	0.16322972844691297	0.023	3.93008442175864	0.0667890153144176	0.2179	3.942874479330252	0.08351052924910553	0.1804	3.943320501063599	0.20632920251515527	-0.0119	3.8063522790536735	0.44651061971374023	0.0301	3.7806981545970686	0.060193976696324855	0.129	4.180410645798035	0.14338267246605	0.023	4.182115222538083	-0.010016321034213045	0.2179	4.214278325198162	0.007119217246745011	0.1804	4.2265134074456645	0.17903701708581998	-0.0119	3.262629571751217	0.491902057670801	0.0008	3.024584267953711	0.4390444093180283	0.0655	3.1681190082169954	0.3847216919782855	0.1076	3.2955971853392274	0.5334820211127176	-0.01275	3.291459095925633	0.24961939700486904	0.0702	3.2140250126951067	0.048670867566469225	0.1076	3.2918402131378217	0.4765405426190537	-0.01275	3.2981366097450344	0.26123439424913436	0.0702	3.209458964855128	0.05663265413828819	0.1076
235	9.4168458781362	3.7849056878326266	0.4339910050888659	0.0301	3.7514327610020315	0.43422184886125764	0.0301	3.5266412984172413	0.19323483111418652	0.129	3.8746725005381757	0.16424866780237224	0.023	3.9413920598730323	0.07530984629919005	0.2179	3.9522641248909003	0.08519828362925935	0.1804	3.950037709251544	0.2081852435524918	-0.0119	3.821447432007732	0.43870114596127235	0.0301	3.7785745303929934	0.04706286015056107	0.129	4.175577489498847	0.1438474857100332	0.023	4.18604996004885	-0.009673511819382892	0.2179	4.207474083172773	0.013281176212481628	0.1804	4.224249542913189	0.1788963327341365	-0.0119	3.2830932639088934	0.498152681024689	0.0008	3.046964229019551	0.4473411059379335	0.0655	3.1877564742504068	0.3913473083637836	0.1076	3.318037104279163	0.5351024912715382	-0.01275	3.310398915676222	0.2520803874515366	0.0702	3.2253432099635413	0.048228084415583766	0.1076	3.320035280638245	0.5000056586631911	-0.01275	3.3700875826077654	0.29847013387503185	0.0702	3.29079926070866	0.09981797450707916	0.1076
236	9.456917562724014	3.8086433083383273	0.424918956891165	0.0301	3.775142636999485	0.4224290174318315	0.0301	3.5915936533777155	0.17268094106187876	0.129	3.896207631313739	0.15872126954455987	0.023	3.9994212668868934	0.07502681411843629	0.2179	4.005438766205457	0.07406868191686375	0.1804	3.9984379303926185	0.20514386334654197	-0.0119	3.8393772706909015	0.4272768546934476	0.0301	3.776775041775659	0.03468500490224134	0.129	4.166511279485159	0.14366923562382014	0.023	4.187747073801461	-0.005106479652168156	0.2179	4.200181491466879	0.020478956969862443	0.1804	4.216052883134741	0.17954065700589666	-0.0119	3.305967047669368	0.49965794286840803	0.0008	3.069970198575908	0.45650677207209056	0.0655	3.2078825984666923	0.39927647542019945	0.1076	3.342015226155317	0.5322856514818209	-0.01275	3.3168436263308627	0.24602434369483714	0.0702	3.220898090429298	0.04473754994538029	0.1076	3.349363909335455	0.5120461761081343	-0.01275	3.450033544340667	0.30263618295401923	0.0702	3.3896168583044495	0.12931850479390958	0.1076
237	9.496989247311829	3.8384721798092833	0.41783846020439297	0.0301	3.8171596411329443	0.41213408904996046	0.0301	3.70674455561534	0.13029860581285346	0.129	3.9692379231329977	0.15488024507972695	0.023	4.08440235823454	0.07355728366206392	0.2179	4.088731569502354	0.06907901340260691	0.1804	4.079441856053941	0.2067933892919893	-0.0119	3.8592957461628377	0.41417804682331794	0.0301	3.774962212104532	0.02318127228931363	0.129	4.1537095016679855	0.14435082820088044	0.023	4.1885433965100285	0.0023373783715352416	0.2179	4.199504593894759	0.02729240418998644	0.1804	4.199561001903916	0.18056115653983562	-0.0119	3.3305996535124236	0.49967050613297737	0.0008	3.091627511630376	0.46563732590305784	0.0655	3.2259810580216435	0.40505769637034167	0.1076	3.3649849079683443	0.5326214595930353	-0.01275	3.324156893625916	0.24079424356071152	0.0702	3.2170688297992385	0.04196609216594367	0.1076	3.37786438504672	0.5120750929194816	-0.01275	3.5038435288928316	0.28760567264918285	0.0702	3.456516587007739	0.11535854909010296	0.1076
238	9.537060931899642	3.867223246080174	0.4085789443461772	0.0301	3.860018560373543	0.39942014998580694	0.0301	3.7819174279873935	0.09988485020902362	0.129	4.062814265170734	0.15505165317168143	0.023	4.146433642126378	0.06556943479163624	0.2179	4.151227070011718	0.07041563965444111	0.1804	4.139983047176818	0.2101180231183855	-0.0119	3.8795138168678003	0.3982768736826392	0.0301	3.7733658910383836	0.012046485047916543	0.129	4.1435500441257505	0.14633756627767858	0.023	4.18897726952757	0.006973564421992122	0.2179	4.201112743080049	0.02893510856153534	0.1804	4.186877742141762	0.18103949221153187	-0.0119	3.3567564480270415	0.5001769313602034	0.0008	3.114083707503634	0.47216296147342407	0.0655	3.2462579877174256	0.4052587304676129	0.1076	3.3867155655628003	0.5323937902334114	-0.01275	3.3348327355995955	0.23851531129179007	0.0702	3.218552885197564	0.04164237152540682	0.1076	3.4054058547119386	0.5073006781053959	-0.01275	3.5167019544828766	0.27596187327360766	0.0702	3.4704820631281965	0.07617218968387815	0.1076
239	9.577132616487456	3.8895566760126816	0.3954363732323445	0.0301	3.8911083801017026	0.3842091958049189	0.0301	3.795649269418929	0.08215328418958177	0.129	4.119706077474676	0.15658108586401218	0.023	4.171487091544096	0.05032668427768549	0.2179	4.173167289118333	0.06990718019748134	0.1804	4.162683120130168	0.21164594638139134	-0.0119	3.8966855820400377	0.3811668012363567	0.0301	3.7721408295828875	0.003171862582688587	0.129	4.139666224546278	0.14790916340313687	0.023	4.187771084917741	0.009016115629683531	0.2179	4.198466378131168	0.0273390912390253	0.1804	4.1857563741306105	0.1807929548650774	-0.0119	3.3835040135909824	0.5006648348594159	0.0008	3.1389494643436473	0.47553569050275574	0.0655	3.270740237648702	0.40448698485279955	0.1076	3.4088892005614	0.5243643123584092	-0.01275	3.346848964265051	0.23333379665389775	0.0702	3.2199238081361257	0.041138792210033366	0.1076	3.433152354531129	0.5077731867226194	-0.01275	3.514254094939539	0.2716994904441373	0.0702	3.467075125345624	0.05528804473640403	0.1076
240	9.617204301075269	3.9064648050091195	0.3831898399788586	0.0301	3.913160849492031	0.37072399238141807	0.0301	3.793535428852486	0.06214183542615596	0.129	4.129217472418435	0.15664664417345392	0.023	4.179432898470204	0.0410315346037252	0.2179	4.177672874348901	0.06517567039308027	0.1804	4.167176361228759	0.2122166311567333	-0.0119	3.9100280612963605	0.3687711586350892	0.0301	3.770644365611052	-0.0019859043395639435	0.129	4.138039722202011	0.14784105720749924	0.023	4.181880054605158	0.014057271099411198	0.2179	4.19257686546923	0.02986243064273482	0.1804	4.18640662573475	0.18099589436381394	-0.0119	3.409011567615528	0.5028677854875863	0.0008	3.1645160734118374	0.4831602879724464	0.0655	3.2932654509468993	0.4105517973046442	0.1076	3.4345057859174943	0.515788727497598	-0.01275	3.3591689612729403	0.22725564810347604	0.0702	3.2198649186988195	0.04049888712004085	0.1076	3.4597995558086048	0.5172210727459368	-0.01275	3.516222489099066	0.2697857032318168	0.0702	3.469039182374585	0.055167238938188194	0.1076
241	9.657275985663082	3.9229151567845917	0.3763297293364388	0.0301	3.9333076970031415	0.36240770516538	0.0301	3.793597576953014	0.04765764981733629	0.129	4.119651042631526	0.1560572924893471	0.023	4.180614568880923	0.04604394898991571	0.2179	4.17919323133641	0.059719629771395825	0.1804	4.162263241272305	0.21330471981863128	-0.0119	3.922572441591611	0.3614517109631987	0.0301	3.7685859073114383	-0.004361162405277107	0.129	4.133693389476701	0.14581497438449656	0.023	4.17270180599538	0.022434249781239098	0.2179	4.188079847023034	0.0367125992619897	0.1804	4.179461441194266	0.18145021345610599	-0.0119	3.432545311121103	0.5107652896635276	0.0008	3.1889148508312526	0.5031198233572396	0.0655	3.309498745261411	0.42560378557204037	0.1076	3.4620168475429995	0.5204747409780777	-0.01275	3.368648910537518	0.2312337693279162	0.0702	3.218200209125257	0.0466383237827151	0.1076	3.4838282387903137	0.5285657750028919	-0.01275	3.5200917972548407	0.2673365997778776	0.0702	3.4731246515043885	0.052749324644930255	0.1076
242	9.697347670250895	3.9381703716938086	0.372306912063798	0.0301	3.9486558346682177	0.3573212195052848	0.0301	3.7888421273954864	0.04842235193336572	0.129	4.108245913809018	0.15548783463276422	0.023	4.177549513122956	0.06242160834378762	0.2179	4.17616356958912	0.06413304779953284	0.1804	4.148406739560311	0.21527784806493153	-0.0119	3.9361693011006516	0.3532632433787742	0.0301	3.7662101549040266	-0.0068369101499603955	0.129	4.12851961197018	0.14276757507575977	0.023	4.166966352014136	0.025704119946877692	0.2179	4.18721511515226	0.03997134339160696	0.1804	4.170657386754583	0.18140428356510033	-0.0119	3.45348590076555	0.5249119105568893	0.0008	3.2111285855751968	0.5333312704939898	0.0655	3.3224701941806574	0.44622499633169077	0.1076	3.4829554554224305	0.5381519541521207	-0.01275	3.373572687349969	0.24962608290132016	0.0702	3.214610493367657	0.06584506331559715	0.1076	3.5061213577378756	0.536100623916266	-0.01275	3.5223993955390163	0.2645598090775033	0.0702	3.475153013240813	0.04367707654314126	0.1076
243	9.73741935483871	3.9479136671108206	0.3690165649110845	0.0301	3.953507954916971	0.35279432526674737	0.0301	3.785602844519898	0.05448047869438763	0.129	4.098335455426285	0.15233138091077533	0.023	4.174268884439665	0.08305469873593578	0.2179	4.172603300069385	0.07976781990563728	0.1804	4.13157871714259	0.2163630636105354	-0.0119	3.9493562867219967	0.3446571863094315	0.0301	3.764482880923284	-0.009967173417747154	0.129	4.127812120044133	0.14082690741164827	0.023	4.166391835553414	0.01833788021925919	0.2179	4.188579876316192	0.03577822172037041	0.1804	4.168403360612201	0.18111560465091492	-0.0119	3.4703818611932165	0.5420273056881417	0.0008	3.2298609586442537	0.5675505285079651	0.0655	3.335204264547389	0.4691744249375838	0.1076	3.4954367156591153	0.5571737784537644	-0.01275	3.37842614977042	0.2733724506894462	0.0702	3.214094805557512	0.09308905869720058	0.1076	3.526132318222765	0.5406774964484433	-0.01275	3.524554925731137	0.2618695116173143	0.0702	3.4746914081492237	0.036647962090309086	0.1076
244	9.777491039426524	3.954045322174199	0.36809957132628646	0.0301	3.956323143297823	0.35123960184730096	0.0301	3.7962904368364705	0.04800830589885239	0.129	4.096727354633903	0.14613588387540458	0.023	4.175039857636292	0.09709293764886072	0.2179	4.176529617984727	0.08856995449562778	0.1804	4.1258761041715495	0.21584323373322065	-0.0119	3.9576858204114416	0.34047541040456775	0.0301	3.763839285667833	-0.011690177082282208	0.129	4.130539895969756	0.14040154698807925	0.023	4.167345457290689	0.009428735820872456	0.2179	4.189879606204398	0.029671004839040144	0.1804	4.170210494963626	0.18085263830361661	-0.0119	3.4841077143148307	0.559969516551946	0.0008	3.243593059923258	0.6020119299024862	0.0655	3.347166762164123	0.49340656351868806	0.1076	3.5105259494042467	0.5746383468944039	-0.01275	3.392281163463025	0.292089539661606	0.0702	3.225084830260993	0.11658801400322921	0.1076	3.5402231025691497	0.5420537525091823	-0.01275	3.5251343505927237	0.2592968064316999	0.0702	3.47255849285287	0.03523098691693073	0.1076
245	9.817562724014337	3.9592186738977713	0.3688513114533866	0.0301	3.962897289935191	0.354941643816612	0.0301	3.7966313061055774	0.05728635523652671	0.129	4.102551223520263	0.14072968401738867	0.023	4.178131867564664	0.10405452584648035	0.2179	4.184644399539454	0.08574093336932383	0.1804	4.136785100495525	0.21699494594546398	-0.0119	3.9582850568456194	0.339406202103887	0.0301	3.762147495917924	-0.011853420379236765	0.129	4.129754698546762	0.13985816191780323	0.023	4.168368966748066	0.007498042272981961	0.2179	4.19037179468753	0.026845401741403947	0.1804	4.168711477938981	0.18101621974302523	-0.0119	3.496960084387046	0.5784948966043411	0.0008	3.25350979559044	0.6334055985333046	0.0655	3.356722652815863	0.5172614519893713	0.1076	3.5339998484594903	0.5937924188336646	-0.01275	3.4193934218226354	0.3055968928867182	0.0702	3.2522064921964633	0.13168015833898564	0.1076	3.547962907223179	0.5424052715841837	-0.01275	3.522922006317699	0.26040174011010786	0.0702	3.4712956383992197	0.037733890317936655	0.1076
246	9.85763440860215	3.960353744555773	0.3680941737880949	0.0301	3.9610365986899487	0.3601850863110382	0.0301	3.7339471109227356	0.15327923104550922	0.129	4.093628806187064	0.138675831667235	0.023	4.1657403131902315	0.1102733049374069	0.2179	4.176645937238925	0.09202562304954157	0.1804	4.142070870390971	0.21878322268046912	-0.0119	3.9563630633827653	0.3369524099190245	0.0301	3.7586379454287484	-0.011133936166748782	0.129	4.1242893394786515	0.13804994202738632	0.023	4.170233992747863	0.006445414431720494	0.2179	4.190564473641204	0.025561731137479272	0.1804	4.164813688097124	0.18108189608243663	-0.0119	3.509158893370774	0.5963860492593503	0.0008	3.2644546897648645	0.6619517626405014	0.0655	3.3638636367339845	0.540840186850097	0.1076	3.5591752104954244	0.6129735525329122	-0.01275	3.459829501041819	0.3199632459831584	0.0702	3.300481205126197	0.14143877134210942	0.1076	3.5533676165195343	0.5474886696804371	-0.01275	3.5206374392403963	0.2691432215019753	0.0702	3.471354158287664	0.04165298329705934	0.1076
247	9.897706093189964	3.957600627577575	0.36460357068193827	0.0301	3.948499397038855	0.3625944144387409	0.0301	3.6267636247815482	0.3105931790781892	0.129	4.052438053494163	0.13782937312227433	0.023	4.131107326910053	0.10986627109862564	0.2179	4.139398418020287	0.11506895598400094	0.1804	4.12212008232268	0.2127698460912082	-0.0119	3.958079887297032	0.33264950771168084	0.0301	3.7557424536635904	-0.009213159698588146	0.129	4.120162531218152	0.13523580525982581	0.023	4.1719837192709015	0.0023307307156747586	0.2179	4.190721140055574	0.023682965731183406	0.1804	4.164741750162506	0.1789824439166592	-0.0119	3.520324954823626	0.611410557533766	0.0008	3.2787287533940934	0.6891898813310056	0.0655	3.3713971211662632	0.566091143296492	0.1076	3.5806325566110093	0.6303463957591148	-0.01275	3.5105673300697338	0.33605154089075956	0.0702	3.3716066718924473	0.14737640294579823	0.1076	3.558096574945534	0.5551740191677482	-0.01275	3.519870758151897	0.27998284887807073	0.0702	3.469180346553712	0.041556181079808824	0.1076
248	9.937777777777779	3.956191022879452	0.36142144011880817	0.0301	3.9426879070280134	0.36285675401594353	0.0301	3.5651656335511595	0.40682851626900185	0.129	3.9936264633927725	0.1324823520429251	0.023	4.105704974683134	0.09853712851487118	0.2179	4.090557636542099	0.13415601904851307	0.1804	4.092574590358137	0.1967276871959738	-0.0119	3.9614405544174622	0.3297182394119721	0.0301	3.7542065226938486	-0.007775057046863737	0.129	4.119637643879096	0.13321792733420088	0.023	4.1699339049080795	5.4181554689484816e-05	0.2179	4.190196992129488	0.02222600652317833	0.1804	4.16619960326328	0.17513742761511636	-0.0119	3.5298948787592876	0.6229140277120372	0.0008	3.2916893108349687	0.7104242972360465	0.0655	3.3803220809240866	0.5875695954120008	0.1076	3.59760656143108	0.6448069583462904	-0.01275	3.551781382291628	0.3465371190121342	0.0702	3.441592482678752	0.14924387464863384	0.1076	3.5614934591520004	0.5590552839441376	-0.01275	3.5208114361559284	0.28362692054758903	0.0702	3.4643650134187727	0.036376612530646744	0.1076
249	9.977849462365592	3.957157403353769	0.3606083820748911	0.0301	3.949872664971501	0.36291880996207854	0.0301	3.572393652061435	0.41241679558449196	0.129	3.941169079682661	0.12183352676206002	0.023	4.080452089712722	0.07992321374396781	0.2179	4.05170928491113	0.13389260755323515	0.1804	4.076402232167749	0.180305363298202	-0.0119	3.9631532292809037	0.3287721732461147	0.0301	3.7531863063877355	-0.008435086958543024	0.129	4.119814041387821	0.13402802935641178	0.023	4.164002962348536	0.0006866542807614635	0.2179	4.188640527447228	0.021526424437639052	0.1804	4.16388539995004	0.17302691876773338	-0.0119	3.5369611504693546	0.6312446544438263	0.0008	3.2998676734935852	0.7227449039866888	0.0655	3.3883204267320544	0.5980508576644733	0.1076	3.610387678687849	0.6539060193674578	-0.01275	3.566119554935192	0.3479994870030779	0.0702	3.4794735816332043	0.14884068685064905	0.1076	3.564940835560837	0.5596919395283664	-0.01275	3.524441748811788	0.2822140127530743	0.0702	3.4619642989096784	0.035745051377926614	0.1076
250	10.017921146953405	3.9588891281425145	0.35862713531831514	0.0301	3.9587024571814435	0.36217267458765806	0.0301	3.5913005931836053	0.3973475267022447	0.129	3.900517764033949	0.1144301221770231	0.023	3.9771503677066846	0.06433881589032012	0.2179	4.029995599859726	0.12449748755706395	0.1804	4.074793323857643	0.1722103828055294	-0.0119	3.964177269259167	0.32672332975297635	0.0301	3.75283964949757	-0.008381209978014469	0.129	4.119263119984354	0.13633929508353196	0.023	4.161928877425526	0.0013897355655654072	0.2179	4.187674778170343	0.020355982020165253	0.1804	4.161125494026412	0.1730355337307008	-0.0119	3.542692081698609	0.6349897857168781	0.0008	3.3071698687182023	0.7311558609471062	0.0655	3.394935229578106	0.6027960590386326	0.1076	3.6200803105587624	0.6580109770428462	-0.01275	3.5667256999995285	0.34678668384106204	0.0702	3.49057757239314	0.1469541431794419	0.1076	3.5690914488642926	0.5596446806772758	-0.01275	3.5292790936712466	0.2830594231004747	0.0702	3.4646657874374287	0.04160318686459553	0.1076
251	10.057992831541219	3.961891191359545	0.35341506727732025	0.0301	3.960890396325063	0.36008397535833536	0.0301	3.590064331966052	0.3961223713769388	0.129	3.870631837884078	0.11471824079734297	0.023	3.8144742067085686	0.05656668111954528	0.2179	4.017474124451681	0.11938905094654671	0.1804	4.077553212636364	0.1713507888862686	-0.0119	3.966029081337788	0.32363582007218805	0.0301	3.752986195293714	-0.00557475772335314	0.129	4.118842290582196	0.13713102003602642	0.023	4.167472852012581	0.001450169738463533	0.2179	4.188276373484053	0.01847015282390938	0.1804	4.161671885882996	0.17263305352674488	-0.0119	3.5481012246757797	0.6333575467410943	0.0008	3.3157128458085947	0.7378545117324332	0.0655	3.4002243677437387	0.6093850249401398	0.1076	3.625656508800346	0.6581695380678432	-0.01275	3.570067145978392	0.3460834070823906	0.0702	3.497500440962485	0.14274220526217477	0.1076	3.57244065162567	0.5583738836654344	-0.01275	3.53301869185014	0.28494889385612054	0.0702	3.4691393367155476	0.04391980742388735	0.1076
252	10.098064516129032	3.965083008877192	0.34817108348321607	0.0301	3.957564685598297	0.35734845122422004	0.0301	3.5834847845096105	0.4019631430227118	0.129	3.8561116572665965	0.11662997256077698	0.023	3.718877974326067	0.04604720613981838	0.2179	3.9926088591051294	0.12165568762343695	0.1804	4.0769684927823535	0.17189643416526773	-0.0119	3.96957689120201	0.32242908664351494	0.0301	3.753008729680104	-0.003223556001241077	0.129	4.118908022773269	0.13668997351002876	0.023	4.172445587243363	0.0013905868852350867	0.2179	4.1887587344427875	0.017207886823125608	0.1804	4.163725210976886	0.1717607308800805	-0.0119	3.551852854815631	0.6294934316630434	0.0008	3.32149329139561	0.7398325942200196	0.0655	3.4028371655070235	0.6136972031641362	0.1076	3.626520763053362	0.6526728814412456	-0.01275	3.5741041163465397	0.342353067554368	0.0702	3.5026814773076356	0.13650360101761685	0.1076	3.575512018792839	0.5565290570297982	-0.01275	3.5368134041857777	0.2850573218483163	0.0702	3.471914999161904	0.04129556438049328	0.1076
253	10.138136200716845	3.9662284971963877	0.3453461764645933	0.0301	3.9557938549415397	0.35346871956638926	0.0301	3.58820490803033	0.4127479249884	0.129	3.8600776264533465	0.11665964063225744	0.023	3.718994331288861	0.04762422989727918	0.2179	3.9791570825601243	0.13134770401071807	0.1804	4.077436011597539	0.17156466973728235	-0.0119	3.9747949282992643	0.32291105781789137	0.0301	3.752597223339847	-0.003267972561265741	0.129	4.118909914516625	0.13634965430102397	0.023	4.170915746911656	0.0007959401981453718	0.2179	4.1884260806223	0.01717012796300954	0.1804	4.165034912612584	0.17123843375321351	-0.0119	3.5543360662303867	0.6263001175979455	0.0008	3.3234618374281446	0.7367812878780398	0.0655	3.404281714350101	0.6099803949843158	0.1076	3.6261442429189215	0.6421447544894208	-0.01275	3.5746443351977484	0.33404989960431936	0.0702	3.500296678737773	0.12762740668625053	0.1076	3.5801288099639867	0.5559404088925645	-0.01275	3.54136229438163	0.2851106084557735	0.0702	3.4734343136759596	0.04027125973568723	0.1076
254	10.17820788530466	3.9667370209764887	0.3449270347272287	0.0301	3.9611885024722726	0.34890591899930995	0.0301	3.599890678840772	0.4170482191733105	0.129	3.8756757807181095	0.11766272644657078	0.023	3.7451610272589497	0.0730496904878275	0.2179	4.019832792493523	0.1325457116593514	0.1804	4.087405444625836	0.17249686262745317	-0.0119	3.980124035679906	0.3232774007875376	0.0301	3.751661467556071	-0.0034096660123387385	0.129	4.119253314580125	0.13561670386046032	0.023	4.167875506512031	-0.0012084393874022001	0.2179	4.188472213798238	0.017575237023855144	0.1804	4.16472488106174	0.17099744098970612	-0.0119	3.557987174074279	0.6221291793928104	0.0008	3.3257415961530024	0.7313187623959739	0.0655	3.4068179268467573	0.6022566346141728	0.1076	3.625862946583179	0.6318848636481159	-0.01275	3.5738130909900354	0.323637109064618	0.0702	3.495331485022833	0.11541495025284021	0.1076	3.5849790347512176	0.5559936967872187	-0.01275	3.544860031830928	0.2846995632629307	0.0702	3.4749545197049043	0.041837654694469366	0.1076
255	10.218279569892474	3.969018572856355	0.3465166941555267	0.0301	3.968395479015996	0.34735677907314616	0.0301	3.6051587434130528	0.3962313282611824	0.129	3.8857348402545444	0.11884483458775608	0.023	3.761107619070536	0.0874963666539211	0.2179	4.07266670373757	0.10068725468325505	0.1804	4.098678402969494	0.17314865760468204	-0.0119	3.983668292453106	0.32356632512436545	0.0301	3.750955792891432	-0.003215973468310352	0.129	4.120949406013591	0.13464024127075816	0.023	4.167336065893298	-0.003607216304896913	0.2179	4.189055966397177	0.01780180978955969	0.1804	4.163300109957074	0.17161772222385113	-0.0119	3.5620183698136767	0.615624045144611	0.0008	3.3298441313348914	0.7254784771584533	0.0655	3.4086926712387062	0.5976564313350855	0.1076	3.6236958035692224	0.6260551065230819	-0.01275	3.575625533767935	0.3156152528543526	0.0702	3.4952658596044786	0.10457910738387151	0.1076	3.587218867073833	0.555063564016876	-0.01275	3.5468698088215636	0.282080808526599	0.0702	3.4762908534050796	0.04322191141052133	0.1076
256	10.258351254480287	3.9709159205657762	0.34887359919962113	0.0301	3.968721887420877	0.3502325919044481	0.0301	3.6025835225133362	0.3689311465570413	0.129	3.8802080714904736	0.11560184945701962	0.023	3.7670444801373244	0.07673070568507152	0.2179	4.078273973978058	0.04991274267458131	0.1804	4.097242252493191	0.16740889510387155	-0.0119	3.984112709794459	0.3244482775476713	0.0301	3.7517502298736916	-0.004298091022225534	0.129	4.1230908209125445	0.13459537398339128	0.023	4.166931551908309	-0.003134982951339039	0.2179	4.1890619165716085	0.017861897454887865	0.1804	4.162174139829539	0.17234159960315412	-0.0119	3.5628864473755044	0.6109033277701902	0.0008	3.3323992537705713	0.7211192694660472	0.0655	3.4076570606673426	0.5972303697827693	0.1076	3.621335624955117	0.6235674913344431	-0.01275	3.579384977766508	0.3120205379948525	0.0702	3.497968622354239	0.101707048509065	0.1076	3.5874120002588987	0.5542341110214056	-0.01275	3.5478013654537817	0.2792581024523112	0.0702	3.4767627172085827	0.044499698315673845	0.1076
257	10.2984229390681	3.968720099240177	0.3501861016471236	0.0301	3.9622483861929196	0.353786528862739	0.0301	3.5999029245813388	0.3644211941779428	0.129	3.8679353206030305	0.10849997485534262	0.023	3.766882369315127	0.05472391994717956	0.2179	4.056701230256148	0.020656395859456413	0.1804	4.0838743637655135	0.15814854213471227	-0.0119	3.9822499593755873	0.32553465305649476	0.0301	3.754114305621812	-0.005790204197959653	0.129	4.123724942712317	0.13560048670068048	0.023	4.165368775037061	0.00013629313570514572	0.2179	4.18843043949646	0.017890171734343725	0.1804	4.161991762415922	0.17197178475335728	-0.0119	3.560816492196512	0.6126347645925394	0.0008	3.332950762939644	0.7219249337442171	0.0655	3.4052467472819714	0.600278331632054	0.1076	3.622447731975823	0.6226853740132275	-0.01275	3.579796589319505	0.31259976383939997	0.0702	3.498274942029327	0.10609194090864914	0.1076	3.588091990418423	0.556662470578833	-0.01275	3.5477049226247814	0.2797065511568558	0.0702	3.476815154087249	0.047571865666900415	0.1076
258	10.338494623655913	3.963608159903823	0.3492817791256445	0.0301	3.9541514410170797	0.3550677991081863	0.0301	3.5994125399139807	0.3647807210586648	0.129	3.86511651113993	0.1049034093070965	0.023	3.764994473640328	0.027034230680903052	0.2179	4.040553214225944	0.018152033208908017	0.1804	4.069008528720949	0.16071203960090868	-0.0119	3.980030399052589	0.32664364640113625	0.0301	3.7560328255685946	-0.006314930148312415	0.129	4.1226132551166375	0.1365176260818133	0.023	4.164681208480935	0.0017399802899664173	0.2179	4.188344045661992	0.017850398510549318	0.1804	4.16204217601062	0.17190507787799314	-0.0119	3.5605517256022923	0.6199550041233114	0.0008	3.3376210871282694	0.7318928354637994	0.0655	3.404756011045044	0.6109942313256892	0.1076	3.625594830651095	0.6256570285724846	-0.01275	3.5775368892198793	0.32033211382839105	0.0702	3.499160004799109	0.11210357275600524	0.1076	3.589670980350394	0.5637096912481452	-0.01275	3.548893421483158	0.28596162181111723	0.0702	3.4796327887470455	0.051723254820604136	0.1076
259	10.378566308243728	3.9595152920635113	0.3466393325063455	0.0301	3.9484336156775757	0.3554326725302094	0.0301	3.599870201014891	0.35065100847972636	0.129	3.87944070432347	0.10989851590377432	0.023	3.763175281874386	0.013353056730112608	0.2179	4.003325700947162	0.019730201747171307	0.1804	4.060763254067172	0.18009516806007989	-0.0119	3.976823005829395	0.32911286909110177	0.0301	3.755223292304517	-0.006472872523703961	0.129	4.121151846566647	0.1363079630360529	0.023	4.167496895920254	0.0013003499789138232	0.2179	4.189271279771726	0.01788109802330379	0.1804	4.161173919960949	0.17270331806062164	-0.0119	3.5641580155156145	0.6300426740065589	0.0008	3.348987274271219	0.7508949319557844	0.0655	3.4065979708784746	0.6327873640290488	0.1076	3.626725349308002	0.634569903518877	-0.01275	3.581801287894356	0.3354548486555035	0.0702	3.504610375580358	0.1183932332432366	0.1076	3.591311503633846	0.5751469581547252	-0.01275	3.554745560643017	0.2991322848456086	0.0702	3.4875901251450707	0.056338688087600404	0.1076
260	10.418637992831542	3.9572863002464826	0.34463807931106494	0.0301	3.9462181009548596	0.35625920304203323	0.0301	3.6008886995032166	0.34334009182903785	0.129	3.897687307923637	0.1176015992478743	0.023	3.759208932565185	0.024350133992404474	0.2179	3.935508473929988	0.020415746793950303	0.1804	4.0640333920579295	0.19683926244580668	-0.0119	3.971294753208658	0.3331414428303107	0.0301	3.752276667173462	-0.006520595204650412	0.129	4.120483576236665	0.13483640349901505	0.023	4.174332703087329	0.0020356539170965676	0.2179	4.191165144830987	0.018442907827280166	0.1804	4.1597166836970825	0.17287683945918284	-0.0119	3.5681864588824164	0.6426601126528179	0.0008	3.360558621634749	0.7745886688895528	0.0655	3.407429656096856	0.6610727801653942	0.1076	3.6247900424834096	0.646215363840587	-0.01275	3.5952085843131667	0.3473871379499784	0.0702	3.5096270979825013	0.12275279833581958	0.1076	3.5928311120293213	0.591886016273381	-0.01275	3.5663145959254607	0.3156196875509343	0.0702	3.496724778087874	0.06343531974636707	0.1076
261	10.458709677419355	3.9536752817367455	0.3452199477735277	0.0301	3.9421620459478306	0.3559109220266588	0.0301	3.5979642558046723	0.34930668274949983	0.129	3.900341477377586	0.12217601650212247	0.023	3.748359517983924	0.03924393259875223	0.2179	3.9298063123323383	0.0303978506734573	0.1804	4.083900202255783	0.19783678518581824	-0.0119	3.964002112626833	0.3375102150377336	0.0301	3.7502188676567547	-0.005805396521855271	0.129	4.119626681371311	0.1332890706583231	0.023	4.182124262666297	0.0035197910904695433	0.2179	4.192918485729272	0.01950654976784023	0.1804	4.159125044429234	0.17343752506281856	-0.0119	3.5692605649590687	0.657355172573322	0.0008	3.3680520377486647	0.7987203005593766	0.0655	3.4057846380356085	0.6873715025709596	0.1076	3.618209246330013	0.6529280786972509	-0.01275	3.6030853400563316	0.3466631238369551	0.0702	3.509358598040504	0.11577324610262348	0.1076	3.5954262089827043	0.6135399628811715	-0.01275	3.587642516616536	0.3307002523259184	0.0702	3.5096306325209894	0.0789047282876223	0.1076
262	10.498781362007168	3.945252303098557	0.34829930414330557	0.0301	3.9260185005670136	0.35413736620900754	0.0301	3.5868716469718214	0.33964643244393766	0.129	3.89130662496235	0.12915900616540305	0.023	3.7318109454365382	0.04782501161658016	0.2179	4.0312285283325	0.04722239872343753	0.1804	4.1131051770917155	0.19851556295903583	-0.0119	3.9550835460435203	0.34260946223346567	0.0301	3.750198964150161	-0.005205485792705872	0.129	4.117136140670818	0.1343384954699534	0.023	4.187056453694191	0.004139045181855694	0.2179	4.192760869234504	0.019954877153572796	0.1804	4.159554202414747	0.1776421253379892	-0.0119	3.568191961068333	0.6716336219565251	0.0008	3.376080982308551	0.8207699524423342	0.0655	3.4055816191496278	0.7073628709482856	0.1076	3.6042671677686093	0.6504724568154959	-0.01275	3.592712782537481	0.3405680340524928	0.0702	3.507100174129317	0.09885211053027018	0.1076	3.6005692724854055	0.6361116413256969	-0.01275	3.6267798682669987	0.34881362255172216	0.0702	3.549417731488687	0.11608939317298402	0.1076
263	10.538853046594982	3.932501058750561	0.35206392469340503	0.0301	3.896003371960621	0.35401277983421714	0.0301	3.5720146111119435	0.3067701536373658	0.129	3.8862802602810906	0.13922193285209425	0.023	3.723722720376748	0.056177424528443945	0.2179	4.12579412945744	0.055473757249134115	0.1804	4.126595385094282	0.21120759685172324	-0.0119	3.9451560208503946	0.3479213992690848	0.0301	3.7510442802582427	-0.006887143813094005	0.129	4.115772379976805	0.1392399498582162	0.023	4.186341773363393	0.004434076579700721	0.2179	4.1916574357329495	0.01893939990658575	0.1804	4.160248045876098	0.18526524855584267	-0.0119	3.5675594910973443	0.6844662804442384	0.0008	3.3876900850053135	0.8395686553211799	0.0655	3.4095056220409066	0.7224943514755449	0.1076	3.5877951054248385	0.6456723564922903	-0.01275	3.574049971634181	0.3408522078222539	0.0702	3.50586826889275	0.08806683869794159	0.1076	3.6072604134671273	0.6550674469207711	-0.01275	3.6793627420053334	0.377968808983225	0.0702	3.626687516400423	0.17344959510313718	0.1076
264	10.578924731182795	3.917722215338864	0.35343009881633136	0.0301	3.862785549469991	0.3544282099226893	0.0301	3.559866436183463	0.27677619528429515	0.129	3.8864700104592216	0.14161600241724087	0.023	3.7349446879790027	0.05599100825074101	0.2179	4.137785242973092	0.04763617570900841	0.1804	4.1149338876272585	0.22546162553097776	-0.0119	3.9363334026281094	0.34997850348888176	0.0301	3.752871774419053	-0.010673325436873547	0.129	4.118879480568913	0.14504215914089438	0.023	4.179171781573726	0.0046087710352583095	0.2179	4.191256158587017	0.017238369614143906	0.1804	4.161354357425012	0.19107256578201415	-0.0119	3.567049584345797	0.6970579781067864	0.0008	3.397162333516877	0.855763796983694	0.0655	3.413645336341225	0.7361827111979199	0.1076	3.5771963561489444	0.6457099822123806	-0.01275	3.562645380980732	0.3452075238874598	0.0702	3.504548244218845	0.08748852832363298	0.1076	3.6131384777328437	0.6686676743056	-0.01275	3.72834111594554	0.416959487070278	0.0702	3.71230834576866	0.2213487391373385	0.1076
265	10.61899641577061	3.903460635993359	0.35101774898631577	0.0301	3.8370505294713477	0.3502332359723279	0.0301	3.5518183613453185	0.265055437401887	0.129	3.885361478905428	0.13350611689836558	0.023	3.755895706100872	0.03802383832463213	0.2179	4.121437407987919	0.030404535601640564	0.1804	4.098641774764087	0.23083679821405007	-0.0119	3.930907225154952	0.3472527686620283	0.0301	3.755444669480626	-0.013354794967475301	0.129	4.122750216801278	0.14756100511269005	0.023	4.170054565718325	0.003923920012722002	0.2179	4.190981965003124	0.01591559075497134	0.1804	4.163021927102366	0.19129912324775325	-0.0119	3.5640680400106195	0.708580065913915	0.0008	3.399334257083608	0.8696446512537176	0.0655	3.4138114854779085	0.7490284694718162	0.1076	3.572325449811828	0.6431120622822182	-0.01275	3.558891057195438	0.3461435540406532	0.0702	3.502996475753882	0.08862302815367036	0.1076	3.616726506459708	0.679005965887009	-0.01275	3.766320732871348	0.4590727240970465	0.0702	3.7786229143406813	0.24596051177990788	0.1076
266	10.659068100358423	3.8931479815424375	0.34734698614425735	0.0301	3.8224569803103394	0.3432662085908561	0.0301	3.5481001910129466	0.263811441556936	0.129	3.885107937348591	0.12667983689912987	0.023	3.787957330049998	0.017588428634086332	0.2179	4.1265611275050595	0.014673745927851043	0.1804	4.094506442992944	0.23008525632204968	-0.0119	3.9310174580891513	0.34351639042612275	0.0301	3.755408599798608	-0.013341591874815373	0.129	4.121769896034281	0.14568847378148425	0.023	4.167252391881185	0.002614994418557583	0.2179	4.190745912788039	0.01412473686821236	0.1804	4.163371041089689	0.18895958766398385	-0.0119	3.55875122235383	0.7155978185929912	0.0008	3.396767599997009	0.879299395626851	0.0655	3.4107362770321874	0.757888805609521	0.1076	3.5689745072170425	0.6298399937339192	-0.01275	3.5564403718409863	0.34293760210272645	0.0702	3.50210709860044	0.08884019881118164	0.1076	3.61756444864335	0.6893313488978483	-0.01275	3.7971453294952777	0.498723412675721	0.0702	3.8285181595296853	0.26754257337712034	0.1076
267	10.699139784946237	3.886444116021181	0.3455409312668981	0.0301	3.815070940882678	0.34012366397348553	0.0301	3.548629752349056	0.2616311255954161	0.129	3.892358565737542	0.1296946289264755	0.023	3.8587169617875094	0.010759562436642995	0.2179	4.145590402724322	0.005075117308592245	0.1804	4.097844625039933	0.22899351730736883	-0.0119	3.93386077693531	0.34307398609946593	0.0301	3.7517621113846102	-0.011988253935653536	0.129	4.118366746610638	0.14214466302014378	0.023	4.173252558175245	0.001808111223147883	0.2179	4.191177279355017	0.010024203811055094	0.1804	4.161269679571175	0.18873556400237845	-0.0119	3.5539526850758913	0.7171149529374347	0.0008	3.392803617762516	0.8841241021634476	0.0655	3.405918214448584	0.7612599104855199	0.1076	3.5659644119666924	0.6146746753112506	-0.01275	3.552948455165002	0.3391049667045511	0.0702	3.501242515241685	0.08861220071136244	0.1076	3.6168353294079765	0.699636373935193	-0.01275	3.821754328464789	0.5324271065932117	0.0702	3.8718186435180724	0.2974935545863139	0.1076
268	10.73921146953405	3.8802211035661505	0.3461994743348841	0.0301	3.8091548401266433	0.3409807179444903	0.0301	3.549610996951313	0.2552416205276271	0.129	3.9042421906808737	0.13492174276057672	0.023	3.9483639927574328	0.012272481435196981	0.2179	4.150897633476705	0.0007586216038177997	0.1804	4.0984237095097775	0.22879103441652193	-0.0119	3.931845197652927	0.34447905947118007	0.0301	3.7489218075983937	-0.009948551141517872	0.129	4.1195421784781034	0.1413527758462666	0.023	4.179130623447126	0.0022975997672231444	0.2179	4.191929729498192	0.006591119166597505	0.1804	4.161024061009108	0.18959613633123612	-0.0119	3.5508753098007775	0.7163389279660769	0.0008	3.3874203666912903	0.8859686001926492	0.0655	3.400558347173756	0.7618501535689088	0.1076	3.562292302574303	0.6083095461749372	-0.01275	3.549365708449932	0.3381068466485514	0.0702	3.4999818374809397	0.08729304579866817	0.1076	3.6163037538010454	0.7068639575459583	-0.01275	3.8382391302164263	0.5608707537442787	0.0702	3.909346291533661	0.3250473073749995	0.1076
269	10.779283154121863	3.8747048642191393	0.3478274387216722	0.0301	3.8049083535420305	0.341377102787095	0.0301	3.5470719172496876	0.249734980669914	0.129	3.9116914976491324	0.135729241602905	0.023	3.9834968776585415	0.014463509450021117	0.2179	4.134946831215348	0.004847243700375989	0.1804	4.0955753860412125	0.22858650705412242	-0.0119	3.924811430227559	0.3442245197055174	0.0301	3.749366926317701	-0.0077032556844532345	0.129	4.124648016519735	0.14472592616534455	0.023	4.175960114172651	0.004012054717413052	0.2179	4.192261957245562	0.01019797996698087	0.1804	4.166025241881545	0.18840579071762148	-0.0119	3.5480532326842007	0.7163415273555753	0.0008	3.382084468630087	0.8863021371960502	0.0655	3.3975239858934123	0.7617404468286525	0.1076	3.5579693623912667	0.6083998661040401	-0.01275	3.54797971726388	0.3391082526852175	0.0702	3.49994523268561	0.08654855025821344	0.1076	3.616178733963184	0.709649188048421	-0.01275	3.8477309805460633	0.5856653931983765	0.0702	3.9351245034791678	0.3448011266783146	0.1076
270	10.819354838709678	3.8709614468864317	0.34881580943108836	0.0301	3.8026947276587446	0.3403240433488803	0.0301	3.542729095527611	0.24919278960035376	0.129	3.9125365325607526	0.1376134648086124	0.023	3.958375695181568	0.019237186424299425	0.2179	4.117774694201419	0.018715511614495157	0.1804	4.095841270932117	0.22845905033819647	-0.0119	3.921417296209589	0.34411353825146473	0.0301	3.7500752541465023	-0.007119588609325954	0.129	4.126256678434101	0.14852207356394087	0.023	4.167968221005745	0.004573590081224912	0.2179	4.191013033118301	0.017499589417086438	0.1804	4.1700088375476385	0.18625526794310354	-0.0119	3.54454551907179	0.7169144082734925	0.0008	3.3794172941765637	0.8865567880114241	0.0655	3.3972679687375855	0.7606710625772679	0.1076	3.555543869710176	0.6078506872127437	-0.01275	3.549181441547047	0.33850870951085027	0.0702	3.5011246904025697	0.08761721614160266	0.1076	3.6152303061305995	0.7101813285040378	-0.01275	3.853333904136948	0.603951703130584	0.0702	3.94301845091964	0.3604470836227444	0.1076
271	10.859426523297492	3.8680654169470277	0.3494136309761377	0.0301	3.799780284060176	0.3402078870001979	0.0301	3.5408029520621036	0.2506161316580861	0.129	3.9102393510912825	0.14186538548872826	0.023	3.946096556268615	0.027383004513248634	0.2179	4.1113282871393055	0.0329119046087536	0.1804	4.098830563999434	0.22864566304144215	-0.0119	3.9236237806339775	0.3475290561875	0.0301	3.74899317159303	-0.008513468328845086	0.129	4.123023442164028	0.1490835645552339	0.023	4.165236797157184	0.0022733697001065746	0.2179	4.188475499288208	0.01938649646723593	0.1804	4.166543364906814	0.18538451608812898	-0.0119	3.541497677206435	0.7168796800470951	0.0008	3.379108390247704	0.8877593316799625	0.0655	3.3969236910552767	0.759291277775464	0.1076	3.5555130443332885	0.6040457177849166	-0.01275	3.550039572927469	0.33610050990586354	0.0702	3.5007684513262878	0.08857207117746864	0.1076	3.6127632676305503	0.7106181046630939	-0.01275	3.856118606509086	0.6117602195053558	0.0702	3.9348181906781226	0.37157149140227785	0.1076
272	10.899498207885305	3.8662884792473706	0.3504178610923909	0.0301	3.7975682476361072	0.3414181423421928	0.0301	3.541194063685042	0.2512028004459918	0.129	3.907018081904391	0.14385985721008718	0.023	3.983716445008406	0.035105164111592396	0.2179	4.109357355637121	0.040060831568616805	0.1804	4.099241775891434	0.22865553140653622	-0.0119	3.923323986979753	0.35160685832117766	0.0301	3.7483348368621585	-0.009789457018596993	0.129	4.119650652931336	0.14744745179469476	0.023	4.167182827191107	0.0010587261068924039	0.2179	4.186810603736934	0.018169397047766416	0.1804	4.160028302610564	0.18543626562676044	-0.0119	3.5399917684034343	0.7164734122650503	0.0008	3.378928614646838	0.8882922384108113	0.0655	3.3955492748309863	0.7586836686739855	0.1076	3.5552536114333186	0.6010482857742152	-0.01275	3.549056806838914	0.33407778217116957	0.0702	3.4991216835497125	0.08808955289047928	0.1076	3.610315601164568	0.7107473655489761	-0.01275	3.85488691810151	0.6100889142259363	0.0702	3.918912843163817	0.37536782376428324	0.1076
273	10.939569892473118	3.8669057741078565	0.3511832239751692	0.0301	3.7997532174320696	0.34199307629699666	0.0301	3.541456312883647	0.25176678455338614	0.129	3.9045812565713995	0.14389251333526953	0.023	4.043183794795977	0.04093365949753759	0.2179	4.107849051428341	0.04383572302434667	0.1804	4.10002177140389	0.2282642777465706	-0.0119	3.917018022904394	0.35163772722492925	0.0301	3.749049123974101	-0.009716725658883256	0.129	4.11782745634787	0.146272149252155	0.023	4.16555567184964	0.003293768510919756	0.2179	4.18593789215229	0.01972785894674848	0.1804	4.156389275441607	0.18532482366822237	-0.0119	3.539462368488686	0.7163385073493036	0.0008	3.37709122457409	0.8863750375172156	0.0655	3.394141534968748	0.7587044683698667	0.1076	3.553541505336543	0.6047116939184727	-0.01275	3.5478437101720575	0.33415784401574716	0.0702	3.4989019399643992	0.08766270877067688	0.1076	3.609046611282849	0.7095103521553995	-0.01275	3.8492529625370713	0.6037939683291116	0.0702	3.9034436199779954	0.3716791531819161	0.1076
274	10.979641577060931	3.8687221249713764	0.35102719073691874	0.0301	3.804661342396067	0.3419701021668431	0.0301	3.5416721028681706	0.2512328686903437	0.129	3.9052041077849853	0.14524402770672842	0.023	4.086799415361207	0.044845211133036335	0.2179	4.10813189974313	0.04700080674220116	0.1804	4.1034473630371	0.22804312560231052	-0.0119	3.9114862334549167	0.349720950351396	0.0301	3.7486719066194345	-0.009407394378846745	0.129	4.116850962717424	0.1458654065737355	0.023	4.16190295608445	0.004576352760084777	0.2179	4.184604590298077	0.020704467473882254	0.1804	4.154856848251213	0.18497824138467261	-0.0119	3.5382938242953292	0.716379944651535	0.0008	3.373980303903421	0.8833521989539094	0.0655	3.3923230576727597	0.7584137243430001	0.1076	3.5515935224852324	0.6122800436724818	-0.01275	3.5472428181444395	0.33602592439345197	0.0702	3.4996177060846114	0.08826004822737749	0.1076	3.607276208497677	0.7073741956727658	-0.01275	3.8407654037240704	0.5964830577724186	0.0702	3.890355691209513	0.36441012736496325	0.1076
275	11.019713261648745	3.8705209706027968	0.3505679107773745	0.0301	3.807926270501796	0.3433535107182738	0.0301	3.542794655620764	0.24795821417859137	0.129	3.907240380659993	0.14774174020544273	0.023	4.1035429256717	0.0441668314276986	0.2179	4.110405523022909	0.04479807145981956	0.1804	4.103871734721241	0.2281294716681474	-0.0119	3.9127181916053635	0.35054466547302215	0.0301	3.746971645413026	-0.009722875602472533	0.129	4.117571636420702	0.14548482742287294	0.023	4.164841886093915	0.0028115082135741765	0.2179	4.183744305895224	0.018037251336718584	0.1804	4.154577727624188	0.1848726916494078	-0.0119	3.536411998468869	0.716160676354298	0.0008	3.371506077008869	0.8808847607936034	0.0655	3.3896047156461973	0.7561950954568546	0.1076	3.5505175425759434	0.6157145025312324	-0.01275	3.546985118987379	0.3366795627103007	0.0702	3.4996803023733	0.08884350284398371	0.1076	3.60442382336619	0.7061344242517575	-0.01275	3.832321845670551	0.5885660227381675	0.0702	3.8748324494961763	0.35803960157461906	0.1076
276	11.05978494623656	3.8745697916178687	0.3508803861234015	0.0301	3.8090418001297213	0.3458755692424265	0.0301	3.5442030375626503	0.24470754401629036	0.129	3.9043190950976485	0.14623347428843994	0.023	4.110101081458717	0.03867178728595255	0.2179	4.114289336875262	0.0353419474092082	0.1804	4.101797066568563	0.2275797947638719	-0.0119	3.9178901599389304	0.35325676065207695	0.0301	3.7468817794014444	-0.009657480504287433	0.129	4.119713296268023	0.14539201903583124	0.023	4.173708807031941	0.0008072113100399259	0.2179	4.184875603410392	0.015090276554370844	0.1804	4.156948209844319	0.18520384637965823	-0.0119	3.5356927596986916	0.7154884312881458	0.0008	3.369299807291503	0.8772848269208873	0.0655	3.3874165728532053	0.7518766744305349	0.1076	3.5504816486739688	0.6134643081979115	-0.01275	3.547268772337721	0.33535521670785684	0.0702	3.4995779446694506	0.08883456057340325	0.1076	3.6025232773907074	0.7055968922589615	-0.01275	3.8265430759914745	0.5787899680349865	0.0702	3.8545708539490207	0.34922616614603297	0.1076
277	11.099856630824373	3.8808190997498424	0.3527232351671773	0.0301	3.809703120155572	0.3477135764184529	0.0301	3.5449398007147304	0.24498768667760887	0.129	3.8953386655019164	0.13857933224235494	0.023	4.127206837962581	0.033261962182796125	0.2179	4.119045199102236	0.025556121513411568	0.1804	4.104718149677568	0.22638961108738206	-0.0119	3.9216459738867537	0.35483428639415615	0.0301	3.7492913613114696	-0.008664475237757648	0.129	4.120118236360208	0.14552314400371733	0.023	4.177960643522758	0.0005239287551617026	0.2179	4.187303891154581	0.01488029334750949	0.1804	4.160931913632164	0.1861644477600258	-0.0119	3.5361452369183053	0.7139186440836114	0.0008	3.365254172678297	0.8707818243465144	0.0655	3.386743240218478	0.7471842278914936	0.1076	3.550806197764607	0.6094346028829434	-0.01275	3.5477547201887965	0.3345179166821443	0.0702	3.4995240962729692	0.08834578493977585	0.1076	3.6024152617685914	0.7039675374708692	-0.01275	3.8224111461280383	0.5666455972036052	0.0702	3.8336016954973573	0.33265644954911283	0.1076
278	11.139928315412186	3.8834478325146486	0.35626813003376107	0.0301	3.8090667333120445	0.34930461774562943	0.0301	3.544648769007762	0.2472188168644199	0.129	3.887648241168652	0.13096745676460875	0.023	4.13802262418269	0.030217248646177707	0.2179	4.122085393409736	0.02153042768212518	0.1804	4.11098741530049	0.22590833727209153	-0.0119	3.922873758497648	0.35573531052239077	0.0301	3.7521627765319563	-0.008188181014945648	0.129	4.118075390102877	0.14470895369857772	0.023	4.172289518834506	0.0011508412898873963	0.2179	4.1879670392195685	0.0156611866129667	0.1804	4.162998457804171	0.18803074171286105	-0.0119	3.5360705164134587	0.7110356300882281	0.0008	3.3600432607169295	0.8635098053723078	0.0655	3.3866036043961127	0.741890778899144	0.1076	3.5508853560944713	0.60655845716873	-0.01275	3.5477625067329397	0.3347457761924361	0.0702	3.4990984825023164	0.08708666495323061	0.1076	3.6030216859691078	0.7019357654459351	-0.01275	3.8166282607828483	0.5530160118871439	0.0702	3.8136774046983883	0.3130938080183285	0.1076
279	11.18	3.880254113976288	0.3602497817502131	0.0301	3.8058745219686445	0.3516093630059538	0.0301	3.5431688507785326	0.24838006630894713	0.129	3.8850767358562037	0.12899815390975758	0.023	4.079079490919997	0.02972944415536936	0.2179	4.119816852130571	0.022754797344475185	0.1804	4.11141559567522	0.22651187767161618	-0.0119	3.9225123900825016	0.35671668344908464	0.0301	3.753704317398899	-0.009561676417526236	0.129	4.116554165169963	0.14316303651304382	0.023	4.1668058149636344	0.0010946137397485369	0.2179	4.187305906269899	0.014763613697040845	0.1804	4.161351487052202	0.190242885290887	-0.0119	3.535349210770037	0.707893159884725	0.0008	3.355736231577336	0.8569565887471954	0.0655	3.3862717245623135	0.7340033661346248	0.1076	3.551352797580935	0.6056002971266383	-0.01275	3.5478544286258678	0.3350172737406147	0.0702	3.4988456603045757	0.08576479351821659	0.1076	3.6030022166824702	0.7013290016004113	-0.01275	3.808892775003817	0.5381924730377946	0.0702	3.7924049422430293	0.2984379253532192	0.1076
280	11.220071684587813	3.8779788938304804	0.3625766298387455	0.0301	3.8057307747406135	0.3534617901753619	0.0301	3.5420092882796457	0.24889866548701858	0.129	3.883477011545522	0.13067547474452895	0.023	3.928273041952066	0.034901631290584045	0.2179	4.111074035730674	0.026148951479061773	0.1804	4.107012858784873	0.22766190342013115	-0.0119	3.921807693765683	0.3568918022969146	0.0301	3.753161915773391	-0.011064675163742125	0.129	4.116732645393877	0.14266474092346038	0.023	4.172287233656767	0.0005098602254292435	0.2179	4.190531360943668	0.014419256789322678	0.1804	4.159063493964934	0.19098764872119528	-0.0119	3.534289161259425	0.7057031948069654	0.0008	3.349754515850173	0.8483210030042553	0.0655	3.3854994068544153	0.7237753054918773	0.1076	3.5526762548253625	0.6062378529272265	-0.01275	3.548861214757385	0.3350580247873784	0.0702	3.4991305750656707	0.08560615031581088	0.1076	3.6022533239041294	0.7005551814275974	-0.01275	3.7993832072009392	0.5204477237569681	0.0702	3.7703812517431317	0.288480621439263	0.1076
281	11.260143369175628	3.8827342922588586	0.3626461412508422	0.0301	3.817900362116573	0.35334467741726205	0.0301	3.5458191582748695	0.2493717534062201	0.129	3.881409285447556	0.1308097976261152	0.023	3.773256184355734	0.04190794134876501	0.2179	4.103128795068349	0.028732832395175927	0.1804	4.107517396790821	0.2275630004808036	-0.0119	3.922025860813626	0.356604438006613	0.0301	3.750591942112532	-0.00953780304865936	0.129	4.117034121433876	0.1425714421265549	0.023	4.182621860751231	0.00014886711253921298	0.2179	4.1964644021896484	0.017425251440324706	0.1804	4.159645309066835	0.18855544971535343	-0.0119	3.5326890898485948	0.7031201622322281	0.0008	3.338522747017443	0.8363687027553077	0.0655	3.384321211393082	0.7128115341481506	0.1076	3.553987947292641	0.6069108898113579	-0.01275	3.5500856560629406	0.3335183808234709	0.0702	3.498855876197843	0.08519533110306825	0.1076	3.602739221301997	0.6966442862199019	-0.01275	3.7827299434286688	0.49677656197795234	0.0702	3.747676197414522	0.2786332490647453	0.1076
282	11.300215053763441	3.8911133259401236	0.36177783513260425	0.0301	3.838915436512829	0.3518666791998464	0.0301	3.5559559472870057	0.24992608729481836	0.129	3.884249510478947	0.12813499771185452	0.023	3.707444061759993	0.043560458156996544	0.2179	4.104812250204117	0.03171770278940442	0.1804	4.112214643174596	0.22345634956854146	-0.0119	3.9229962322103873	0.3568983501718706	0.0301	3.748162879069034	-0.005782654060169274	0.129	4.116407678098859	0.1401265120406753	0.023	4.185911391496319	0.0001107967889527226	0.2179	4.1972358597733574	0.021184490119112963	0.1804	4.160976541200281	0.18523907342869875	-0.0119	3.5312097501487596	0.6981643725389541	0.0008	3.326255639356729	0.8238778456994872	0.0655	3.383835447581689	0.7013376610147007	0.1076	3.554339574375889	0.6051141167340124	-0.01275	3.5506612859539195	0.32920652712285137	0.0702	3.4971531448422475	0.08220134120282703	0.1076	3.6047825500590793	0.6903031871375805	-0.01275	3.7554449961762053	0.4658294187581646	0.0702	3.7143374461675323	0.27094426218786505	0.1076
283	11.340286738351255	3.8968503236845464	0.36127520992259493	0.0301	3.855774585270481	0.3514064808617619	0.0301	3.5674387791934326	0.2526862255001242	0.129	3.8942786749450877	0.1260566975682459	0.023	3.7176076418431947	0.04318146037419827	0.2179	4.1108408183896294	0.039366787738909885	0.1804	4.1130814027595575	0.21611972017785494	-0.0119	3.9241940979338277	0.3577729400263774	0.0301	3.7480486380309577	-0.0036843063366114167	0.129	4.11541421915737	0.1358231916409969	0.023	4.181291825020485	0.0003681521910360443	0.2179	4.192057670486784	0.022458670750122638	0.1804	4.160134096303937	0.185049402231623	-0.0119	3.5303652843718516	0.6918263269095573	0.0008	3.3188183352758402	0.8123673978876165	0.0655	3.38416207915266	0.689936827092623	0.1076	3.55324001926795	0.603085955158103	-0.01275	3.550932087552166	0.32563296016788734	0.0702	3.4959077859532552	0.07942014863597946	0.1076	3.6043393684025293	0.6843852821359719	-0.01275	3.7235946997180513	0.4315548621853556	0.0702	3.66309999883458	0.2639230531063637	0.1076
284	11.380358422939068	3.900672712942406	0.3603614336043011	0.0301	3.867825769765423	0.3516370813583852	0.0301	3.580842826148966	0.26023291723500075	0.129	3.905414199580187	0.126327579806587	0.023	3.7366941413403763	0.042650851268049315	0.2179	4.113089002425723	0.049075785034621025	0.1804	4.113327362905736	0.20842691828756038	-0.0119	3.9256988068520635	0.35737952245165905	0.0301	3.7490984745944633	-0.004223545938387216	0.129	4.114916689384467	0.13301165570812443	0.023	4.175706464568465	0.0006451599550413876	0.2179	4.187404362893798	0.021678934400547297	0.1804	4.159094560781404	0.18462583378399675	-0.0119	3.5295616622993684	0.6865143904518722	0.0008	3.3131513986241883	0.8009199449801688	0.0655	3.384349398499747	0.6794873367612699	0.1076	3.551155125989419	0.6102760559099657	-0.01275	3.55128117937386	0.32891262570384905	0.0702	3.4990923513593617	0.08429073705845264	0.1076	3.598737914416989	0.6792358803403815	-0.01275	3.6893075503229937	0.4013289224843269	0.0702	3.6088292489353413	0.23348772703335363	0.1076
285	11.420430107526881	3.9055241635664095	0.35864076642412784	0.0301	3.8775926920049293	0.35005139576455885	0.0301	3.598242115303996	0.2768977347099574	0.129	3.9123365736528823	0.12770156608919778	0.023	3.7352259931283838	0.04081373090043378	0.2179	4.113503202224405	0.05555071264782553	0.1804	4.11485963920163	0.20196690354986527	-0.0119	3.927610714977275	0.3537219795344611	0.0301	3.7502622144515834	-0.00528467277605193	0.129	4.1158541511583895	0.13260903183906086	0.023	4.172659380734455	0.001395980325718614	0.2179	4.186151130626068	0.020479056128037135	0.1804	4.160025094559875	0.17899401686275	-0.0119	3.5278643323890644	0.6828665364976704	0.0008	3.303657206770002	0.7882254296191837	0.0655	3.3844939579670807	0.6688138415393684	0.1076	3.5515226179617914	0.6306770646704227	-0.01275	3.552617541271049	0.3407379245620996	0.0702	3.5081102637990993	0.09964104244056204	0.1076	3.5904254710351977	0.6717571713520604	-0.01275	3.64733167022761	0.3790635943323626	0.0702	3.570284725639026	0.17077435508292066	0.1076
286	11.460501792114696	3.908992802875886	0.35868951952758643	0.0301	3.875792270325165	0.34945801485218453	0.0301	3.607331894723323	0.3012015158092106	0.129	3.9168977237765423	0.13051789380112683	0.023	3.7297372276762317	0.044302000477886704	0.2179	4.109808318477444	0.06178624134176462	0.1804	4.102964430245488	0.19856966998840367	-0.0119	3.930082562709882	0.348928324968752	0.0301	3.7523333381314634	-0.005160874146425295	0.129	4.118228441619397	0.1330827732737549	0.023	4.170357139224508	0.0022408157272496387	0.2179	4.18634579098701	0.019854411528987953	0.1804	4.160209739067462	0.17332812196979686	-0.0119	3.5249657563369987	0.6798554040321149	0.0008	3.292821622831283	0.7740522173204235	0.0655	3.384343175547458	0.6572928552294514	0.1076	3.557752897520258	0.6542229698326258	-0.01275	3.556164195768418	0.35471994317849453	0.0702	3.517314907384615	0.1172938025505417	0.1076	3.582747071031101	0.6596887901869488	-0.01275	3.60410266951172	0.3638695507153875	0.0702	3.5457785734330254	0.1155017858460098	0.1076
287	11.50057347670251	3.907130648544644	0.3611981521099749	0.0301	3.863179188494975	0.3544715373837811	0.0301	3.5974956747098794	0.3171084247820633	0.129	3.917038372135017	0.13179459442448377	0.023	3.734462322076963	0.05169943479340615	0.2179	4.086804636263549	0.07244206888806679	0.1804	4.07343225248023	0.19704979285067867	-0.0119	3.9323404976169223	0.34700111463397276	0.0301	3.753607973435429	-0.004323055789944907	0.129	4.119605698918461	0.13384486070749146	0.023	4.167690809296689	0.0013783726898949852	0.2179	4.186446656879631	0.020632067594507458	0.1804	4.156890113785425	0.17379811284034882	-0.0119	3.521547345455006	0.6768944366207144	0.0008	3.2858170401908655	0.7611856005668314	0.0655	3.3825407675405375	0.6472480543079756	0.1076	3.5665302132935537	0.6697101537058269	-0.01275	3.5595219599338463	0.3630772899505986	0.0702	3.517750551244832	0.1260663669496654	0.1076	3.5769506912946514	0.6464439589305032	-0.01275	3.573193780530755	0.35426057884150824	0.0702	3.5258916475027426	0.09777758853770568	0.1076
288	11.540645161290323	3.9009210283727334	0.3637806220954018	0.0301	3.854439373617932	0.3612314222835069	0.0301	3.5788678480993283	0.3174873245698865	0.129	3.906680126007931	0.12295375870727565	0.023	3.734322182875129	0.05006345486729934	0.2179	4.025581248601563	0.08520528634238542	0.1804	4.049757454946449	0.19369378299491546	-0.0119	3.931876292167977	0.34779167988376425	0.0301	3.7526566340206617	-0.004784406623253203	0.129	4.1190762706637125	0.13541167728687115	0.023	4.1648316097992915	0.0013495655982607162	0.2179	4.185918888570856	0.023321404717145305	0.1804	4.153352352478583	0.17692524784560737	-0.0119	3.517515767532638	0.6739162464002839	0.0008	3.280271887179871	0.7514017083800089	0.0655	3.378983466687976	0.6392880048665558	0.1076	3.5709715140900937	0.6750423862732763	-0.01275	3.5575345108775056	0.36592667332297457	0.0702	3.5076663543865556	0.12528566688335266	0.1076	3.5718290620097326	0.6370825466711554	-0.01275	3.555080269360058	0.3490420970007554	0.0702	3.5068165222398475	0.09877095530878267	0.1076
289	11.580716845878136	3.8946593098285893	0.3655420889717188	0.0301	3.8521122049814345	0.36270312190560305	0.0301	3.564949705988941	0.31408066781471194	0.129	3.893215929195118	0.10650640885410173	0.023	3.7185215824057356	0.03713362087587315	0.2179	3.923239985417503	0.0950166640104796	0.1804	4.048301452207076	0.19009074700561193	-0.0119	3.927928447764364	0.348045123682322	0.0301	3.752652204321893	-0.0065726712100458605	0.129	4.118443718909979	0.1374046121496473	0.023	4.161732276066963	0.005674363461550688	0.2179	4.184753900573454	0.026950969608832562	0.1804	4.152664999839682	0.17755489763030594	-0.0119	3.5117497935642428	0.6697066342069845	0.0008	3.271582774692448	0.7419785566196562	0.0655	3.374309005874443	0.6300569864372477	0.1076	3.5691692270319355	0.6727088023418124	-0.01275	3.549295003339105	0.3660895657855626	0.0702	3.493938940546341	0.12181191422864493	0.1076	3.565198061745536	0.631168732973876	-0.01275	3.5424653739059417	0.34593841783321566	0.0702	3.488633613773224	0.09537576605437331	0.1076
290	11.62078853046595	3.890538305220242	0.3666558552264144	0.0301	3.8485399565150273	0.36062375234173366	0.0301	3.554543279370622	0.3105595656155207	0.129	3.88784248000199	0.09684279114413404	0.023	3.701610958684447	0.024801920119105734	0.2179	3.7861990973016275	0.10064665213886896	0.1804	4.054770029105239	0.19191008157584674	-0.0119	3.924154895377395	0.34704241025432636	0.0301	3.754742631905331	-0.007184411131755744	0.129	4.117709221658444	0.13821429526828416	0.023	4.160612160649968	0.01028769170139043	0.2179	4.184498951463897	0.029432459758501908	0.1804	4.152414701332432	0.17679322155087832	-0.0119	3.505213399816334	0.6634947142996919	0.0008	3.263010987347736	0.7322620110738336	0.0655	3.3682609069337017	0.6197760434644206	0.1076	3.5636527780728926	0.6670041351804803	-0.01275	3.539256053355411	0.36251207571146865	0.0702	3.4828180137500815	0.11873474292473588	0.1076	3.5572282607733547	0.6253565381692402	-0.01275	3.532716658571153	0.3428488549938963	0.0702	3.47531472108243	0.08952064370595003	0.1076
291	11.660860215053763	3.8889348289864207	0.36736597213245564	0.0301	3.8441873801287643	0.36194227757716124	0.0301	3.543481947345248	0.303403572600797	0.129	3.888004973395705	0.09673379532616841	0.023	3.695517451869943	0.028786553844163513	0.2179	3.6120355531755317	0.10452279585174601	0.1804	4.0535748533865155	0.20028679860830498	-0.0119	3.9233205892387035	0.3474836454324042	0.0301	3.755134745066572	-0.006015302817057068	0.129	4.1163981086221515	0.1368768528099206	0.023	4.163376614261311	0.010676213265098274	0.2179	4.185658249498092	0.02993997925359016	0.1804	4.151519671330262	0.17723146024438421	-0.0119	3.5001654594595304	0.6564742871681567	0.0008	3.2595583926454954	0.7251129427156282	0.0655	3.3618689157623196	0.6131522910199568	0.1076	3.557434802075776	0.6623910567136579	-0.01275	3.5311324701076128	0.35556792783774366	0.0702	3.475526080512228	0.11585821154829039	0.1076	3.5497256810306865	0.6188971421416954	-0.01275	3.5251022872444215	0.3396180158808914	0.0702	3.4686926652705394	0.08773839436716148	0.1076
292	11.700931899641578	3.889269103427083	0.36874186241575874	0.0301	3.843856712508122	0.36655804363199923	0.0301	3.536248061687477	0.29741343292826417	0.129	3.8901598697319013	0.09774095374240262	0.023	3.694212603938443	0.057090991196445486	0.2179	3.488103721923077	0.11070599598897926	0.1804	4.049990445735646	0.2080672073124869	-0.0119	3.922651575649648	0.35028504309157277	0.0301	3.7531338444945743	-0.005896770025884753	0.129	4.115695359655154	0.13456600952807182	0.023	4.167168895700069	0.008865659807992013	0.2179	4.1860973536889245	0.029160442401199565	0.1804	4.151000732094723	0.17814573179709892	-0.0119	3.4955026561350513	0.6499749070705311	0.0008	3.2568802971840296	0.7192726270327369	0.0655	3.356116648977581	0.6090247779320704	0.1076	3.55307609233268	0.6595166014452901	-0.01275	3.5257755525107264	0.3492957936054414	0.0702	3.4711488883866184	0.11351622316429986	0.1076	3.5426892874991482	0.6125237987335739	-0.01275	3.517713095682143	0.33605520056496174	0.0702	3.4639193719817047	0.08654759700394071	0.1076
293	11.741003584229391	3.889084890749033	0.3711299967110013	0.0301	3.8462686372294255	0.3681390441401878	0.0301	3.5366691812524933	0.29630006555599514	0.129	3.896881781996877	0.10026685402427112	0.023	3.6878628873282864	0.09421316897762125	0.2179	3.5997007112398776	0.12271880761140194	0.1804	4.054851314171447	0.20830955165343873	-0.0119	3.919211963634884	0.3527056180034295	0.0301	3.7526024093585755	-0.00860651997232042	0.129	4.115682042422351	0.13332753051954863	0.023	4.168831648565349	0.007417210663696961	0.2179	4.185359025711754	0.028196746456230052	0.1804	4.149575238922177	0.17889928584152073	-0.0119	3.4886109821203752	0.6446572368545507	0.0008	3.248694348763338	0.7109105515325603	0.0655	3.3492024715672075	0.6018557969780198	0.1076	3.550816675057738	0.6564534331791076	-0.01275	3.5232038709278504	0.3462726757114587	0.0702	3.469098682347828	0.1116440038152942	0.1076	3.5351057898663365	0.6065988788630092	-0.01275	3.5108849470665486	0.33127198363394733	0.0702	3.45720655854405	0.0819517242512986	0.1076
294	11.781075268817204	3.8873382837231247	0.3734056728435462	0.0301	3.8474890196555265	0.36637399484042876	0.0301	3.539767229309103	0.2974214710534061	0.129	3.9049676873648345	0.10870791166818403	0.023	3.6770675678999223	0.11535501251132524	0.2179	3.908601390076382	0.13667739861960396	0.1804	4.066922173237321	0.20587307245466735	-0.0119	3.915268240202148	0.3532254571834819	0.0301	3.754335375379601	-0.011652833036409217	0.129	4.115440921553406	0.13344859195390268	0.023	4.169124029956387	0.006318653316198952	0.2179	4.185480807594532	0.028143803361926477	0.1804	4.147041367356072	0.18006618248207992	-0.0119	3.481565566292965	0.6408095777183961	0.0008	3.240063772289796	0.7021425596018944	0.0655	3.3422601821979696	0.5930882931849017	0.1076	3.547953631334189	0.6531347619829495	-0.01275	3.521659034059555	0.34393276425023056	0.0702	3.46891770605639	0.10953004717303189	0.1076	3.528117359275359	0.6014317311007982	-0.01275	3.5065136192977007	0.3260988748215098	0.0702	3.4503928303365576	0.07641144876939956	0.1076
295	11.821146953405018	3.885560719801749	0.37472887195204924	0.0301	3.847012131220472	0.3673560929473444	0.0301	3.538881735775871	0.2984498358262072	0.129	3.9071567053413245	0.11715608190893825	0.023	3.6706485637792166	0.11818287044500556	0.2179	4.119100199237461	0.1437930767650856	0.1804	4.072917924743334	0.20965298162529353	-0.0119	3.9135817240646458	0.35347058885351595	0.0301	3.7551296832289056	-0.012204438209026473	0.129	4.115166307229588	0.13372781937002798	0.023	4.169073019912748	0.005130071631908365	0.2179	4.1864852453380985	0.02850866993882283	0.1804	4.1455520406797355	0.18114547853464297	-0.0119	3.477949925569959	0.6377989157078088	0.0008	3.2382972167919997	0.6974492643469344	0.0655	3.3399286199540548	0.5879063804815557	0.1076	3.542373296148779	0.6512809067915811	-0.01275	3.518539391361216	0.3384756917211242	0.0702	3.469058101419579	0.10687880253231423	0.1076	3.5234575994025246	0.5969118137228501	-0.01275	3.5038848939730123	0.3212485744687386	0.0702	3.446078544811001	0.07277830621723193	0.1076
296	11.861218637992831	3.8846906326043595	0.3754448835661275	0.0301	3.8466814887452245	0.3716492674366537	0.0301	3.5356177683312064	0.29940965242032236	0.129	3.9039445286839016	0.12006039489966264	0.023	3.6714880286879024	0.11637929213814395	0.2179	4.097310425958779	0.14122310849311626	0.1804	4.066870274067656	0.21714090649516832	-0.0119	3.9121939039032534	0.35435017131387403	0.0301	3.754030330070518	-0.01106752383413485	0.129	4.115512793544855	0.13423751382532217	0.023	4.169154718638235	0.004149630775676105	0.2179	4.186993583677611	0.028655625953941995	0.1804	4.14590055816236	0.18275745526372159	-0.0119	3.475411650363947	0.6339311707590589	0.0008	3.238087376183729	0.6937879822121572	0.0655	3.3405839039749625	0.5847568726263016	0.1076	3.536091361494336	0.6505934777150396	-0.01275	3.515482853838765	0.33265071948061004	0.0702	3.4682720917831906	0.10433794522641705	0.1076	3.519901045540766	0.5926013048763662	-0.01275	3.5008146025272637	0.31652730585613814	0.0702	3.4439708214688536	0.06881261313291652	0.1076
297	11.901290322580646	3.884348639120943	0.3757740448861405	0.0301	3.8476612233519685	0.37351985945350313	0.0301	3.535314527361004	0.3005845309521648	0.129	3.9009860619714494	0.12248206611596969	0.023	3.6725374274024256	0.11677273386120705	0.2179	3.9339188740166566	0.13253713567545983	0.1804	4.061549430124414	0.22013038511249108	-0.0119	3.908792504302492	0.35460894660800624	0.0301	3.7530275262630894	-0.010852652056926511	0.129	4.11623001768907	0.1359092094078888	0.023	4.170691828575441	0.004954701587693826	0.2179	4.187140300364165	0.03092435305148548	0.1804	4.147080522496018	0.18594866235374669	-0.0119	3.4705113972950166	0.6286969463490506	0.0008	3.231604556498318	0.6864157662192323	0.0655	3.337782602494026	0.5795890525648365	0.1076	3.5327480741399278	0.6490642690555177	-0.01275	3.51576184041257	0.3314911290381224	0.0702	3.4683226774485685	0.10299349143680997	0.1076	3.515167019687313	0.5879403063999461	-0.01275	3.4970795810128625	0.3132406569854459	0.0702	3.441994357301646	0.062069283651336266	0.1076
298	11.94136200716846	3.8844710943377128	0.37596453885606107	0.0301	3.849053848699335	0.37192789519249764	0.0301	3.5371706286398563	0.3013553978130367	0.129	3.900261431550059	0.12918239290139005	0.023	3.668872182073935	0.11790718217446529	0.2179	3.749958941846285	0.12368257436493049	0.1804	4.066809664593981	0.217704155464096	-0.0119	3.9054919618547443	0.35385249232415456	0.0301	3.7528712829859256	-0.011970891363289165	0.129	4.116442309354227	0.13764263528392787	0.023	4.173015647971744	0.00796845068164644	0.2179	4.186935295234895	0.03565230207259027	0.1804	4.147445554145384	0.18852124045616078	-0.0119	3.465832011325083	0.6240977189334669	0.0008	3.223624296288944	0.6794303694443175	0.0655	3.3320207478677357	0.573996323418394	0.1076	3.531701642760112	0.6464658449979326	-0.01275	3.517718690251169	0.3327174497513595	0.0702	3.4708977510428034	0.1022358574038277	0.1076	3.509583429312272	0.58257384100578	-0.01275	3.4930911671865426	0.31080937547447945	0.0702	3.4386132433100505	0.056310964283598185	0.1076
299	11.981433691756273	3.885474527251144	0.3775041729676746	0.0301	3.849775641905852	0.37229345782139533	0.0301	3.537986507992134	0.3016324902850247	0.129	3.900741440951084	0.1366128831727946	0.023	3.6649689930232503	0.11738525009933379	0.2179	3.6523684928697437	0.1185818152888733	0.1804	4.074291706672689	0.2170411288711866	-0.0119	3.9045744131123574	0.35411042650100094	0.0301	3.7527803182065145	-0.011999777040569797	0.129	4.115972215292491	0.13793496209381015	0.023	4.173891452019427	0.010234875179564248	0.2179	4.185676506956217	0.03799311011476043	0.1804	4.14616318164374	0.1888207672770896	-0.0119	3.4637051263250425	0.6213987068045411	0.0008	3.2212313952326856	0.6776601448782307	0.0655	3.3286302963690857	0.5704347615159564	0.1076	3.52922744796085	0.6438114754560923	-0.01275	3.518196314229411	0.3320671840057841	0.0702	3.473698249460371	0.10044691779714762	0.1076	3.504775387153904	0.5778678366433114	-0.01275	3.48803601927255	0.3065841502141033	0.0702	3.4345154688222888	0.0560630412698527	0.1076
300	12.021505376344086	3.886136344490507	0.38043878111005447	0.0301	3.850954983988282	0.37630400462761365	0.0301	3.537985157863558	0.30438176477470497	0.129	3.901662629773812	0.13965539857858525	0.023	3.664268517351462	0.11531781923366137	0.2179	3.6511599241756816	0.11608965844648765	0.1804	4.075952699060858	0.22690085052436842	-0.0119	3.904075491274902	0.3566693272710209	0.0301	3.752521151454919	-0.010803817200978387	0.129	4.11498692451546	0.13781878829877073	0.023	4.17335118779302	0.010553630683899288	0.2179	4.184135564933705	0.03741106067675385	0.1804	4.1444592089709245	0.1887507297716598	-0.0119	3.4607744950979282	0.6195989095600042	0.0008	3.219264870852911	0.677345746172475	0.0655	3.3263391535187226	0.5674185007235316	0.1076	3.524536541857187	0.6417816609730764	-0.01275	3.51693625261588	0.3307257015601943	0.0702	3.474055743579462	0.09830362502865854	0.1076	3.5003832967857327	0.5758962646214674	-0.01275	3.4830723698097183	0.3025407360225487	0.0702	3.4325156773363275	0.058007684509206243	0.1076
301	12.0615770609319	3.8845787084330548	0.382342510392545	0.0301	3.853957626973181	0.37913093516795005	0.0301	3.5379538891792484	0.3130346263159449	0.129	3.9023794163987118	0.13924715135940696	0.023	3.661585486607527	0.11338490991079114	0.2179	3.6627902683930933	0.11420466623084095	0.1804	4.074630881109613	0.24331379404587355	-0.0119	3.9013430679056915	0.35917801668756055	0.0301	3.752510268207852	-0.011282496089823771	0.129	4.113335825734123	0.13818560525874665	0.023	4.172722018221768	0.01133106978609098	0.2179	4.183411298697831	0.03864227108413465	0.1804	4.143607464905159	0.18952027455357684	-0.0119	3.454980037596579	0.6176763248987686	0.0008	3.211437090236037	0.6744518113218829	0.0655	3.3207719387394654	0.5639000248397856	0.1076	3.520052789072738	0.6409566455851538	-0.01275	3.5145444620154254	0.3307886857165468	0.0702	3.471855198726752	0.09702799136984841	0.1076	3.4948093697156652	0.5755969592277258	-0.01275	3.48064117295955	0.3017012653874947	0.0702	3.4338591506981224	0.05558448801375888	0.1076
302	12.101648745519713	3.8824792209222663	0.3827669311789989	0.0301	3.856507910168776	0.37885130257434196	0.0301	3.5377102644659835	0.32052073835201017	0.129	3.9023993276068016	0.13896413676428182	0.023	3.6549573457742315	0.11227563854920766	0.2179	3.6447176054241646	0.11202532773392823	0.1804	4.073200879916772	0.25130175044624603	-0.0119	3.89766649827816	0.3588865251687824	0.0301	3.7528377518647065	-0.013050251866382617	0.129	4.111972107084001	0.13788676850459913	0.023	4.171742435379317	0.011622717505936539	0.2179	4.182998744459834	0.04080497789112139	0.1804	4.143451828205845	0.18992925967505003	-0.0119	3.450082740369022	0.6156306228052894	0.0008	3.2039215493823723	0.6713458909715585	0.0655	3.3144942084898843	0.561500486626384	0.1076	3.51746327458304	0.6410668452204118	-0.01275	3.5118158903515773	0.33125601602285887	0.0702	3.4695640665636973	0.09502064661076615	0.1076	3.4885226618050837	0.5742614074865254	-0.01275	3.479362886630656	0.3013176121013392	0.0702	3.4358420196728594	0.04936202185082202	0.1076
303	12.141720430107528	3.882597282004067	0.3835727412429059	0.0301	3.8543232887655385	0.37915533186981915	0.0301	3.537341328868519	0.31544874511795523	0.129	3.9019373446970693	0.13973205363237945	0.023	3.651623315169506	0.11223199039684342	0.2179	3.6471380471138386	0.11084488397926405	0.1804	4.071891219434349	0.2498919479548411	-0.0119	3.8963013667380424	0.35705343644645715	0.0301	3.7530932999889246	-0.01338545157440364	0.129	4.11216461827425	0.13661433692297184	0.023	4.169832721934319	0.009354710492790146	0.2179	4.18232998860174	0.04069735695741792	0.1804	4.14371032224323	0.18932793634510844	-0.0119	3.448175334129237	0.6142270258148054	0.0008	3.2029972860965814	0.6700055858211063	0.0655	3.311857268343287	0.5609402420931667	0.1076	3.5154250280286528	0.6411372988441807	-0.01275	3.509391082347312	0.33026462462621037	0.0702	3.4708109167573786	0.09032499301191975	0.1076	3.4839082971264004	0.5727505401842451	-0.01275	3.477106302721765	0.2987780595771401	0.0702	3.435899521701002	0.04492085039078783	0.1076
304	12.181792114695341	3.8823067185836737	0.3848650949892867	0.0301	3.848111887921577	0.38065401600619614	0.0301	3.5361834988663836	0.3035207990752665	0.129	3.9009491506529583	0.1409551383924795	0.023	3.653014389636592	0.11193625143360512	0.2179	3.751457856614842	0.11467179608662649	0.1804	4.070452438036459	0.24984031818775418	-0.0119	3.8970361351770575	0.35675425662761956	0.0301	3.75320875083948	-0.012779519028653279	0.129	4.113366936798936	0.13588666933144108	0.023	4.168306155026509	0.007375634852629569	0.2179	4.182081966540744	0.0397808532581302	0.1804	4.144268165094679	0.18865665105536805	-0.0119	3.445102814175748	0.6139953087507232	0.0008	3.2019631388518013	0.6679718570605956	0.0655	3.3102474000226096	0.5602551419845166	0.1076	3.511006344904971	0.6405834362085489	-0.01275	3.5063355724448217	0.3283108498917276	0.0702	3.4722406416687646	0.08660127719255219	0.1076	3.4812488470189926	0.5732166575778777	-0.01275	3.4748993861321056	0.29628605438881395	0.0702	3.434732282120768	0.044001145863027766	0.1076
305	12.221863799283154	3.8775634814407605	0.38547644286572463	0.0301	3.8424397821008425	0.3797829924651883	0.0301	3.532737881058148	0.294145942570515	0.129	3.9001389349043176	0.1411941331041159	0.023	3.6495436959525516	0.10812041040857534	0.2179	3.932215806101556	0.12175935921877344	0.1804	4.067585499893578	0.2527830762264093	-0.0119	3.896232002849929	0.3581360626172351	0.0301	3.7533931879787055	-0.012936045508286939	0.129	4.114596436559982	0.13647742647037933	0.023	4.168457993996476	0.007354315892303952	0.2179	4.183039211744423	0.038989574599452057	0.1804	4.1446503458247825	0.1884301873294309	-0.0119	3.4390088154877785	0.6145132479017925	0.0008	3.1940875697712485	0.6638350691755429	0.0655	3.305865334806707	0.5574561018869892	0.1076	3.5048764433987536	0.6395534717461792	-0.01275	3.50215909721241	0.3284450959530178	0.0702	3.466682245014874	0.08938682418047036	0.1076	3.4784536863434767	0.574431424140984	-0.01275	3.472967785085096	0.2956397271810519	0.0702	3.4338601533855493	0.04481367614916117	0.1076
306	12.261935483870968	3.8721493643735747	0.38591968579467567	0.0301	3.8388510638791473	0.37827698861126174	0.0301	3.5275271464996156	0.2835900020912833	0.129	3.9014034705491647	0.1394054174801916	0.023	3.638861517502648	0.10290637134371261	0.2179	4.064251320185034	0.12622452318464117	0.1804	4.064865749532682	0.2549144732278569	-0.0119	3.8928143545502913	0.3591645873101498	0.0301	3.753115357556321	-0.01320642353785355	0.129	4.115602802373899	0.13735764803736242	0.023	4.168292024768555	0.0076077769460540946	0.2179	4.18361881908618	0.03747142543623682	0.1804	4.144506905397847	0.18817582253566645	-0.0119	3.4351019096862987	0.6148505900682558	0.0008	3.186132242594108	0.6591625870192174	0.0655	3.301713028144729	0.5529877693834611	0.1076	3.50202552662099	0.6396348601730633	-0.01275	3.4988940678437075	0.3299832413122044	0.0702	3.4581819434089933	0.09350372427764182	0.1076	3.4756035634454103	0.5748429719797059	-0.01275	3.4693882248914902	0.29576949754290177	0.0702	3.432699022723819	0.045887562178710824	0.1076
307	12.30200716845878	3.872053234749642	0.3871726250803827	0.0301	3.83510743684669	0.38076249851569816	0.0301	3.5234015920074873	0.2738572791180771	0.129	3.903073831278333	0.13780081215915668	0.023	3.6312510411255303	0.1019421373045323	0.2179	4.101168021884984	0.12903906673065596	0.1804	4.064586420745914	0.2567288390307483	-0.0119	3.8900195920579788	0.35930810456000867	0.0301	3.7519188935523347	-0.012703965881900781	0.129	4.116137016536627	0.13782494988279695	0.023	4.166223488253698	0.007805079028598496	0.2179	4.182394335791757	0.03548896398849992	0.1804	4.144064371935085	0.18817592002814165	-0.0119	3.4360671976146233	0.6139950203626303	0.0008	3.185942910226017	0.6544671180402326	0.0655	3.3015727058511626	0.5484673867063916	0.1076	3.5031525702650037	0.6415557667968622	-0.01275	3.4979048526573537	0.32726191907439256	0.0702	3.456039711457654	0.08917946852976208	0.1076	3.47462459920987	0.5752646618936318	-0.01275	3.464697827779166	0.29565970348635967	0.0702	3.4292795055388603	0.045218627298628	0.1076
308	12.342078853046596	3.874408386637393	0.38785853666126896	0.0301	3.830320242595296	0.3836751455057054	0.0301	3.5222007200958303	0.27214646065394815	0.129	3.9019048088328154	0.13853039276869614	0.023	3.6312135740644096	0.10392309962985159	0.2179	4.096277631010962	0.13158793586790007	0.1804	4.06503055283724	0.26173514031570194	-0.0119	3.890035778434984	0.359406864078054	0.0301	3.7507787979900566	-0.012171973286753538	0.129	4.116184935472148	0.13826576408875782	0.023	4.165975023091583	0.007859402051058187	0.2179	4.181781125938878	0.03418327307414632	0.1804	4.143696472738943	0.18883312434788466	-0.0119	3.436972654387967	0.6120537942992353	0.0008	3.188296419320917	0.6495726673568291	0.0655	3.3026978088956103	0.5442655932149422	0.1076	3.502801537716081	0.6428645186027704	-0.01275	3.497623452104388	0.3218137214939636	0.0702	3.4594204601620007	0.07981917081708052	0.1076	3.4747783496688243	0.5759859660219616	-0.01275	3.4623279530281628	0.29539061294594476	0.0702	3.424193402562348	0.041850519321639953	0.1076
309	12.38215053763441	3.874745293412802	0.38622909593043186	0.0301	3.829667970761171	0.3815751942641003	0.0301	3.523012091448361	0.27460455451372806	0.129	3.900107624568064	0.13864732916527733	0.023	3.632483136844607	0.10354225526004637	0.2179	4.0924797106972886	0.12973321718122968	0.1804	4.06543783617235	0.2673079184646706	-0.0119	3.8914934962132164	0.3592264849255653	0.0301	3.750555376179174	-0.012235751925811555	0.129	4.115669835147377	0.13865590711890574	0.023	4.1695927988990995	0.0075098076102318514	0.2179	4.182958020481254	0.03432289938861903	0.1804	4.143487582706666	0.1889481939486409	-0.0119	3.43476540212873	0.6105569056526269	0.0008	3.1861482399500707	0.6455878203570016	0.0655	3.3024682318217455	0.5399935072185772	0.1076	3.4998855702968137	0.6425507537460795	-0.01275	3.496908273329806	0.32219298462162044	0.0702	3.461158019634723	0.07518542573964507	0.1076	3.473483525637219	0.5761993557712987	-0.01275	3.4625498284813214	0.29506368059974486	0.0702	3.4209102394986663	0.038855414717278214	0.1076
310	12.422222222222222	3.8759093847285633	0.38371542674269293	0.0301	3.833636069300741	0.3780767969431301	0.0301	3.523726952777343	0.275128566581023	0.129	3.900991432750536	0.13453408289197372	0.023	3.631630718627937	0.0996715614138245	0.2179	4.094870877571382	0.1237021288642488	0.1804	4.066658892859619	0.2621569050172926	-0.0119	3.8936344439118984	0.35808181836869435	0.0301	3.7506098582291725	-0.012664547325831976	0.129	4.1147742331880375	0.13870140392753036	0.023	4.172298030776401	0.007060319896269328	0.2179	4.184047664969264	0.03399944528690265	0.1804	4.1439279341173885	0.18810447220178853	-0.0119	3.433925776874589	0.6101588198218264	0.0008	3.1845906758343134	0.6437397733335982	0.0655	3.3039409383409604	0.5369256394452594	0.1076	3.49911284556823	0.6425289198673472	-0.01275	3.496219452014857	0.32747642334026883	0.0702	3.458718789141342	0.0753108530407064	0.1076	3.4713682086307887	0.576104508765256	-0.01275	3.4624038303252536	0.29468359384900267	0.0702	3.420883567687267	0.03890087155212022	0.1076
311	12.462293906810036	3.8800508881279656	0.38301823416848596	0.0301	3.8320293568028423	0.37881416451091704	0.0301	3.523471434898113	0.2739187713922593	0.129	3.9027155694301596	0.1284490325734902	0.023	3.631976810847119	0.09672262228206183	0.2179	4.09772525993694	0.11936797165537391	0.1804	4.068690459216789	0.24959643554806618	-0.0119	3.8977996352845223	0.3575789245855115	0.0301	3.750230907600698	-0.012976501897589894	0.129	4.115033108475423	0.1384659157041677	0.023	4.171363953447191	0.006589151912945414	0.2179	4.184797388728142	0.031788902292437124	0.1804	4.145782676270238	0.18804421972669344	-0.0119	3.438034211047221	0.6103342779626197	0.0008	3.1895291660362806	0.6451312058190743	0.0655	3.3081340873740355	0.5373143228517823	0.1076	3.501164453090751	0.6426947880295055	-0.01275	3.4955313349575654	0.3293015971169249	0.0702	3.4558064483363204	0.07605161300756529	0.1076	3.472222792347814	0.5765608565580633	-0.01275	3.4623040844649937	0.2945893029362773	0.0702	3.4220920623553273	0.04058964357004372	0.1076
312	12.502365591397849	3.884120938628184	0.38440806748513323	0.0301	3.824894115542696	0.3823384200402	0.0301	3.5232849702697955	0.274209754547479	0.129	3.902455314924566	0.12413270573832798	0.023	3.6348813557104855	0.0984197370522466	0.2179	4.1006308337491495	0.11912243739638559	0.1804	4.0729114940335895	0.25105097483535	-0.0119	3.903459280067439	0.3592439566188652	0.0301	3.7497028181042764	-0.012677150908515867	0.129	4.116644539241745	0.13779413117493403	0.023	4.170567459727088	0.006371967208270389	0.2179	4.186211375326955	0.030199180876970728	0.1804	4.1481819724364595	0.1893789473381571	-0.0119	3.44292227846864	0.6111670321052411	0.0008	3.194668431744783	0.6490123471947842	0.0655	3.3106485367638165	0.540150313767837	0.1076	3.501822807895273	0.642237242144338	-0.01275	3.49464829066624	0.32685775321541943	0.0702	3.4551525017424907	0.07841424451553097	0.1076	3.476384820763888	0.5771305628550625	-0.01275	3.464392376646579	0.2949027481744496	0.0702	3.422664636808279	0.041697452800588695	0.1076
313	12.542437275985662	3.8865439559656525	0.3858557789919023	0.0301	3.8248199161343983	0.38445358246328115	0.0301	3.524471109024369	0.2793096688807744	0.129	3.9017303406958637	0.12062676140350527	0.023	3.63634953974861	0.10071982385501241	0.2179	4.105214062856057	0.12005390960909675	0.1804	4.079643865753762	0.2605164211679093	-0.0119	3.907703001862988	0.3599197935955003	0.0301	3.7498590768597797	-0.011970265488262672	0.129	4.117507242998994	0.13673592835029436	0.023	4.171974983024082	0.006202686519117493	0.2179	4.188125476124192	0.030606038182901436	0.1804	4.149434565431259	0.19052137158585677	-0.0119	3.4442181235677327	0.6125801430870554	0.0008	3.194065198373107	0.651627880606691	0.0655	3.310272556048579	0.5417433721259431	0.1076	3.5007686651574814	0.6424567671109381	-0.01275	3.4942599978892708	0.3253751774474921	0.0702	3.454604051257393	0.08294969831776662	0.1076	3.4798713007914244	0.5766063706819492	-0.01275	3.467101675785824	0.2944708016359467	0.0702	3.4229612545809327	0.04155525614248938	0.1076
314	12.582508960573477	3.8889953425546393	0.3856035084650288	0.0301	3.832216788998818	0.3846357380626075	0.0301	3.5257549268672976	0.28655301100427916	0.129	3.903920359726842	0.11725186784828844	0.023	3.6351618543403026	0.09954617747612299	0.2179	4.109520143854727	0.11972601406580384	0.1804	4.08587330932767	0.24959316226244183	-0.0119	3.909394252503774	0.35666608193719845	0.0301	3.7503422079109896	-0.011954812907492526	0.129	4.117402842407024	0.13595765186775008	0.023	4.1725263323943516	0.005792900670343764	0.2179	4.189109815677776	0.03126324193753956	0.1804	4.1495740327358535	0.19021432879734493	-0.0119	3.4451540341088407	0.6133731879237351	0.0008	3.193759966399943	0.6514025758936415	0.0655	3.311905603445394	0.5418590279314465	0.1076	3.5027226053264187	0.6438177428349	-0.01275	3.495114702161663	0.3260188464308092	0.0702	3.453644147366602	0.08589288407858034	0.1076	3.4817609571731767	0.5751680904112325	-0.01275	3.467906306176281	0.29216687297063954	0.0702	3.4233753745184954	0.04142975763501422	0.1076
315	12.62258064516129	3.8925526493083975	0.38425268449613587	0.0301	3.836643326100077	0.3843896770143092	0.0301	3.5246620276989735	0.289402113849616	0.129	3.90679822212083	0.11701746732275145	0.023	3.6367296225847765	0.0993461836825513	0.2179	4.11123898250988	0.11970939770652649	0.1804	4.087753861438116	0.2319322401951597	-0.0119	3.9104236979610993	0.3526804390151013	0.0301	3.749579051996149	-0.013388569838239953	0.129	4.118002643657597	0.13581082778877288	0.023	4.1713404264127565	0.005773808231534803	0.2179	4.188877557033688	0.03141738559152229	0.1804	4.14967689324055	0.1890617856867391	-0.0119	3.4492075890487666	0.6129626900556897	0.0008	3.19905162859556	0.6510279755693417	0.0655	3.3173661646185515	0.5426732757028209	0.1076	3.508234796853824	0.6451092597820935	-0.01275	3.496301837564763	0.3258084842820047	0.0702	3.4543912100832483	0.08571945326112229	0.1076	3.484697660412782	0.5739371577190866	-0.01275	3.467047548175066	0.28966303263984167	0.0702	3.422489157371389	0.04187184628465289	0.1076
316	12.662652329749104	3.8961238571247496	0.38358911403084717	0.0301	3.8370178102094106	0.384417698491548	0.0301	3.522850834186156	0.29173420925171134	0.129	3.904777105080632	0.11938332207177144	0.023	3.643267698540372	0.10345102939783139	0.2179	4.110655894481197	0.12198182309065644	0.1804	4.084975673463177	0.2389017326611593	-0.0119	3.912311755266265	0.35125528517114746	0.0301	3.7480785719925946	-0.015442221440793302	0.129	4.118754466987333	0.13615536573753573	0.023	4.171239597490636	0.006102401778628167	0.2179	4.189229472879063	0.03193085016049676	0.1804	4.150122197696313	0.18843676704778795	-0.0119	3.4532000331512553	0.6118802868982394	0.0008	3.204663554168664	0.6519537471355605	0.0655	3.3215389793976926	0.5428053498774809	0.1076	3.5121868436497805	0.6449375204606479	-0.01275	3.4959719913364036	0.32446711958601954	0.0702	3.4532946422348623	0.08524693385657	0.1076	3.4884001725426512	0.5732969237614124	-0.01275	3.466352846826323	0.28896359630281443	0.0702	3.4199775118500475	0.039930016122707496	0.1076
317	12.702724014336917	3.8986900392464916	0.3837264693006552	0.0301	3.8404304230821262	0.38484933543078537	0.0301	3.5238374195281446	0.3026629867259843	0.129	3.9001114004916944	0.12127883709367283	0.023	3.6506816906325104	0.10751327792472981	0.2179	4.109920838193597	0.12523441167706026	0.1804	4.082610477572161	0.25562760036167004	-0.0119	3.914421889707963	0.3508854705367444	0.0301	3.7475616430714838	-0.01662550622138187	0.129	4.1180519855017765	0.1367125812964679	0.023	4.171929767535835	0.005892921603433805	0.2179	4.189832068159522	0.032605621116127456	0.1804	4.15065099213867	0.18864556551844602	-0.0119	3.4543856615809343	0.6099155331561578	0.0008	3.2056833079368205	0.6523780050557803	0.0655	3.3219710057557	0.5400607636641209	0.1076	3.512846117325144	0.6427848941822019	-0.01275	3.493717392936997	0.323869126206589	0.0702	3.44566794425838	0.08595416641125915	0.1076	3.4905669483070816	0.5724150720968687	-0.01275	3.4675062345109735	0.28844107263044766	0.0702	3.4181415110123927	0.03453019493268813	0.1076
318	12.74279569892473	3.9011874887411824	0.3829110376911849	0.0301	3.847631531606337	0.38489577358336446	0.0301	3.52649765558628	0.31651606020089085	0.129	3.899753605696001	0.12403526374911134	0.023	3.656649952327206	0.10923948846665964	0.2179	4.109950965436637	0.12872542511260163	0.1804	4.083402578635913	0.25671580214602485	-0.0119	3.917302735627094	0.35014182716884473	0.0301	3.747644247187955	-0.016718344915116045	0.129	4.1173118853375135	0.13725480950088448	0.023	4.171368351031899	0.005144015276977741	0.2179	4.188362841279806	0.03192080709558643	0.1804	4.151275374317854	0.1888810891529319	-0.0119	3.4550940689744	0.6065642542078846	0.0008	3.204820158942026	0.6498746836058652	0.0655	3.3230807311923796	0.5357103415950266	0.1076	3.513266434695516	0.6399050591719394	-0.01275	3.490342922368321	0.3223391126139295	0.0702	3.4360529266661968	0.08613345477742283	0.1076	3.4921828150891656	0.5710437147298052	-0.01275	3.470342241738325	0.2865251258484294	0.0702	3.418068615850913	0.030239824734562888	0.1076
319	12.782867383512546	3.9039127366716397	0.3802418966416516	0.0301	3.8516335313969257	0.3832487569459182	0.0301	3.52789338196314	0.32001266405274303	0.129	3.9026359522212375	0.12777211081792136	0.023	3.6551479900783543	0.11118865403413795	0.2179	4.109788276270957	0.1338561231454243	0.1804	4.08397720578584	0.2490411385441994	-0.0119	3.922451582028399	0.3497081471107645	0.0301	3.7477774612890875	-0.016584190742456602	0.129	4.118301313830174	0.13786639271240056	0.023	4.170964625918558	0.004803943254931316	0.2179	4.1860363799812506	0.030634353401189442	0.1804	4.151992138707792	0.18860815689881705	-0.0119	3.4567546198128136	0.602584884349351	0.0008	3.204891491039538	0.6423015452980436	0.0655	3.3269792649693875	0.5306603720877279	0.1076	3.5144297780078015	0.6372924133223762	-0.01275	3.4874494082960665	0.3178109847936853	0.0702	3.4315406019868813	0.08475198864230268	0.1076	3.495464936673094	0.5711454667606639	-0.01275	3.4726777945045764	0.28547078404842	0.0702	3.4183647624617644	0.03073783333866632	0.1076
320	12.822939068100359	3.9052790500847636	0.3779197135582293	0.0301	3.8489325182123957	0.37986910691649783	0.0301	3.528345004032729	0.31365945853864163	0.129	3.9036900081266928	0.12959807090967385	0.023	3.636865114406099	0.11265607216700052	0.2179	4.110120955398324	0.13832464738765465	0.1804	4.083737358849195	0.2475964001932938	-0.0119	3.926515697678992	0.34949644471649743	0.0301	3.7486011810856117	-0.016919743319320026	0.129	4.119109858995018	0.13848647857894947	0.023	4.1712790244401186	0.0054904799388065745	0.2179	4.185683647087334	0.03176740234317995	0.1804	4.152050159061152	0.18825170161520643	-0.0119	3.457782837846031	0.5991782407608512	0.0008	3.2052512366072174	0.6303601987001001	0.0655	3.33019468058241	0.5238048868856775	0.1076	3.5151084127480057	0.6344422116750735	-0.01275	3.487023129098173	0.3134777998383454	0.0702	3.432741224463511	0.08286667567329224	0.1076	3.4992520235457762	0.5730814350668486	-0.01275	3.473935210568772	0.28646776934213963	0.0702	3.4180808336118607	0.03374019708531294	0.1076
321	12.863010752688172	3.904973407137117	0.3778944864898537	0.0301	3.8439236071112663	0.3760798253799712	0.0301	3.528935369408459	0.30773927829543535	0.129	3.9052531411093017	0.13048560800036085	0.023	3.642674619102182	0.11237020832823924	0.2179	4.113329319980737	0.13818338352952844	0.1804	4.086575991776585	0.25449997187719253	-0.0119	3.9256954964764406	0.3490135759296695	0.0301	3.7500996795675214	-0.017463215438359558	0.129	4.1176579990359405	0.13868510092132905	0.023	4.170460852514865	0.0065172303580894615	0.2179	4.1864198295723005	0.034926892682414674	0.1804	4.150941517382613	0.18784797801986858	-0.0119	3.4580980740222285	0.5971186926681351	0.0008	3.2053190389546122	0.619934605715236	0.0655	3.331369301898009	0.5167165695454047	0.1076	3.515624948318949	0.6313075671492053	-0.01275	3.488541400455607	0.3132272512318154	0.0702	3.4363640132622137	0.08149830066796816	0.1076	3.501076445115284	0.5736110122920527	-0.01275	3.475512237950641	0.28699043215932313	0.0702	3.4181175337451446	0.03570054518053176	0.1076
322	12.903082437275986	3.9045924603045985	0.3783242435105573	0.0301	3.8415510108076236	0.3735471537512947	0.0301	3.5279571735251816	0.3059071934277071	0.129	3.910487537351914	0.1327551373215574	0.023	3.7559071670422015	0.11506088740203763	0.2179	4.116680268304499	0.13621821991269126	0.1804	4.090423124442305	0.26238925652109557	-0.0119	3.924110904214736	0.34852429392859524	0.0301	3.751514746964466	-0.01697859882988537	0.129	4.115053702310135	0.13846291632462526	0.023	4.168526390371064	0.006731325326865644	0.2179	4.186643740853846	0.03569290859105422	0.1804	4.149019578159142	0.18680896059430147	-0.0119	3.4593547594729666	0.5964696361020533	0.0008	3.2051906183779177	0.6161027026247113	0.0655	3.332649912100375	0.5130357502896642	0.1076	3.5161216274926708	0.6293255373012073	-0.01275	3.48902374935899	0.3146842868707103	0.0702	3.4388360467375527	0.08093373685716292	0.1076	3.501132310416608	0.5720566399052047	-0.01275	3.4771626752544407	0.28678920986228057	0.0702	3.420008546989875	0.03733210823570949	0.1076
323	12.943154121863799	3.9047022197804977	0.37745442702643056	0.0301	3.8415159729787947	0.37327124441708986	0.0301	3.5233073599253224	0.3040000060455565	0.129	3.915065244344054	0.1366814912301221	0.023	3.946768419409345	0.12380029210634101	0.2179	4.113885761415531	0.13834411481235545	0.1804	4.0876668416783115	0.26647547893574963	-0.0119	3.925619807499703	0.34840984235195455	0.0301	3.751910524144217	-0.015220852523372328	0.129	4.113842819312452	0.1383614771039071	0.023	4.165800053006196	0.00589825965654054	0.2179	4.1870588112305445	0.0321424539272935	0.1804	4.1475892738368225	0.18567884310236693	-0.0119	3.460864787739907	0.5964394899042341	0.0008	3.2046078662449364	0.6169955557758396	0.0655	3.3334364943337453	0.5128125517722022	0.1076	3.5153254597214025	0.6301657862753514	-0.01275	3.4870865642948328	0.3134053623680659	0.0702	3.4383447629049817	0.0809471644575748	0.1076	3.5007125345736316	0.5717823140840774	-0.01275	3.477710452010093	0.2876819644750827	0.0702	3.4229853735755724	0.03976370948852915	0.1076
324	12.983225806451612	3.904391300763064	0.3763423560570446	0.0301	3.8414190712382235	0.3742242153865136	0.0301	3.5182646912870847	0.3002753295156097	0.129	3.915646354817129	0.1417093668150918	0.023	4.073513424562634	0.13318411254885026	0.2179	4.106659430935666	0.14329649524619037	0.1804	4.079013962593825	0.2698140638003096	-0.0119	3.925611464577848	0.34912745392932815	0.0301	3.7508576710428714	-0.01386366782162827	0.129	4.114648297237564	0.1385122837203873	0.023	4.163071899175106	0.0047707227005770025	0.2179	4.187280908105543	0.02887377685972475	0.1804	4.147540848229519	0.1852362878779156	-0.0119	3.459680616185434	0.5965517495701539	0.0008	3.2035187899191087	0.61779362304386	0.0655	3.3316248619017728	0.5132718141382355	0.1076	3.5131956871380794	0.6324573219102679	-0.01275	3.48455206137776	0.3117576125909423	0.0702	3.43659441052578	0.08109070264976871	0.1076	3.4994683285261527	0.5733669334718905	-0.01275	3.4778785251713	0.28799356634542517	0.0702	3.423968576795465	0.040130178583107266	0.1076
325	13.023297491039427	3.903224938951764	0.3764286501913281	0.0301	3.8411693684498185	0.37419683989433067	0.0301	3.5179555374426568	0.2996331939808722	0.129	3.9145090961008364	0.14539867671709922	0.023	4.093822353576497	0.13710123421449713	0.2179	4.103215887601829	0.14505704310808537	0.1804	4.073803327545709	0.27218652042406927	-0.0119	3.9209179713965714	0.3504839636002686	0.0301	3.7495274756319494	-0.014090023651718185	0.129	4.114883077550926	0.13863779473160712	0.023	4.16261779636152	0.004471042323649078	0.2179	4.186379044382247	0.030443317542757198	0.1804	4.147069173332923	0.1851923600686435	-0.0119	3.4556574541064444	0.5969664307470791	0.0008	3.2027622015547297	0.6167759764285787	0.0655	3.32926366420907	0.5132183803791945	0.1076	3.511587324919386	0.6326190025518279	-0.01275	3.483516387140339	0.3143273521187865	0.0702	3.4363541896975995	0.08138765083930001	0.1076	3.497135791633331	0.5739289765600893	-0.01275	3.478560243254858	0.28656385789727273	0.0702	3.4224690659854895	0.037088794705996506	0.1076
326	13.06336917562724	3.9012362957367306	0.3773028168571722	0.0301	3.8414384432841517	0.373184201390525	0.0301	3.520593185295025	0.300180874447301	0.129	3.914011958534109	0.1459777510571793	0.023	4.078457743286019	0.13579713801736873	0.2179	4.104589633457603	0.1431987723182959	0.1804	4.074891745208086	0.2699067197481562	-0.0119	3.9163150764996564	0.35138289320526367	0.0301	3.7488941387536685	-0.014830814648134497	0.129	4.113307649548013	0.1387515642449123	0.023	4.163348284714007	0.0047945230367786576	0.2179	4.184801595138674	0.03326536707734509	0.1804	4.1453196977506925	0.18531922401297024	-0.0119	3.4520186273656686	0.5973854587683739	0.0008	3.202463074149613	0.6154697350811233	0.0655	3.3281839834213542	0.5132314951541094	0.1076	3.5111742946049658	0.6308799448274479	-0.01275	3.48338147356189	0.3175282629645957	0.0702	3.437194724586965	0.08171509722692287	0.1076	3.4946160123868695	0.5728214700268129	-0.01275	3.4782814496281897	0.28618211505023505	0.0702	3.421271299855316	0.034940109083509426	0.1076
327	13.103440860215054	3.8987206896299638	0.3771410010227058	0.0301	3.8418062201901035	0.372976234584318	0.0301	3.5217781001263235	0.29219598647434397	0.129	3.9141949331304677	0.14532924624261653	0.023	4.070680182598204	0.13314018610608044	0.2179	4.1041882914260865	0.14192444947397226	0.1804	4.075941477179553	0.2657945888403084	-0.0119	3.91498144270963	0.3517473948963177	0.0301	3.7480444598346097	-0.01449265005715395	0.129	4.112192697783137	0.13855775050779687	0.023	4.162995699769348	0.00459866023944773	0.2179	4.182846949978351	0.032354807560893595	0.1804	4.144622763870789	0.1856156912078117	-0.0119	3.449967007026619	0.5977083978672382	0.0008	3.2008747913393782	0.6149965699994323	0.0655	3.3255643864081357	0.5136404910678146	0.1076	3.509649332286547	0.6300881949919004	-0.01275	3.482863983117191	0.3158645938287207	0.0702	3.4369719098832627	0.08179475190197774	0.1076	3.492040951737161	0.5718126201496716	-0.01275	3.475699971057873	0.2880731966597785	0.0702	3.4214693537799317	0.03697643225492447	0.1076
328	13.143512544802867	3.8956983259757214	0.37634616969602047	0.0301	3.841260714065408	0.37333483216510455	0.0301	3.5213872640634474	0.2807533762174745	0.129	3.913535432702191	0.14585998937114758	0.023	4.069084722079322	0.13174656992746822	0.2179	4.100767498048903	0.1422906444705204	0.1804	4.073245921651749	0.2648381180328542	-0.0119	3.913191580866771	0.35226544073133814	0.0301	3.74718047523364	-0.01400627134903447	0.129	4.112395481933839	0.13737309165282427	0.023	4.163678071102115	0.004751049532469592	0.2179	4.182186043454087	0.030142707488606108	0.1804	4.1457011606851655	0.1858080610452498	-0.0119	3.447364364071725	0.5981484565605465	0.0008	3.196967459564448	0.6135575578466245	0.0655	3.320790047367055	0.5134239219204414	0.1076	3.505383307437608	0.6301430172486694	-0.01275	3.482657650210786	0.3135913140495889	0.0702	3.436197798010358	0.08295817947747555	0.1076	3.4888202361444174	0.5710586259352859	-0.01275	3.472391083020806	0.28968696001083555	0.0702	3.4216354392252297	0.040156429115313926	0.1076
329	13.18358422939068	3.8905884325684026	0.3771165008314014	0.0301	3.837385326499147	0.37310290968194826	0.0301	3.5203752760304083	0.27603399939385825	0.129	3.9104898671491393	0.14750838799134938	0.023	4.0684729003921465	0.13128215115458394	0.2179	4.098786723674541	0.14251854589294088	0.1804	4.068780652102344	0.2679270668163803	-0.0119	3.9080977654857674	0.35274042296630886	0.0301	3.748012922320641	-0.015537786607204415	0.129	4.112393731164923	0.13592628299677464	0.023	4.165831283224393	0.005970898347432153	0.2179	4.183660408031825	0.03017763945300483	0.1804	4.146459363164855	0.18573040915419675	-0.0119	3.442905463606693	0.5976977534359462	0.0008	3.1923149334260223	0.6101032068673264	0.0655	3.3174846637051054	0.5115968350469157	0.1076	3.50053929705399	0.6296906217721742	-0.01275	3.4829766102133344	0.317133635069311	0.0702	3.436241941987049	0.08655462793579906	0.1076	3.4849530479906616	0.5698988458049068	-0.01275	3.470672589920438	0.28960589586463664	0.0702	3.4212894721566163	0.04148241167470964	0.1076
330	13.223655913978495	3.8838519302531624	0.37887070940883155	0.0301	3.8294976734050166	0.3728417736786172	0.0301	3.5178262869892145	0.2706381208835541	0.129	3.906259377413152	0.14924709891149793	0.023	4.067416319660424	0.13067305267842882	0.2179	4.097913704876907	0.1421674853778431	0.1804	4.064474894976635	0.2721277889687155	-0.0119	3.902576761306091	0.35385784261049474	0.0301	3.7495955602733013	-0.01791417724459111	0.129	4.112017922556652	0.13575369589690528	0.023	4.165525706050673	0.005361848568451273	0.2179	4.18371964212434	0.03121545344478149	0.1804	4.144970759520664	0.18547480531225885	-0.0119	3.438373969965966	0.5957313368953896	0.0008	3.1890185858157882	0.6075340886394109	0.0655	3.316529534229478	0.5092451992810206	0.1076	3.497884075949385	0.6290007885847846	-0.01275	3.4818309564695857	0.32240132861289894	0.0702	3.436729593322767	0.09086624869893625	0.1076	3.4812595117150096	0.569440758951415	-0.01275	3.469971043517506	0.2905339293481451	0.0702	3.4216829395667516	0.043861940336740894	0.1076
331	13.263727598566309	3.878635908878053	0.3795809353732317	0.0301	3.820939917184541	0.37295166624825893	0.0301	3.5139292049197786	0.2571628243068499	0.129	3.905404063440541	0.1515538575314001	0.023	4.065767786358631	0.13045838315010716	0.2179	4.094978978430051	0.14144371229961392	0.1804	4.061450346429933	0.2725940942915936	-0.0119	3.8991909626425127	0.35708400576612676	0.0301	3.7500148617860845	-0.01805430007931786	0.129	4.11283186338207	0.13638348120493288	0.023	4.16358899767855	0.001805680008172844	0.2179	4.18161925972535	0.03183056767406821	0.1804	4.142767900995507	0.1851335970034674	-0.0119	3.4349830551903957	0.593775427731954	0.0008	3.1869005205671037	0.6076208386535983	0.0655	3.3152571337256598	0.5081179436085924	0.1076	3.496339762290922	0.6287188777552536	-0.01275	3.4784464804868405	0.32217515931982393	0.0702	3.4369522010825397	0.09359066118109126	0.1076	3.478330923963219	0.5700559155040472	-0.01275	3.4679798736895258	0.2940259615642761	0.0702	3.423151530766098	0.049709348030050324	0.1076
332	13.303799283154122	3.8736040443887694	0.3792712833865923	0.0301	3.813499984556811	0.3729362772507353	0.0301	3.5117413750707134	0.24177393555651858	0.129	3.909120883794584	0.15488977552559566	0.023	4.065452059807058	0.1312624257325415	0.2179	4.091298475981423	0.14030547995599077	0.1804	4.060020953832533	0.268552173007277	-0.0119	3.89579227472571	0.3606370733108049	0.0301	3.750015453698792	-0.016664078512682066	0.129	4.115158549681798	0.1363639287766298	0.023	4.164070843838397	-1.6668869023885242e-05	0.2179	4.181358254767324	0.03288884949981547	0.1804	4.144148929980587	0.1844719335587778	-0.0119	3.4302173178430126	0.5932710967131429	0.0008	3.1837374208345364	0.6074107473414285	0.0655	3.3118065028270802	0.508276871441857	0.1076	3.4923005619483094	0.6287859374815437	-0.01275	3.475232984803401	0.31852961845512334	0.0702	3.4361199358652863	0.09480444698658452	0.1076	3.4751489973897147	0.5701227198115053	-0.01275	3.4651224750875413	0.2966132767724178	0.0702	3.4241158597958736	0.054902120110712035	0.1076
333	13.343870967741935	3.865289637314317	0.3788866340554065	0.0301	3.806857194876783	0.37279027401647874	0.0301	3.5123791281008616	0.23163873431179152	0.129	3.911131488471826	0.1573712167091813	0.023	4.067392289736942	0.13182280751848252	0.2179	4.090145393680413	0.13935062297640885	0.1804	4.058572382487963	0.2646774122658285	-0.0119	3.8906075909904203	0.3617276636642745	0.0301	3.750681701548451	-0.016910609834397464	0.129	4.116771512598413	0.13611821526601406	0.023	4.165814053875785	0.002455275670473699	0.2179	4.182856204591747	0.03476949157344433	0.1804	4.148909440069288	0.18337845811842093	-0.0119	3.4226672803671634	0.5935926807633982	0.0008	3.1785091994236985	0.6039150360582128	0.0655	3.306805345435211	0.5083782500905264	0.1076	3.48545396051712	0.628424934173215	-0.01275	3.4738365491048353	0.31713250475258054	0.0702	3.433812790958063	0.0954625765846284	0.1076	3.4707188360686376	0.5690178927698127	-0.01275	3.4633094047265622	0.2950512005992319	0.0702	3.423271673584956	0.05472508283249721	0.1076
334	13.383942652329749	3.8568404390355515	0.37877808821855286	0.0301	3.8021984686096983	0.37252771831063025	0.0301	3.512523080944995	0.22796044884610164	0.129	3.9082357641879932	0.15705870188466642	0.023	4.065868519003269	0.1306345344950284	0.2179	4.090883015566446	0.1376902700054956	0.1804	4.056098805554667	0.2638511991794963	-0.0119	3.885802026106242	0.3617169169239002	0.0301	3.7516068902632727	-0.018879762021958936	0.129	4.115938720422381	0.13669827379878746	0.023	4.1664095007520325	0.005367393911140579	0.2179	4.18283927023597	0.036139181772619884	0.1804	4.152053719214542	0.18252667809304646	-0.0119	3.416206025400154	0.5932468472155986	0.0008	3.1730952981591485	0.5989742570749419	0.0655	3.3024005144911253	0.5075773879638068	0.1076	3.479733857786615	0.6272531053075024	-0.01275	3.472374951686873	0.317416210576958	0.0702	3.4312672084938014	0.09583846428045173	0.1076	3.4659563032725265	0.5676138499783435	-0.01275	3.4617089976275697	0.29097907081204677	0.0702	3.421134857174354	0.05171051296596874	0.1076
335	13.424014336917564	3.8525777633207223	0.37914981750524734	0.0301	3.7994385243473374	0.37204682769686814	0.0301	3.509287882840932	0.22715757066974837	0.129	3.9051481261668264	0.15485882168188514	0.023	4.055693518196344	0.12821519473304652	0.2179	4.089659102561841	0.13400369914678228	0.1804	4.053339923335755	0.2637550407302964	-0.0119	3.8825568643974564	0.36252865996616157	0.0301	3.7516228169216803	-0.02028689970515467	0.129	4.113680551186619	0.137667328985181	0.023	4.166595651890731	0.0062201471085538374	0.2179	4.181459305239581	0.036033632547629924	0.1804	4.151771866383305	0.18252337433244303	-0.0119	3.413694358326796	0.5920613254324246	0.0008	3.169442634825494	0.5961995817210456	0.0655	3.2992566737985936	0.5060934720971494	0.1076	3.4770046133007497	0.6261760977391155	-0.01275	3.469671514527849	0.3167916240242756	0.0702	3.430078074416998	0.09576578499597638	0.1076	3.461888176041382	0.5669329474317709	-0.01275	3.4584316511182136	0.2896705061955762	0.0702	3.4192993330557693	0.05206523821222182	0.1076
336	13.464086021505377	3.8485917565390277	0.3798071235738143	0.0301	3.7951868281259578	0.37192313812419153	0.0301	3.5035910172905282	0.22497094140007937	0.129	3.904073192794881	0.15269859924801057	0.023	4.045951085875287	0.12584750812206222	0.2179	4.086701994403537	0.13019390948310663	0.1804	4.051605976135311	0.2607088283612212	-0.0119	3.8783273331184276	0.3629828927096865	0.0301	3.750241704366094	-0.02055849342695225	0.129	4.111779847898933	0.13832969072811685	0.023	4.166637675901352	0.007056148269958477	0.2179	4.180342790930534	0.035574853673232966	0.1804	4.150047024396413	0.18320619845614905	-0.0119	3.4110962878172857	0.5908451272078338	0.0008	3.166852464126192	0.5940209558464205	0.0655	3.295341551243481	0.5037422636727261	0.1076	3.473858187079491	0.6249999485235208	-0.01275	3.468020754575281	0.316049185627965	0.0702	3.4295076327129914	0.09555979932811541	0.1076	3.457863560012927	0.5671147232716099	-0.01275	3.4539452949066445	0.29312871688122744	0.0702	3.4181566986538865	0.05643565167249726	0.1076
337	13.50415770609319	3.8408311093661185	0.37988383990781915	0.0301	3.7879244845503215	0.3717805494923752	0.0301	3.4988546893466066	0.2208762176772749	0.129	3.903161122654229	0.15136369213210485	0.023	4.047204000539353	0.12379112555644504	0.2179	4.0855417718944524	0.12808627222019267	0.1804	4.051008752253532	0.25458245733725143	-0.0119	3.8722598574345137	0.3625749023801897	0.0301	3.7489164507158916	-0.021173332851837846	0.129	4.111310102459422	0.1388267025135765	0.023	4.165222144083043	0.00905143613841296	0.2179	4.179983375500815	0.036300748075335766	0.1804	4.147995423557498	0.184123645004138	-0.0119	3.404355650237905	0.5894906655875604	0.0008	3.1635917808532286	0.5879552734671	0.0655	3.2899942089096497	0.5003403167531194	0.1076	3.46782962350825	0.6225865889338035	-0.01275	3.468448085582345	0.31615466913146234	0.0702	3.4276063027849557	0.09590739497903629	0.1076	3.452690758754369	0.5670480281719928	-0.01275	3.4498019124549546	0.29674858389062786	0.0702	3.4164591137271176	0.06079407880661135	0.1076
338	13.544229390681004	3.8345096641855245	0.37933405629165434	0.0301	3.782280611800142	0.3699928572432476	0.0301	3.497531312587138	0.21635288894556337	0.129	3.9026289982066347	0.15125647926409502	0.023	4.050541767840791	0.1232406076114463	0.2179	4.080482792350913	0.1267730623903046	0.1804	4.046902192556227	0.24928657200051385	-0.0119	3.8674854604852116	0.3625366456514561	0.0301	3.748849505928967	-0.022652202039419936	0.129	4.112454982417306	0.13939408283744273	0.023	4.162831423710406	0.011038735909933485	0.2179	4.181437259974453	0.03809609426018282	0.1804	4.145634995422268	0.18490402573446854	-0.0119	3.3967826976484625	0.5877876561855135	0.0008	3.1594038687746346	0.5789874341563083	0.0655	3.2867828728769517	0.4969932193752305	0.1076	3.4623383474414133	0.6205124086351381	-0.01275	3.466776265337261	0.31669439015299145	0.0702	3.425109738037805	0.09615083629475277	0.1076	3.4464985348245025	0.5664877168681975	-0.01275	3.445933747517639	0.2971961647855164	0.0702	3.414032626899746	0.06284846973066309	0.1076
339	13.584301075268817	3.833375011366136	0.3791666866058762	0.0301	3.7821967995356847	0.3675926275679653	0.0301	3.4987359320859155	0.21227994824301494	0.129	3.902285716833243	0.1516736030225059	0.023	4.044044001798341	0.12533127938543573	0.2179	4.064563831473509	0.12532121868797585	0.1804	4.035472100920507	0.24671774425010923	-0.0119	3.865424928506568	0.36327077075721265	0.0301	3.749232874682166	-0.023429380637331163	0.129	4.114268845129634	0.14003646601588332	0.023	4.161635353577639	0.012318348998354843	0.2179	4.183552072493774	0.03945091480386886	0.1804	4.144264041746214	0.18556694719343605	-0.0119	3.392516217262959	0.5866636294160898	0.0008	3.15514524992669	0.5714309218826091	0.0655	3.2875898681025815	0.4944395155853531	0.1076	3.4599739224622805	0.620558881935691	-0.01275	3.4598128446184124	0.31731673916631775	0.0702	3.4237527782480335	0.09491281843868368	0.1076	3.4410354597593704	0.5663513665292556	-0.01275	3.4418954352777615	0.2959910957711779	0.0702	3.412259969629022	0.06214791411665972	0.1076
340	13.62437275985663	3.831354706035993	0.3791693253501503	0.0301	3.781904058937727	0.3668053562710868	0.0301	3.5002420132623016	0.20793006967279007	0.129	3.8991347249873662	0.15020158943533343	0.023	4.0327646949755485	0.12462686823835746	0.2179	4.050065377467455	0.12254789653916358	0.1804	4.022946339164192	0.24469844868421262	-0.0119	3.8638635770881966	0.3645536659637621	0.0301	3.749779407073323	-0.023250565008382504	0.129	4.116471779745268	0.14066677237994044	0.023	4.162718316122697	0.013971765586192151	0.2179	4.182607100524992	0.039614898638491235	0.1804	4.146389486494418	0.18636984565310757	-0.0119	3.3893714022110304	0.5864932345785531	0.0008	3.1514782081273345	0.5657680239290919	0.0655	3.2870327585545684	0.4921329668491165	0.1076	3.456391621763653	0.6210261632842289	-0.01275	3.4538353637074115	0.3178019180268522	0.0702	3.422600430919239	0.09264275180648525	0.1076	3.43789921804454	0.5664429499777737	-0.01275	3.4392712037560695	0.29580793259494265	0.0702	3.4119188203094772	0.0596498138125934	0.1076
341	13.664444444444445	3.8247773296262646	0.37820249473866985	0.0301	3.7751951914855226	0.366945887731284	0.0301	3.5010460731101647	0.20125855824245653	0.129	3.893835397328132	0.1470258074597546	0.023	4.025157367828104	0.1151792693399324	0.2179	4.048370482416068	0.11700022988538708	0.1804	4.016905560029523	0.24172826769629788	-0.0119	3.861688216663362	0.36606823021381385	0.0301	3.751184484956388	-0.02388514177241514	0.129	4.119410225912691	0.1411761079883071	0.023	4.165510778206881	0.017069666485363188	0.2179	4.179673955321767	0.03980537066668901	0.1804	4.151573563214016	0.18713645152647587	-0.0119	3.384914802594241	0.5866974315062546	0.0008	3.148705089525479	0.5601718152024906	0.0655	3.2812375535210565	0.4897295637247294	0.1076	3.447729562481932	0.6204135190006586	-0.01275	3.455035050431934	0.3175800372799864	0.0702	3.4205107547292384	0.09014561343478258	0.1076	3.4359404939279137	0.5661601567423115	-0.01275	3.4392125780066065	0.2981800298020984	0.0702	3.4122858725930283	0.05861251457999855	0.1076
342	13.704516129032259	3.8199160076526337	0.37699421447597237	0.0301	3.768748188422072	0.36811106116673303	0.0301	3.50085273639303	0.19394995582853	0.129	3.8921134438065534	0.1469624050407948	0.023	4.020917273256417	0.10394521514454726	0.2179	4.0477798348578515	0.1124186103170288	0.1804	4.015928370264945	0.23863709722962975	-0.0119	3.8597554345607126	0.3672104054220822	0.0301	3.7527002125444056	-0.024903261177871453	0.129	4.121021804157186	0.14148414011335259	0.023	4.1674928308741075	0.01978813756596936	0.2179	4.178559407099729	0.040737459368497896	0.1804	4.1552452319983635	0.18752276183838534	-0.0119	3.3816196508720093	0.5865566983866566	0.0008	3.1463080789345432	0.5541732582973067	0.0655	3.276740595422753	0.48681505215126847	0.1076	3.439214953468126	0.6205466630650128	-0.01275	3.4568117808251624	0.3160073783669326	0.0702	3.418462690656685	0.08763682336447653	0.1076	3.432347684773064	0.5655933830102754	-0.01275	3.438708079691855	0.3009386510741085	0.0702	3.4114917436116508	0.06101916460208228	0.1076
343	13.744587813620072	3.820561134430818	0.37704832413368655	0.0301	3.7693285113806594	0.3710442343358496	0.0301	3.499448164771363	0.19090846892576183	0.129	3.8940626516878973	0.15083987126005075	0.023	4.018199229404457	0.10090584029327876	0.2179	4.0403270972424705	0.11462498888403155	0.1804	4.014996957109026	0.23746470653840077	-0.0119	3.8577117556567457	0.36768359645226245	0.0301	3.753363447132961	-0.02484466499785773	0.129	4.119709939462457	0.14158890553098777	0.023	4.167427150474584	0.019958351830946137	0.2179	4.1790469773362515	0.041425222550911286	0.1804	4.155342128450507	0.18809130403634744	-0.0119	3.3802322275901067	0.5847995887073365	0.0008	3.143118032717747	0.5484466682504698	0.0655	3.2785914228218758	0.4830737118984755	0.1076	3.43782728130797	0.6222133270057522	-0.01275	3.4532609793058806	0.3140698021695977	0.0702	3.4170237509866994	0.08697742800221173	0.1076	3.426848404289136	0.5644782131006683	-0.01275	3.434388492236767	0.30095192774263907	0.0702	3.4082539958833955	0.06391644496182697	0.1076
344	13.784659498207885	3.8209397793495197	0.37765897902316276	0.0301	3.7707186925283347	0.372433526775959	0.0301	3.4969391936599936	0.19212272367977218	0.129	3.8938845295331035	0.1530239126966995	0.023	4.014881545019406	0.10340224975134046	0.2179	4.0355049193939765	0.11972169488304638	0.1804	4.011326690059727	0.23913656812372835	-0.0119	3.8545999003185156	0.36809418094470664	0.0301	3.753293610070539	-0.024976353934706406	0.129	4.11840010313183	0.14160814624055018	0.023	4.167556169886914	0.01882084615558101	0.2179	4.17967471220124	0.04156766782128695	0.1804	4.1546211111121405	0.1895047768131044	-0.0119	3.3771541889174985	0.581489968531968	0.0008	3.1391782019507897	0.5438580355173381	0.0655	3.2789998903525	0.4805788281775147	0.1076	3.439480291864141	0.6222144629705184	-0.01275	3.4508997756251905	0.3133125249362661	0.0702	3.415453241477852	0.08827089530735457	0.1076	3.4216770129249032	0.5630950551806165	-0.01275	3.4291329001211173	0.2996516287563556	0.0702	3.404070025067641	0.06299895385767897	0.1076
345	13.824731182795698	3.8173406758964816	0.37744154717909506	0.0301	3.7681729469760032	0.37070940918836176	0.0301	3.493797625723608	0.19274666191636136	0.129	3.8912994877221814	0.153330892959019	0.023	4.007871095775909	0.10418290559188197	0.2179	4.0360901828478815	0.11950918946554658	0.1804	4.005670553462569	0.241634792751891	-0.0119	3.8513137275773275	0.369090733843771	0.0301	3.752373817568765	-0.026010354540621065	0.129	4.1194580599004125	0.14159921972455639	0.023	4.168240996882016	0.018041202921869594	0.2179	4.180338631608245	0.041203398785325716	0.1804	4.154910971676984	0.19040420194281862	-0.0119	3.372299533635849	0.5787528596420207	0.0008	3.1356617144103627	0.5404770604967821	0.0655	3.2720977752574734	0.48061234311121004	0.1076	3.436009107453844	0.61924749029722	-0.01275	3.4538293813005283	0.31328669806806037	0.0702	3.413902561488138	0.08790153559953731	0.1076	3.4181448770435465	0.562781575763944	-0.01275	3.4278738298089797	0.30015331206882	0.0702	3.401692162264547	0.05861433716211873	0.1076
346	13.864802867383514	3.813479839308531	0.3770904630032455	0.0301	3.7668509625216102	0.36976657660694806	0.0301	3.4916244048536824	0.19121507957284486	0.129	3.8898054273505642	0.15502802599612647	0.023	3.999686447907812	0.10279233026834655	0.2179	4.032122597570492	0.11518199634965008	0.1804	4.001495278164665	0.2422852812046745	-0.0119	3.8495579770844195	0.3699838097237523	0.0301	3.7511137938415935	-0.026287762461270826	0.129	4.121085349746486	0.14145149354499964	0.023	4.167792005989754	0.01742676760914932	0.2179	4.1809438944546775	0.039677415605958735	0.1804	4.155492663017817	0.18944186326904322	-0.0119	3.369666523057038	0.5772846079782143	0.0008	3.132958531284317	0.5371856282259398	0.0655	3.265588474911321	0.4791241404608143	0.1076	3.4302435291985196	0.6160038222352667	-0.01275	3.455581597973583	0.31277420288450286	0.0702	3.4133078329719226	0.08494968996832546	0.1076	3.415809301931074	0.5633592523937556	-0.01275	3.429488735244721	0.30205080093525793	0.0702	3.401603290880535	0.054355784571584166	0.1076
347	13.904874551971327	3.8120207351264184	0.3777609336617341	0.0301	3.7688551402406105	0.3712414702795182	0.0301	3.4917559639088034	0.1903423596940145	0.129	3.8901227897616533	0.15505269822544063	0.023	3.994617038887976	0.10249912374556139	0.2179	4.02110010952329	0.11263607721502816	0.1804	4.000482152939879	0.24113332020103737	-0.0119	3.849464213395307	0.3700977927247573	0.0301	3.750763786155274	-0.02537766205884386	0.129	4.121684059416682	0.14111186230615938	0.023	4.166946403787845	0.01666517785259612	0.2179	4.181221444557292	0.037936471033131976	0.1804	4.1557211791029935	0.18817979083092778	-0.0119	3.369605332043704	0.5758572497299046	0.0008	3.131138779518415	0.5324063784202603	0.0655	3.2656915500095454	0.4731846752261279	0.1076	3.428967828237483	0.6136061453708543	-0.01275	3.452119286826164	0.31134249718606916	0.0702	3.4135919679032254	0.08208766186116129	0.1076	3.413771895532981	0.5635178164795198	-0.01275	3.429884917792715	0.30289292035834836	0.0702	3.402697591131076	0.05231711076482072	0.1076
348	13.94494623655914	3.811723215070607	0.378864617436225	0.0301	3.7685098401410277	0.37273985859074854	0.0301	3.4929584320189893	0.191055446147014	0.129	3.8917826399023943	0.15280933689521117	0.023	3.992763377244016	0.10274000067142533	0.2179	4.013638686486333	0.11188313132294689	0.1804	4.0009788708364455	0.24032273668764392	-0.0119	3.8496661308523614	0.37036115168280415	0.0301	3.751197399055982	-0.024540346146502277	0.129	4.121413680837363	0.14076058810081574	0.023	4.167006434114029	0.015569370588766066	0.2179	4.181255506899682	0.03754296229871214	0.1804	4.155719408856125	0.18809931165370516	-0.0119	3.36896719172831	0.574368510034247	0.0008	3.130677573775335	0.5249952671336399	0.0655	3.2682707457891804	0.4673997175252235	0.1076	3.429031378046932	0.6114540925212443	-0.01275	3.4483798278465354	0.30957937685825804	0.0702	3.4141607459516563	0.08008087807908128	0.1076	3.4121305040947574	0.5639918275268334	-0.01275	3.428448360610072	0.3029671039726191	0.0702	3.4042979861649028	0.052025425644098046	0.1076
349	13.985017921146953	3.8107590971509366	0.37944028962703547	0.0301	3.7632673457232766	0.3728037830606029	0.0301	3.494166002259345	0.19158042725428023	0.129	3.893427176742412	0.15363685341897954	0.023	3.992599220662914	0.10061565523571733	0.2179	4.0128913779616235	0.10923104514240449	0.1804	4.001198821859732	0.2396874096907046	-0.0119	3.8491288715319936	0.37151129458989957	0.0301	3.751346751046138	-0.024653247003003448	0.129	4.120084843004773	0.14064044533580133	0.023	4.16758917762893	0.014017303099020254	0.2179	4.181498443262884	0.03728792594076055	0.1804	4.155848992457035	0.18833587277780411	-0.0119	3.366668928235425	0.5736351994808421	0.0008	3.131115438384695	0.5149576346104804	0.0655	3.2692136483083103	0.46541030197583316	0.1076	3.424070269218567	0.6101576330481632	-0.01275	3.4479239080307242	0.30822756150948605	0.0702	3.414892649127832	0.07756687579738096	0.1076	3.411786262706097	0.5656606043958395	-0.01275	3.4275525380667458	0.30435149719834087	0.0702	3.4055945307782496	0.051378793010853574	0.1076
350	14.025089605734767	3.8087070911311263	0.3795208264646797	0.0301	3.758032976536576	0.3721760487755003	0.0301	3.4963528706791314	0.19147258381554208	0.129	3.8929835305892935	0.15719446280639063	0.023	3.992022157146092	0.09881697246667975	0.2179	4.010472604354012	0.10642617440201031	0.1804	4.000635698926267	0.23735438559886762	-0.0119	3.848326052845941	0.3726192897334988	0.0301	3.7510245321932962	-0.025318964885745462	0.129	4.118387263037839	0.1408016672865043	0.023	4.167445802373088	0.012751261376694575	0.2179	4.18208906256312	0.03562016810614735	0.1804	4.156181543856892	0.188498276666973	-0.0119	3.364211611944406	0.5729306397902495	0.0008	3.131334230695643	0.5054501825103397	0.0655	3.2690792741424626	0.46270495080015767	0.1076	3.4161286868681326	0.6104506927913935	-0.01275	3.447883469670637	0.3070513701654821	0.0702	3.415559553071717	0.07468348347488651	0.1076	3.4121462529641278	0.5663670886338131	-0.01275	3.4282211223669545	0.3052911413182148	0.0702	3.406210405801886	0.04916522603622602	0.1076
351	14.06516129032258	3.807263516906368	0.37954297776189544	0.0301	3.756466550360861	0.3724181481107284	0.0301	3.4989558310625917	0.19174016397341292	0.129	3.890240874338859	0.15821458417574696	0.023	3.9902211081455525	0.10162434041122745	0.2179	4.008631163161371	0.1084485919278052	0.1804	3.999501378068752	0.23470262229026137	-0.0119	3.848367108628503	0.3728625377061442	0.0301	3.7508401672330804	-0.025475513377588327	0.129	4.118462512984145	0.14096109372497428	0.023	4.166308757171797	0.01298587602800928	0.2179	4.182567319129601	0.034232647835456646	0.1804	4.15640763543152	0.18910900075989848	-0.0119	3.362668079510473	0.5712457272004481	0.0008	3.1311056995920956	0.5012011096083899	0.0655	3.269308749956349	0.45584312518323566	0.1076	3.4108284167008076	0.6115170021119667	-0.01275	3.4474162001600632	0.30609506737185027	0.0702	3.415905924591785	0.07307021365462271	0.1076	3.411857223373295	0.5650512674183885	-0.01275	3.428509631610149	0.3032266857778881	0.0702	3.4069123233781387	0.046644890156275834	0.1076
352	14.105232974910395	3.807802235691769	0.37975318701092176	0.0301	3.7561808928986515	0.3729053711475459	0.0301	3.4990527334497754	0.19229526999378593	0.129	3.886810638557064	0.15699343306985042	0.023	3.9890727874735856	0.10630123939323646	0.2179	4.0145845174647405	0.1132234834050612	0.1804	3.999339298034338	0.23424517157822305	-0.0119	3.8492992999064892	0.37268761021052926	0.0301	3.7510382915995293	-0.025364765259651013	0.129	4.120457521421803	0.140663323361427	0.023	4.165967416339215	0.014920400342609054	0.2179	4.1825571350187785	0.035070790873712204	0.1804	4.156371463939131	0.18916655158579215	-0.0119	3.361598898674847	0.5693518436499341	0.0008	3.1308553505721255	0.50015406280183	0.0655	3.270097717783072	0.44926448810518416	0.1076	3.4088650784708805	0.6117471496509685	-0.01275	3.4482446244582423	0.3058970202849775	0.0702	3.4161550504472644	0.07289742149132092	0.1076	3.41195202479286	0.5643223160740208	-0.01275	3.428057833593362	0.30077995942381347	0.0702	3.4080767816110926	0.04542853845633552	0.1076
353	14.145304659498208	3.8092747187872513	0.3799283614633882	0.0301	3.7548932597694487	0.37159528420349275	0.0301	3.496137040032483	0.19216093670118867	0.129	3.8853571067669157	0.15797970841590875	0.023	3.9895840944370313	0.10934884327807326	0.2179	4.021451592971002	0.11634603693689775	0.1804	4.000990816597867	0.23531608921626254	-0.0119	3.8502533267844243	0.3725786424487715	0.0301	3.751518228391503	-0.026255579344983293	0.129	4.122164141216583	0.13990640000885549	0.023	4.166444093951245	0.01695935348406162	0.2179	4.1822963777423015	0.03676275662512474	0.1804	4.1562977805162316	0.18782681105814308	-0.0119	3.36079667939607	0.5683643917137583	0.0008	3.130818939805391	0.49571830511911774	0.0655	3.2703227918788165	0.44700940958450963	0.1076	3.407864243720096	0.6111873060476317	-0.01275	3.448428616118641	0.3061913628454372	0.0702	3.4167284301689174	0.07262102403221192	0.1076	3.414007122441827	0.5654271460568784	-0.01275	3.4288539377640066	0.3009444261149828	0.0702	3.409086235812857	0.04580960793440717	0.1076
354	14.185376344086022	3.809926380821702	0.37974135320403396	0.0301	3.7539791429066676	0.3694949579998719	0.0301	3.4936642658259607	0.19199694768906295	0.129	3.887193425368705	0.16111611209360016	0.023	3.990534769409882	0.11095907666966244	0.2179	4.0224547670081305	0.11914262646003404	0.1804	4.002275128168928	0.2363045354338854	-0.0119	3.8507079061106966	0.3726520601993787	0.0301	3.7521557831054215	-0.027739988537024522	0.129	4.121964549832021	0.13939477890886495	0.023	4.165606124605807	0.017182205830405313	0.2179	4.182258637344497	0.03693855565469849	0.1804	4.156365815269741	0.1866570603192818	-0.0119	3.360656536188595	0.5685425756605166	0.0008	3.130974601066191	0.49067828420131504	0.0655	3.270198407215703	0.4471588285268898	0.1076	3.406901065433377	0.6112566771224391	-0.01275	3.4464116393455546	0.30567787725897627	0.0702	3.4177656602280857	0.07150840264887497	0.1076	3.41635631275473	0.5667744655157421	-0.01275	3.4298512084263657	0.30273862244901784	0.0702	3.4091721346995905	0.04723805740520939	0.1076
355	14.225448028673835	3.809413175357689	0.3794489649708865	0.0301	3.7536342578289075	0.36869443155400955	0.0301	3.4939426117939885	0.1931957326912339	0.129	3.8892265383571063	0.16236267424775855	0.023	3.9909874614979732	0.10936665709262207	0.2179	4.022300350018115	0.12200452008596854	0.1804	4.002030614720621	0.23704769174134144	-0.0119	3.8507105709173057	0.3730064704958372	0.0301	3.752512584209707	-0.027952892339772425	0.129	4.11983324983795	0.1397555125146267	0.023	4.164347877692614	0.015732498771338935	0.2179	4.182591908724932	0.03554807881805108	0.1804	4.156590906100437	0.18683500894423244	-0.0119	3.360634192658544	0.5691700066760478	0.0008	3.1308991327440547	0.4931453849239329	0.0655	3.271494105249424	0.44776798759522307	0.1076	3.4066781215259336	0.6116769532799287	-0.01275	3.444338928822152	0.3032205901486215	0.0702	3.4181664928849345	0.07046051145530195	0.1076	3.4165251964688585	0.5670770196300444	-0.01275	3.429343875750145	0.3038048925380092	0.0702	3.408267054751426	0.04861127466686405	0.1076
356	14.265519713261648	3.8084421696783077	0.3794835615325251	0.0301	3.7522066618000536	0.36885804697038416	0.0301	3.4955923458610605	0.19499795506060472	0.129	3.888838540995857	0.1607668932162152	0.023	3.991959976258729	0.10413092336210833	0.2179	4.025370427201955	0.12084862980938955	0.1804	4.0021152154877395	0.23792121635090724	-0.0119	3.8505069554684512	0.3733253479318278	0.0301	3.7526663569041108	-0.02667694535573521	0.129	4.117769548962461	0.14056903233289825	0.023	4.164433957907154	0.014449082208073602	0.2179	4.183554449227215	0.034287998455072057	0.1804	4.157148625351731	0.18744699326073572	-0.0119	3.3599165730841185	0.5694429448756182	0.0008	3.1293439011714006	0.49955386624488696	0.0655	3.2723411687429285	0.44979586300358804	0.1076	3.4073711905433304	0.6108573859906583	-0.01275	3.443612247934948	0.3005408207664973	0.0702	3.4168422223249055	0.0695568875260816	0.1076	3.4152675281413423	0.5664754511467034	-0.01275	3.4288749470078046	0.3032501717157676	0.0702	3.4072998801138428	0.04925014930473348	0.1076
357	14.305591397849463	3.8073155398020995	0.3797095578981062	0.0301	3.750373366030655	0.3689410292245303	0.0301	3.4964857159507754	0.19548904600931458	0.129	3.8879761876090675	0.15947669688565044	0.023	3.9947978755353915	0.10033975312247635	0.2179	4.030498950196962	0.11594003344825182	0.1804	4.003336510108436	0.23943351371266378	-0.0119	3.850315365894717	0.37318889334463046	0.0301	3.753360487457012	-0.0259520469461223	0.129	4.117803621858794	0.14080927557330083	0.023	4.164977610952837	0.014240910326228227	0.2179	4.185390120347501	0.03406333709685632	0.1804	4.15807137518769	0.18771301873433766	-0.0119	3.3586930647401525	0.5699832389597143	0.0008	3.1260864754114315	0.5006789006433269	0.0655	3.2696484344188277	0.45269837473041685	0.1076	3.407862163399497	0.6093167051478682	-0.01275	3.443517531656059	0.30043461941359706	0.0702	3.4153873686765386	0.06766119857917409	0.1076	3.4146076706815176	0.5661513288957308	-0.01275	3.4287877089504097	0.3040926651674565	0.0702	3.4070134605514992	0.04980314198801687	0.1076
358	14.345663082437277	3.806398387381828	0.37959210419366035	0.0301	3.7499289552751787	0.3686837528194408	0.0301	3.495836697229457	0.19442050372045044	0.129	3.8878266745268273	0.15933471765564852	0.023	3.9983505486052278	0.10108880133916018	0.2179	4.033789556618383	0.11391363791216982	0.1804	4.0046571022035256	0.24110923658336145	-0.0119	3.8501443734468648	0.3727435945431006	0.0301	3.754465941286015	-0.026693850619022182	0.129	4.118917557569392	0.14076253968913705	0.023	4.1649714903468595	0.014470059613315248	0.2179	4.186460849864662	0.034260398572862755	0.1804	4.1584024878649055	0.18790560374371962	-0.0119	3.357848572426062	0.5708551177384559	0.0008	3.123650470159033	0.4997527698316783	0.0655	3.266019614858412	0.4541588434977779	0.1076	3.407751635499367	0.609934012605003	-0.01275	3.443346811917938	0.3020388173714623	0.0702	3.415776176415636	0.06602084255703254	0.1076	3.4148199039467135	0.5669212116223807	-0.01275	3.427665846458368	0.3078496534678488	0.0702	3.40702945099143	0.049797973230846664	0.1076
359	14.38573476702509	3.8062994181456498	0.37893512737266993	0.0301	3.750706093401799	0.3682631623247168	0.0301	3.494273720237935	0.19383808517136664	0.129	3.887545024670746	0.15802045592841518	0.023	4.000232028952355	0.10272570188609462	0.2179	4.03248292384844	0.11615842022297741	0.1804	4.005773606728084	0.24103838520174783	-0.0119	3.849909345390478	0.3722519044445919	0.0301	3.7551969231651774	-0.027070203462745555	0.129	4.119460711005598	0.14170306590902434	0.023	4.164096141974735	0.014751411328196037	0.2179	4.184715117942493	0.03482331849471591	0.1804	4.1570014934461	0.18826481867586636	-0.0119	3.358030254264394	0.5708430340213916	0.0008	3.123547567523604	0.5051412770343469	0.0655	3.2647616577538874	0.45412959364091604	0.1076	3.4082686857172297	0.6129647198044461	-0.01275	3.443875698470503	0.303191859714652	0.0702	3.4173860981070305	0.06804828153255499	0.1076	3.4151970991803062	0.568193075766202	-0.01275	3.4263452497136093	0.3077706599930649	0.0702	3.407219266459554	0.04835774621593807	0.1076
360	14.425806451612903	3.806490262035028	0.3779973201055287	0.0301	3.751378511195555	0.36770267879809937	0.0301	3.4931165599664427	0.19473429264509207	0.129	3.887989681864801	0.15676372030016442	0.023	3.999662563359933	0.10166701685544152	0.2179	4.029109323325089	0.1168805465710165	0.1804	4.0060540134103055	0.23930387961214217	-0.0119	3.8496893825121403	0.3715439116896638	0.0301	3.755485864363246	-0.026203105528457116	0.129	4.119333599499576	0.142851481747945	0.023	4.162332005069675	0.015481479043894835	0.2179	4.1816756483977535	0.036825763607549036	0.1804	4.154562252038449	0.188515879824708	-0.0119	3.358591636175183	0.5709993731740757	0.0008	3.1235712747263116	0.51288821278587	0.0655	3.2638780655463355	0.45528568368833056	0.1076	3.409740457429945	0.6146237928776291	-0.01275	3.4461859189799853	0.30439441004422885	0.0702	3.4188659178737324	0.0734655617831795	0.1076	3.4151738783367525	0.5693022426625427	-0.01275	3.4260039991925657	0.30203964695654495	0.0702	3.4081803818183873	0.04892244418892747	0.1076
361	14.465878136200716	3.806347281244687	0.3771327064002513	0.0301	3.7510778449129707	0.36647972157180053	0.0301	3.4930304920279753	0.19484815083739948	0.129	3.889758300846474	0.15776442196986326	0.023	3.996891804109922	0.09983612648614512	0.2179	4.02621948563237	0.11361955600671358	0.1804	4.003228621041609	0.23769333527002062	-0.0119	3.8497518560069652	0.3705497989211744	0.0301	3.7556610739110194	-0.02573972445232565	0.129	4.118649298393763	0.1424057687837953	0.023	4.160586542964356	0.01595645489800042	0.2179	4.1802754991391815	0.03918750299425427	0.1804	4.152887754425904	0.18842767083427173	-0.0119	3.3581557077436095	0.5729671685806994	0.0008	3.121663258393451	0.5142439282205017	0.0655	3.261385380904138	0.45882205980175067	0.1076	3.4102853529303276	0.6140798032020108	-0.01275	3.448026193606865	0.30621173497673093	0.0702	3.419251744959954	0.07788739408403657	0.1076	3.414642849799505	0.5703390011316334	-0.01275	3.4258223109460983	0.30118999425711207	0.0702	3.409479765693784	0.05422657951132418	0.1076
362	14.50594982078853	3.80714457849128	0.37692599020035367	0.0301	3.7505338454687545	0.36482746743455086	0.0301	3.4930382266645434	0.19318388187323463	0.129	3.890945397352722	0.15786483970975973	0.023	3.993103570818227	0.0996092027487787	0.2179	4.023008744159758	0.10899333497222492	0.1804	3.9981362094865722	0.2363784162109463	-0.0119	3.8500354517687825	0.37002829280186894	0.0301	3.755687499884374	-0.02611238008895492	0.129	4.1183215206222314	0.1411668094466565	0.023	4.159959304648609	0.014927462269434139	0.2179	4.180532169723662	0.03923565109438985	0.1804	4.152902626981711	0.18868453788814268	-0.0119	3.356869025408946	0.5745548551745623	0.0008	3.119046563187333	0.510781372682284	0.0655	3.2593408476014787	0.46154944276654963	0.1076	3.409002494395235	0.6146088314392982	-0.01275	3.4460338482300963	0.3075285883881229	0.0702	3.418200817524341	0.07976400087153472	0.1076	3.4139546614594933	0.5707806876316409	-0.01275	3.4251469341809773	0.3064059472304512	0.0702	3.4095971934786014	0.05963712140280597	0.1076
363	14.546021505376345	3.809331776743576	0.37733137845393233	0.0301	3.7517010075741726	0.36426062743458254	0.0301	3.4913839513334013	0.19169333127790533	0.129	3.89016790091106	0.1558364183059889	0.023	3.9911003867255332	0.10007677893488602	0.2179	4.021641545652838	0.10654037940414425	0.1804	3.9948337304927044	0.23596975001738138	-0.0119	3.8495789612625506	0.3704351452009722	0.0301	3.7557779720287807	-0.02595068071181132	0.129	4.1196335552434755	0.14096130434042697	0.023	4.160865585125265	0.013426709616088911	0.2179	4.180890212569515	0.03761012758165913	0.1804	4.1545509205064075	0.18965617916999564	-0.0119	3.356646789543137	0.5737423395243485	0.0008	3.1180597785677366	0.5089861283897699	0.0655	3.2591768211482215	0.46113731959901866	0.1076	3.4079425839284543	0.6165163887704641	-0.01275	3.4421337480231453	0.3077486918973262	0.0702	3.41694253025642	0.08022978710235801	0.1076	3.4132057747772064	0.5698570906057351	-0.01275	3.4239185761210718	0.30627821916132986	0.0702	3.4077236238940323	0.06010568396048267	0.1076
364	14.586093189964158	3.809314108000441	0.3772517798014081	0.0301	3.7532157896020926	0.3650450074190439	0.0301	3.488311267516068	0.19074881599376656	0.129	3.8889029604076804	0.15618594512104936	0.023	3.9925508774927607	0.10024950522605834	0.2179	4.024885693993257	0.10780217158508901	0.1804	3.993244469345493	0.2379365408782018	-0.0119	3.847357805486534	0.3708304436578325	0.0301	3.756743146870927	-0.025243346715243288	0.129	4.121748294389444	0.1417605668586379	0.023	4.162786609835719	0.013346995618900029	0.2179	4.180575976943108	0.03679194918152842	0.1804	4.1567305068187235	0.18944427533086317	-0.0119	3.3574291327646053	0.5729741358082195	0.0008	3.11871224757604	0.5094793857282675	0.0655	3.2591163678686375	0.46027357942754293	0.1076	3.4080446284108987	0.6169484077421918	-0.01275	3.441127573004379	0.30726870019453234	0.0702	3.4161561296044063	0.079301160766211	0.1076	3.4121224374914467	0.5686470242105781	-0.01275	3.4217528971929587	0.3012108863947959	0.0702	3.4049459422365747	0.057628864983914126	0.1076
365	14.626164874551971	3.8051336545940964	0.37675763719455535	0.0301	3.7511707612084724	0.3659030629980447	0.0301	3.48639059160741	0.1889849636408556	0.129	3.8891247597962706	0.15884776133587036	0.023	3.9950732037069923	0.09950195972113961	0.2179	4.029039950190003	0.10983745667984189	0.1804	3.990853793900798	0.24085311009093058	-0.0119	3.844019662276848	0.3705797535048115	0.0301	3.7582690251420763	-0.02522287087615209	0.129	4.122581387803157	0.1424247213895199	0.023	4.164531484768432	0.014254625655567484	0.2179	4.180156013367965	0.036755384483867067	0.1804	4.157648496417857	0.18726974527496493	-0.0119	3.3565862689544543	0.5743268040632347	0.0008	3.1193021931948577	0.5093578306661874	0.0655	3.2581343616687315	0.4612825897883592	0.1076	3.407244359282862	0.6155093766643267	-0.01275	3.442775355752005	0.3068821652698834	0.0702	3.4147145777042613	0.07825475040892177	0.1076	3.410383996516987	0.5683747736216548	-0.01275	3.4192613738685926	0.30122109196521624	0.0702	3.402715293411877	0.05677916521168237	0.1076
366	14.666236559139785	3.8008045804905084	0.3769126313081291	0.0301	3.7467580954354376	0.3662889393953155	0.0301	3.4870548915836173	0.1872791505356112	0.129	3.890173069138853	0.1588145925655591	0.023	3.9933176392014	0.09766240888416707	0.2179	4.026274992128317	0.109309472391737	0.1804	3.988803191657497	0.24090723641822026	-0.0119	3.841681456248015	0.3707173569170464	0.0301	3.758155446523372	-0.025892222002276047	0.129	4.121905217224415	0.14210827566769788	0.023	4.1652366421549845	0.014340684697444614	0.2179	4.1809376160286815	0.03653312054663264	0.1804	4.156962316461113	0.18635035891619103	-0.0119	3.3541042137523793	0.5758416742653926	0.0008	3.1190173872321534	0.5094909078319526	0.0655	3.258155406125977	0.46248833747905466	0.1076	3.4064636880366543	0.6144641592983289	-0.01275	3.4421257549350637	0.30714251395962333	0.0702	3.4129616397029428	0.07851000786984594	0.1076	3.4080337066566857	0.5679287388839753	-0.01275	3.4175742387954275	0.30474208952299103	0.0702	3.4007166340947967	0.05625777764836835	0.1076
367	14.706308243727598	3.7989661635413734	0.377223987975597	0.0301	3.7443129150116854	0.3662077914921521	0.0301	3.4886961757663766	0.18754636768577515	0.129	3.890308232789285	0.15581051520290093	0.023	3.9859774884831833	0.09740594746499834	0.2179	4.01425604702979	0.10795919200609741	0.1804	3.9887025183308578	0.2371922097903906	-0.0119	3.840989776157376	0.371844291680962	0.0301	3.755653187308728	-0.02610022217083937	0.129	4.121357784930212	0.14084620193658567	0.023	4.164965357672094	0.013424231492944626	0.2179	4.182074385978071	0.03601825368517182	0.1804	4.156219087866175	0.1881415079434219	-0.0119	3.352523235995019	0.5751191655142456	0.0008	3.1175298691447098	0.5120139475598163	0.0655	3.260321333595453	0.46160027943528614	0.1076	3.4089540501393967	0.6145585831376702	-0.01275	3.4376900091626963	0.3077338603216191	0.0702	3.4130672048434105	0.07954162679830387	0.1076	3.405517948887068	0.5668550021749826	-0.01275	3.4160456932782255	0.3052426153573979	0.0702	3.398842901172581	0.053221036725470745	0.1076
368	14.746379928315413	3.797435227842545	0.3768425412791843	0.0301	3.744092940083561	0.3661965896946937	0.0301	3.489150615985928	0.18730384251348564	0.129	3.889331764448589	0.15378625019838554	0.023	3.979738985498464	0.09941365124445059	0.2179	4.001814852228382	0.10866045486466329	0.1804	3.9879270735323136	0.23428447336437888	-0.0119	3.8400832480146345	0.37221534716785437	0.0301	3.7536840108238065	-0.025574630469740428	0.129	4.121259798910023	0.13956837112505605	0.023	4.164762230700975	0.01292079228117787	0.2179	4.181273447587363	0.03493814960972014	0.1804	4.15604511384727	0.189020019978721	-0.0119	3.351300244944835	0.5730578467360747	0.0008	3.1142829920086714	0.5125536152372516	0.0655	3.2608089464893677	0.45918367121065073	0.1076	3.410191957040539	0.6149143130394826	-0.01275	3.4337611299005935	0.30867975985487656	0.0702	3.413793997318434	0.08129322110262636	0.1076	3.402500584849879	0.5671718606289922	-0.01275	3.4132039203905475	0.30912033087978896	0.0702	3.397950969646049	0.05332491389758599	0.1076
369	14.786451612903226	3.7947546877679335	0.3767288559297525	0.0301	3.744028098226044	0.36722789160432917	0.0301	3.48870066307032	0.18346515084910706	0.129	3.887244308609719	0.15446983069014025	0.023	3.977849222830052	0.10025978438016687	0.2179	3.9963515933794227	0.1109318648934989	0.1804	3.982769992044852	0.235190908546777	-0.0119	3.83731342885821	0.3711123032523947	0.0301	3.754279564112752	-0.025273281722510095	0.129	4.1205404266159285	0.13919588806600763	0.023	4.165990526093478	0.013047162052938115	0.2179	4.179602328470532	0.03377212579700485	0.1804	4.155667612412857	0.18688382973046078	-0.0119	3.3480022168270374	0.572390973104725	0.0008	3.109594601704464	0.5072067579457036	0.0655	3.256102020120004	0.4572097294287574	0.1076	3.4039807947003453	0.6156284585075477	-0.01275	3.4329602034316316	0.31054358591015574	0.0702	3.4117411396171677	0.08282820998854866	0.1076	3.3979933361227688	0.5693995834873132	-0.01275	3.4090487945853343	0.3216482818526363	0.0702	3.3972657884641406	0.0600597759763569	0.1076
370	14.82652329749104	3.792658838198944	0.377955093661399	0.0301	3.7443906105611875	0.36838413106686685	0.0301	3.488519469047749	0.17995909839573498	0.129	3.885493607039416	0.15594416146097012	0.023	3.973775415851532	0.09956980364040273	0.2179	3.992346304831424	0.1127418705583339	0.1804	3.974850075900312	0.23504776832571989	-0.0119	3.8327786617984603	0.3710982397792206	0.0301	3.754798020272738	-0.025738526933627673	0.129	4.119575165366722	0.13945546411297716	0.023	4.167888540199982	0.012784491213920996	0.2179	4.1804130414379195	0.033787716631641436	0.1804	4.155088613217679	0.1848343470367553	-0.0119	3.3438023402628936	0.5731330386690008	0.0008	3.1051808592172243	0.5020882366717156	0.0655	3.250611338092944	0.4555439129816106	0.1076	3.396284575920196	0.6169324024832467	-0.01275	3.432951701832005	0.3124472956056151	0.0702	3.4082116982025012	0.08251691696860829	0.1076	3.392141358255032	0.5710340094345948	-0.01275	3.405016884830898	0.33049745550851667	0.0702	3.3957144197664695	0.06495047337727455	0.1076
371	14.866594982078853	3.7926602716841864	0.3799075684884671	0.0301	3.746420106285935	0.3684253411736576	0.0301	3.488230232113285	0.1807563544320903	0.129	3.8868355948882214	0.15627124150454116	0.023	3.9652419716548395	0.09987022015688998	0.2179	3.9838599825071843	0.11223440602869521	0.1804	3.969509195999217	0.22960581419397802	-0.0119	3.8279360572065606	0.373319885167481	0.0301	3.752997555002141	-0.02622829246336209	0.129	4.1195198113903055	0.1394602552447093	0.023	4.167410086328481	0.01224160215853694	0.2179	4.183032426246469	0.03429849903148613	0.1804	4.154452821423381	0.1855332732159433	-0.0119	3.3405048618726396	0.5726576975899569	0.0008	3.10235962827683	0.5020138300497091	0.0655	3.2489982578966696	0.45337551611284943	0.1076	3.3943217876548295	0.6176040143667226	-0.01275	3.431604626638777	0.31265197693932667	0.0702	3.4063402289971214	0.08186083198051036	0.1076	3.3861990668711934	0.5705093898233712	-0.01275	3.402516336375006	0.3277822276174224	0.0702	3.3943316826945695	0.06298973909058403	0.1076
372	14.906666666666666	3.791550129020816	0.3814974045543725	0.0301	3.747202251470286	0.36842060645410396	0.0301	3.4877346977977584	0.18174335515551301	0.129	3.886613355080658	0.15587739811211349	0.023	3.9583950943500423	0.10122580782562236	0.2179	3.9729468579050318	0.11059692435912097	0.1804	3.9663115822873354	0.2240173799643087	-0.0119	3.824419724365621	0.3754026948869574	0.0301	3.75099994295846	-0.026259699993654916	0.129	4.120473298145251	0.13930178510964591	0.023	4.165126464335462	0.012464103227165256	0.2179	4.183632254149324	0.033975619616648314	0.1804	4.153832647350812	0.1870960503590609	-0.0119	3.3352676800999577	0.5703983798940401	0.0008	3.099114273684611	0.5006278913492747	0.0655	3.246130580143254	0.45185612290245475	0.1076	3.3925585890519403	0.6164671285574606	-0.01275	3.428746370357374	0.3116272216374283	0.0702	3.4055358573822145	0.08126170273684638	0.1076	3.3808141039108754	0.569417548996217	-0.01275	3.4009489584387733	0.3232582295281041	0.0702	3.3947241791782283	0.059701901202418285	0.1076
373	14.94673835125448	3.7857840287408258	0.3820025304057448	0.0301	3.742702414835946	0.3691898866056745	0.0301	3.4879645133671677	0.1779534333719668	0.129	3.878192421915694	0.15573675052627803	0.023	3.9543769094380177	0.10180115675443357	0.2179	3.96112926700463	0.11137288342512812	0.1804	3.960015459220722	0.2242815709911503	-0.0119	3.821949426920548	0.37575569510704954	0.0301	3.750352514979107	-0.02674834140580927	0.129	4.121244815609018	0.13950056823959997	0.023	4.16612555799505	0.013317680646573127	0.2179	4.182256893968146	0.03384828716562873	0.1804	4.154096933965191	0.18678691303991166	-0.0119	3.326054769073984	0.5682835198812388	0.0008	3.093042678815232	0.4926040683887009	0.0655	3.2369466030084646	0.45103486615740557	0.1076	3.3842707810631003	0.6147280910789721	-0.01275	3.4242809818596998	0.31082587656379873	0.0702	3.4046608673898553	0.07705618993003123	0.1076	3.3755224875119674	0.5692070542306783	-0.01275	3.398250631697289	0.32333554822189886	0.0702	3.3971317846126117	0.059727686404051926	0.1076
374	14.986810035842295	3.779386895171476	0.3813824344070483	0.0301	3.7359090815921214	0.3699309991899954	0.0301	3.4890921160510744	0.17163201080022802	0.129	3.8693232436959937	0.15607764377650774	0.023	3.949136774290175	0.10176495893781201	0.2179	3.9503770001066334	0.11380542693175318	0.1804	3.9530685444190907	0.22632739201421107	-0.0119	3.8189140340073346	0.3755360966305243	0.0301	3.7497296434259266	-0.027928358008763293	0.129	4.120162365996921	0.1398163920706359	0.023	4.1711148707862105	0.013394788397578515	0.2179	4.18163448000915	0.03456378355370379	0.1804	4.1550221078137195	0.18539456331907367	-0.0119	3.3170384664342767	0.5665149088008019	0.0008	3.08703195133486	0.48255269022343644	0.0655	3.228176124052265	0.4474782780571732	0.1076	3.3737542962553864	0.6139578852282389	-0.01275	3.4203396807391697	0.3101201209594	0.0702	3.4049653119843337	0.07144535690728321	0.1076	3.3698428941509717	0.5685989388303214	-0.01275	3.394775939040358	0.32273556850550644	0.0702	3.399956389007783	0.060725400466746564	0.1076
375	15.026881720430108	3.777104260213532	0.3810861570215947	0.0301	3.731886983232675	0.36998485976072	0.0301	3.4902714136077084	0.1681201023972183	0.129	3.8701585805636975	0.15674605195890393	0.023	3.942761247739438	0.10292158414754954	0.2179	3.944980756407333	0.11453506590743875	0.1804	3.951645391415784	0.22361680823768637	-0.0119	3.814963982862692	0.3757750901737297	0.0301	3.748605459298453	-0.028295708827059705	0.129	4.118053168085357	0.1400007610578186	0.023	4.175182567634912	0.012619139463807192	0.2179	4.182224411465583	0.03463661395582561	0.1804	4.155362249150157	0.18525420894183794	-0.0119	3.3116671371496227	0.5629518849281138	0.0008	3.0839578090376207	0.47455833526143754	0.0655	3.2267558012556483	0.43958118055124573	0.1076	3.3671845651444605	0.6130782642640025	-0.01275	3.419727988825416	0.3099227505859226	0.0702	3.4066428750509266	0.0726165002693106	0.1076	3.363881573792095	0.5664448319388478	-0.01275	3.392323953442946	0.3173653347810464	0.0702	3.400880781636995	0.059370279194368145	0.1076
376	15.066953405017921	3.7753531333383146	0.3821117947932958	0.0301	3.7292594673088773	0.3696216750971679	0.0301	3.489727449296211	0.16782314891647532	0.129	3.8727185729733806	0.15754309883347992	0.023	3.9375593083776765	0.10470478363040349	0.2179	3.9416768168261944	0.11395254458524566	0.1804	3.9509480519485853	0.21894020456814856	-0.0119	3.811153090805513	0.37604018874086065	0.0301	3.747458146462407	-0.027116346962492342	0.129	4.118056046277332	0.1403928317921192	0.023	4.175997396858012	0.01232811775286722	0.2179	4.183551032191925	0.03384791639761172	0.1804	4.155022140834637	0.18604799111096956	-0.0119	3.306775369305431	0.5578501738976718	0.0008	3.0804151880642654	0.46646655747870663	0.0655	3.2266235051562244	0.43251657785344755	0.1076	3.3619803401847586	0.6113232884227586	-0.01275	3.4179696774299964	0.31052707956725933	0.0702	3.406805959023484	0.0778095788225717	0.1076	3.3579849245161237	0.5640215692077861	-0.01275	3.389798536773579	0.3112031691910768	0.0702	3.3998890730093496	0.060038899472792374	0.1076
377	15.107025089605735	3.7701683921337104	0.3830661039397329	0.0301	3.724895483518761	0.36965865570570183	0.0301	3.487074253185552	0.16684958802720704	0.129	3.866233535754975	0.15880816783938026	0.023	3.934116040699011	0.10575622782277269	0.2179	3.9352453251684674	0.11428695392128019	0.1804	3.9440942155555923	0.21766486000783952	-0.0119	3.807932010299048	0.37583412785799825	0.0301	3.746691653504514	-0.025509406111108843	0.129	4.120469449793743	0.14096490705123174	0.023	4.175438961382741	0.012591211202910837	0.2179	4.185229868637157	0.03315936234191529	0.1804	4.154581291890983	0.18620591653416857	-0.0119	3.299417306906411	0.5543802990178395	0.0008	3.0742744026911963	0.4574213125997446	0.0655	3.2205932142760054	0.43113685463466095	0.1076	3.35338032864254	0.6100270037387104	-0.01275	3.409059466409955	0.3099620605023999	0.0702	3.404290676369758	0.076238119889962	0.1076	3.3527337565338344	0.5626368487728235	-0.01275	3.386117817528167	0.30915438630079844	0.0702	3.3995401591057313	0.06665754295625634	0.1076
378	15.147096774193548	3.7651835671073535	0.382706153170836	0.0301	3.720341940993493	0.37061406815754894	0.0301	3.484614988047883	0.1638095005828287	0.129	3.856875902345874	0.16042747353438455	0.023	3.931345166383189	0.10658195252367839	0.2179	3.929989054926252	0.1158653197433513	0.1804	3.9363868577402226	0.21852370585619002	-0.0119	3.804490680372878	0.37506927177203736	0.0301	3.747053470406943	-0.024812361780358942	0.129	4.1223107059052175	0.14081969860780874	0.023	4.175155891978678	0.012857647846678073	0.2179	4.186273375258816	0.03183317132973094	0.1804	4.154069621306288	0.18601855608571916	-0.0119	3.2930294554911144	0.5527327096273139	0.0008	3.069370886364933	0.44962233423043696	0.0655	3.213228540770629	0.43116146059305277	0.1076	3.3445760216533813	0.6095283257425322	-0.01275	3.3978642279259796	0.3081749712719953	0.0702	3.401900808320896	0.06924723362490262	0.1076	3.3483980907248476	0.562338833758816	-0.01275	3.383026298770288	0.30971010054944975	0.0702	3.4004409571998018	0.07295497027625854	0.1076
379	15.187168458781363	3.7635552762793316	0.38199808327998924	0.0301	3.718432335295759	0.37219775186858467	0.0301	3.4833465175595753	0.16060479257184326	0.129	3.852876196936341	0.16098245906974562	0.023	3.927719978343124	0.10720888961804417	0.2179	3.929355652186259	0.11746120197248691	0.1804	3.93464279585312	0.21868522848562902	-0.0119	3.8002962904969713	0.37435424186721006	0.0301	3.7479107129457416	-0.025124830836932076	0.129	4.122205340645701	0.13954560289471782	0.023	4.175668610279315	0.013300709667149524	0.2179	4.1868910528096865	0.029774422431768616	0.1804	4.153527574892325	0.18613835820884772	-0.0119	3.2901194629378137	0.5505982658093386	0.0008	3.0677026640676477	0.4435801062773478	0.0655	3.2108521447818963	0.426468164494419	0.1076	3.340737339867013	0.6088986747701528	-0.01275	3.391474702609006	0.3073979024377269	0.0702	3.4010154801292902	0.06480077965987335	0.1076	3.3442741331842867	0.5630368813508969	-0.01275	3.3806153783204436	0.3096636154286333	0.0702	3.4002044617118536	0.07326562679355335	0.1076
380	15.227240143369176	3.7617057192663412	0.3820732532972494	0.0301	3.7184297704566847	0.3732853506836521	0.0301	3.4824272948341073	0.15780267099698703	0.129	3.8511761735988905	0.1605457515669508	0.023	3.924551194782051	0.1067738701770209	0.2179	3.9294407831330425	0.11799023392413158	0.1804	3.9364170772397973	0.21801052639094776	-0.0119	3.795586488092525	0.37458187226156825	0.0301	3.747837251474718	-0.025067455217549318	0.129	4.121398944069165	0.1384953415947852	0.023	4.177746201007814	0.013680681169839764	0.2179	4.188755954295982	0.02962400870115056	0.1804	4.153816302857568	0.18602529619225233	-0.0119	3.286465125306452	0.5492452292646719	0.0008	3.066042721270006	0.4372639795285383	0.0655	3.2118390164149107	0.41916425134483914	0.1076	3.3383059230965872	0.6081934407593584	-0.01275	3.388187353072175	0.30743590287657924	0.0702	3.400044097850036	0.06241623468953516	0.1076	3.3395726588849874	0.5636516793958227	-0.01275	3.377166786147816	0.3091311002560677	0.0702	3.3984509962380054	0.06992069332333144	0.1076
381	15.26731182795699	3.757537397590176	0.3828080194417184	0.0301	3.718087943982275	0.37324448279889433	0.0301	3.4815714583002273	0.15469366883746413	0.129	3.8491660594528967	0.1609814354178476	0.023	3.9244918949432823	0.10596995298439583	0.2179	3.929136324974379	0.11777211992394382	0.1804	3.9373719325612213	0.2173818962040993	-0.0119	3.7909648843299135	0.37552778058805414	0.0301	3.7477278639092733	-0.023762851852477233	0.129	4.121045358886642	0.13843395267049124	0.023	4.180434303618411	0.01359463689537723	0.2179	4.191437268136073	0.032157764494094604	0.1804	4.1547236522125415	0.18503735329154597	-0.0119	3.2797708682879936	0.5506366141055884	0.0008	3.06223840319989	0.42921326557607886	0.0655	3.2122037544444475	0.414142041283627	0.1076	3.33250352994855	0.6084823000182028	-0.01275	3.3852709701470785	0.30774015808875504	0.0702	3.398899339790733	0.0603370584431772	0.1076	3.334005432644761	0.5622833920131823	-0.01275	3.373486075148316	0.30904109343895364	0.0702	3.397737278199745	0.06801466658311611	0.1076
382	15.307383512544803	3.7545711767400762	0.3836603392771025	0.0301	3.717013865281209	0.3730093820027717	0.0301	3.481600076832076	0.1522606074594659	0.129	3.8490253849504366	0.16215720847148674	0.023	3.925092510525683	0.10648499529606707	0.2179	3.9301343732813834	0.11734017527968965	0.1804	3.937906391995067	0.21759078089342787	-0.0119	3.787687420631247	0.37604867099834066	0.0301	3.7483764321006476	-0.022483888977273544	0.129	4.120800905029003	0.13777107039239306	0.023	4.180904410595441	0.013560024778105242	0.2179	4.192105007794588	0.034664414211591166	0.1804	4.154604148082921	0.18356881511787548	-0.0119	3.2743041360534155	0.5513944895933452	0.0008	3.05903861467022	0.42156561868654785	0.0655	3.2114257859883963	0.41152744008922953	0.1076	3.3271391731785003	0.609797968649781	-0.01275	3.3840381278919383	0.30890431580794886	0.0702	3.398870067506948	0.06073848924436221	0.1076	3.328775411597233	0.5592881287708711	-0.01275	3.371465066572447	0.309318673111758	0.0702	3.39852695313737	0.06941055657693959	0.1076
383	15.347455197132616	3.7537776841287767	0.38406703028240013	0.0301	3.715294876464048	0.3731581736235607	0.0301	3.48310729378954	0.15130251912851211	0.129	3.850077795338551	0.1625230518258851	0.023	3.921288450079238	0.10726807865703258	0.2179	3.9297705189344816	0.11598411620898318	0.1804	3.9393393436967927	0.2176960046428292	-0.0119	3.7860947415137076	0.375473172728995	0.0301	3.7478428224918443	-0.02216706106400127	0.129	4.120099311303852	0.13602150253477394	0.023	4.179509297540084	0.013879635216634819	0.2179	4.19035776828891	0.03541928481166144	0.1804	4.1540585170542	0.18314786461706828	-0.0119	3.272372450200603	0.5481270127546689	0.0008	3.0587170594573196	0.4173343823983917	0.0655	3.2108810277870603	0.41007679839137307	0.1076	3.3256403603413247	0.6107304504370002	-0.01275	3.3844985227545017	0.30937661992447624	0.0702	3.399482397601339	0.06243025225175894	0.1076	3.3261889893392973	0.5576316465017773	-0.01275	3.370825697225404	0.3096581008770406	0.0702	3.3984720963552557	0.07124329600717148	0.1076
384	15.38752688172043	3.7513151109505762	0.38381515786167486	0.0301	3.7115296759630008	0.3729743385619834	0.0301	3.48244580565421	0.1495875275253682	0.129	3.8499842757739944	0.16202475138047803	0.023	3.9159004868204557	0.1059850748276155	0.2179	3.926562374323034	0.11429784250523252	0.1804	3.9392286517130586	0.2166041594230572	-0.0119	3.7841388743403375	0.3749552593572583	0.0301	3.7454163865748242	-0.022095666052799962	0.129	4.119433444340065	0.13523383399738415	0.023	4.179226453436516	0.013938370916390396	0.2179	4.188729466800673	0.03497376693313077	0.1804	4.154451127647509	0.18443816278996591	-0.0119	3.2709538518162824	0.544048856061955	0.0008	3.057467895312487	0.4147907379631604	0.0655	3.209226411058381	0.40967984608205676	0.1076	3.3242301310154265	0.6108778387967896	-0.01275	3.38489889484214	0.3083742393550225	0.0702	3.399633373022761	0.06297542262620505	0.1076	3.3248343747439453	0.5583029269448809	-0.01275	3.3696390222928665	0.30949937059374455	0.0702	3.3969416989248087	0.07153083486558805	0.1076
385	15.427598566308244	3.7460661748190542	0.38330001729900753	0.0301	3.7063168567893943	0.37214662690012695	0.0301	3.476784200118738	0.14520964813091802	0.129	3.8489951562260183	0.16137328562123163	0.023	3.9154067244542623	0.10417193830431071	0.2179	3.924114530495203	0.11465080304691128	0.1804	3.9353781131337326	0.2157997226143029	-0.0119	3.7799910916622883	0.3763035952302273	0.0301	3.743116429388017	-0.022325008078592064	0.129	4.118964428560699	0.13649025423145092	0.023	4.179702621745761	0.013476807943773522	0.2179	4.188477583514392	0.03431937109973534	0.1804	4.154579793495263	0.18593187439740094	-0.0119	3.2674989762212836	0.5431729142853371	0.0008	3.0516817551285444	0.41051565034648047	0.0655	3.204207087291059	0.40840909929533825	0.1076	3.319906801700367	0.6107686219272184	-0.01275	3.3848679562126076	0.30889045268405835	0.0702	3.3994102089102523	0.06320430895613331	0.1076	3.320931785858247	0.5584742497784712	-0.01275	3.3666451784316016	0.3078882160345777	0.0702	3.3955334871982292	0.07058105608987413	0.1076
386	15.467670250896058	3.741127090581766	0.38289285492056085	0.0301	3.7049285785742323	0.3722784638912119	0.0301	3.4716860808724426	0.14102950538813322	0.129	3.8496835262047093	0.16087604604041392	0.023	3.9176552408007055	0.10377322208253759	0.2179	3.9236457903482433	0.11613870166691963	0.1804	3.9311697464717117	0.21578414642965546	-0.0119	3.774766267777436	0.3786910153461426	0.0301	3.7420539740066556	-0.022939790494193542	0.129	4.1183746252040345	0.1383648488384989	0.023	4.178991069931474	0.012860956609823133	0.2179	4.18864934402418	0.03392598043679393	0.1804	4.154043472597976	0.18603986327763467	-0.0119	3.2630849857898845	0.5439879831586093	0.0008	3.0453815155139927	0.4059342334517256	0.0655	3.1986276969843632	0.40536472839193544	0.1076	3.3157272808497398	0.6094588327160699	-0.01275	3.3847715924967	0.3118861953233504	0.0702	3.39948364782183	0.06284448563878321	0.1076	3.315989390144689	0.5572191208151781	-0.01275	3.363364583403257	0.3056686015864287	0.0702	3.394790026462594	0.0686779708995078	0.1076
387	15.507741935483871	3.738528758278184	0.38290191747851887	0.0301	3.709845346841069	0.37535065089163383	0.0301	3.4719518827979647	0.1408651580926021	0.129	3.852973540106925	0.16049472084988536	0.023	3.9177401174292514	0.10286579072177303	0.2179	3.923109512831307	0.11523283502307306	0.1804	3.930143864116883	0.21468923621531943	-0.0119	3.7711404603414183	0.37959965685742586	0.0301	3.7417329356718447	-0.02268301863067305	0.129	4.118173551772043	0.13933880000687507	0.023	4.178391046577809	0.012707308093122234	0.2179	4.188201309376987	0.03391773703104354	0.1804	4.153738746790148	0.18484331537980891	-0.0119	3.260489281701061	0.5437023838727919	0.0008	3.043576801965508	0.40348095363151926	0.0655	3.196840862620073	0.40353293252855804	0.1076	3.3153705387403347	0.607098615639137	-0.01275	3.384207211866723	0.3135708443485459	0.0702	3.4000147444867	0.061510526501996926	0.1076	3.3137754190373347	0.5568478361911228	-0.01275	3.3622903010595637	0.3053206473977711	0.0702	3.3939980525863476	0.0678382562275466	0.1076
388	15.547813620071684	3.7377180643915993	0.38364622762347483	0.0301	3.713833421907909	0.37896276369056897	0.0301	3.474595025424614	0.14262988842031235	0.129	3.8528854279745217	0.1596337950224362	0.023	3.916235669940665	0.10030108953403997	0.2179	3.922256586834469	0.112028619740486	0.1804	3.9290652829455457	0.21279408990647333	-0.0119	3.7700673441495085	0.3790681692910222	0.0301	3.7416902015195435	-0.02166307640166543	0.129	4.118595047981828	0.13955523928525435	0.023	4.179309966850583	0.013376556143951102	0.2179	4.187358950281706	0.034402536685157234	0.1804	4.153066438953662	0.18345173116716545	-0.0119	3.2600644694536567	0.5427359493175717	0.0008	3.0447306570974444	0.4008903355066077	0.0655	3.197984498471868	0.4041191920956129	0.1076	3.3159955032154107	0.6063135669586455	-0.01275	3.3817444980838935	0.31152631952104787	0.0702	3.400011426396213	0.061249990955329764	0.1076	3.3127451081995063	0.55687405203061	-0.01275	3.3624678830461643	0.30659710541983415	0.0702	3.3934296574739378	0.06915901845997537	0.1076
389	15.587885304659498	3.737318434955399	0.38449588178300487	0.0301	3.7105157934242654	0.37913283506325424	0.0301	3.475845340290736	0.14154433757306023	0.129	3.845035490707761	0.15823034999834534	0.023	3.9145909848755185	0.09826419208500295	0.2179	3.922060045873981	0.10999577098983734	0.1804	3.9243847188396512	0.2123106476387933	-0.0119	3.7697002204381063	0.3792695499805951	0.0301	3.7415112881062442	-0.021388492010850413	0.129	4.1187968547066225	0.13971380657328986	0.023	4.1793403083079035	0.013803008721613632	0.2179	4.18658087395997	0.03470420323704752	0.1804	4.151915172388618	0.18265476233202016	-0.0119	3.25918029300485	0.5422793279097542	0.0008	3.0445773796102444	0.39680648560082177	0.0655	3.1980716650464838	0.40422105594458857	0.1076	3.312310151876308	0.6066524098435055	-0.01275	3.3766729700687224	0.3081469251457624	0.0702	3.398794441826991	0.06097776996028976	0.1076	3.310072794301975	0.5551393928624099	-0.01275	3.3613472741972883	0.3068177834712782	0.0702	3.394276627008283	0.07025829337280036	0.1076
390	15.627956989247313	3.7367060167869686	0.38435288280388674	0.0301	3.7063350933250088	0.37791590526931174	0.0301	3.475110376590926	0.13856581043417154	0.129	3.837289605974465	0.15766313621575861	0.023	3.9135527743158494	0.09842512754610094	0.2179	3.9227411672669446	0.11107497979391946	0.1804	3.9201133913764186	0.21291016147224323	-0.0119	3.7680400397909763	0.37977191588339865	0.0301	3.740987407081016	-0.021755736090197743	0.129	4.118430127734793	0.13986427869350257	0.023	4.175750919716568	0.01288808003148553	0.2179	4.185772516644298	0.03404831877467226	0.1804	4.151482882289975	0.1823448833924573	-0.0119	3.25740316133189	0.5413922326196171	0.0008	3.0423696970622194	0.39460800056053413	0.0655	3.1960196093244857	0.40224486993950326	0.1076	3.3063206250570434	0.6051505320400565	-0.01275	3.371917228281129	0.30687975211065255	0.0702	3.3974824096628713	0.057909841752036624	0.1076	3.307530334010195	0.5528170180412634	-0.01275	3.3598133459035537	0.3054558359828037	0.0702	3.3960380998023894	0.06998874356686371	0.1076
391	15.668028673835126	3.736481329816891	0.3836492139399366	0.0301	3.7084930412132033	0.3785341495335875	0.0301	3.4743708328124137	0.13843170594259976	0.129	3.8372827430114484	0.15823846164280778	0.023	3.913815596486007	0.09941333695600667	0.2179	3.9234296917430918	0.11310588580489843	0.1804	3.9200128334137823	0.21212762942705227	-0.0119	3.7657488957474428	0.3781069865608382	0.0301	3.740682118531708	-0.021715404688182057	0.129	4.118400573890195	0.13975606940173332	0.023	4.170597689614399	0.012050369834791127	0.2179	4.185307893704191	0.03353018264241663	0.1804	4.152036411623395	0.1822013507987006	-0.0119	3.256767123797507	0.538965245109409	0.0008	3.040966049923674	0.39483828377050334	0.0655	3.194236988864813	0.40053880227520444	0.1076	3.3041226850667686	0.6021682186432885	-0.01275	3.3713683488029904	0.3074603458926685	0.0702	3.3970939489134957	0.0546021609047654	0.1076	3.307187951350279	0.5519641442169917	-0.01275	3.3599851071468088	0.3040520562010148	0.0702	3.3962720350006244	0.06959810479083549	0.1076
392	15.70810035842294	3.7369182089279778	0.38332862045065125	0.0301	3.7126291278515158	0.37903050571634544	0.0301	3.4755235579861314	0.14107483260926731	0.129	3.841044846003039	0.15818858296115101	0.023	3.9142946753195407	0.09931239659896218	0.2179	3.9236109705156497	0.11209088891342978	0.1804	3.921047843011923	0.2103289315181019	-0.0119	3.764601673203633	0.37549894938495854	0.0301	3.740875514277916	-0.02102292960707773	0.129	4.119217059793534	0.1395980086857208	0.023	4.16937459353427	0.012896370808503452	0.2179	4.185393180820742	0.03432610241448178	0.1804	4.152615408421117	0.1821655037805138	-0.0119	3.256575018547909	0.5366782053313048	0.0008	3.0414636509262	0.3937946939257148	0.0655	3.1938376322804105	0.4007437732879475	0.1076	3.30595587301962	0.600444173740011	-0.01275	3.3738869789113934	0.30650725030021586	0.0702	3.396994078861377	0.054410442421804164	0.1076	3.30658567121834	0.552070531004475	-0.01275	3.360584750290873	0.3032582413137226	0.0702	3.3943541177478873	0.06968922036898569	0.1076
393	15.748172043010753	3.7367470395975695	0.3828238213564549	0.0301	3.712804563422461	0.3775717624608572	0.0301	3.476838452545145	0.14160154996203458	0.129	3.843048640315025	0.15710845158300846	0.023	3.9146859763481725	0.0987466507033423	0.2179	3.9241990736893704	0.10833400073442528	0.1804	3.9209637759528766	0.21038806282516623	-0.0119	3.7644635526986034	0.3752912310752835	0.0301	3.740792575328625	-0.019902982662295152	0.129	4.119482349872499	0.13976433356305043	0.023	4.173205416637942	0.014259223421260818	0.2179	4.185504819975951	0.035456837419865835	0.1804	4.152597805543767	0.1821892179940009	-0.0119	3.2551020697221453	0.5366876793825505	0.0008	3.0412515836288536	0.39170567959078895	0.0655	3.1930552379086485	0.4007957964224393	0.1076	3.3066453131176594	0.600477352941179	-0.01275	3.374842797740627	0.3029026460212099	0.0702	3.396390940767481	0.05437408080284205	0.1076	3.303304559586791	0.5520469982565482	-0.01275	3.359398619036531	0.3033258554641417	0.0702	3.3932979581394664	0.07006773521742463	0.1076
394	15.788243727598566	3.7350691662150712	0.3818413203010877	0.0301	3.710106309359744	0.37578872524373574	0.0301	3.4763319926147713	0.13867843908715777	0.129	3.8435614001235168	0.15651375763172584	0.023	3.914989700962801	0.09921724143756837	0.2179	3.924123356612885	0.10689466026092877	0.1804	3.9212219329750195	0.21179014609863003	-0.0119	3.76425177098005	0.3769112344392542	0.0301	3.740315716628245	-0.019182159497445176	0.129	4.118009704866146	0.14010725608695176	0.023	4.177124074715801	0.014894009359391018	0.2179	4.185559666961063	0.0360937766073154	0.1804	4.15264882478828	0.18220510233344206	-0.0119	3.2536021085377267	0.5379117258419254	0.0008	3.0391489005563384	0.3932119547180235	0.0655	3.190810211310653	0.3997741305130344	0.1076	3.304259192977057	0.6001287898690192	-0.01275	3.37294225997403	0.3000407234412317	0.0702	3.395720044090382	0.0512561698023143	0.1076	3.300405967508767	0.5522602197394012	-0.01275	3.3578688751042223	0.3045500801176273	0.0702	3.395132681676659	0.069968232343042	0.1076
395	15.828315412186381	3.73355728689775	0.38131455566265504	0.0301	3.7081078344658445	0.37568406073696325	0.0301	3.475357854491229	0.13676045863958042	0.129	3.84351407432133	0.15678499855072095	0.023	3.9124360611513462	0.1005309701220691	0.2179	3.9208964001353857	0.1101073114403251	0.1804	3.9219957277294495	0.2116085189119811	-0.0119	3.7641201395019976	0.37768907578912353	0.0301	3.7406664968277945	-0.019576846135416902	0.129	4.116963700394174	0.14006804012394589	0.023	4.178350468929255	0.015313923669598144	0.2179	4.186268443308107	0.03662652152738899	0.1804	4.153394457349816	0.18220845428597796	-0.0119	3.253520367467938	0.5385553528829501	0.0008	3.0376395347187883	0.39856655139745745	0.0655	3.1888460923630495	0.39976226304789136	0.1076	3.303087105680555	0.6001090468267761	-0.01275	3.3712963786197485	0.3017561727350253	0.0702	3.3958630313825227	0.04955384353635685	0.1076	3.301712199907711	0.5523391275664536	-0.01275	3.3582787542857857	0.30587171382471423	0.0702	3.3968336004088915	0.06906866312816655	0.1076
396	15.868387096774194	3.7338441536337093	0.3813723866119335	0.0301	3.707648129225068	0.3771449754455593	0.0301	3.4750498215269805	0.13806218223662384	0.129	3.8416781359954415	0.15709491310318624	0.023	3.907469094436901	0.10152284670317158	0.2179	3.9163513706925257	0.11432088822288095	0.1804	3.922270098165288	0.21014693313384802	-0.0119	3.7646549092792183	0.3775536629109739	0.0301	3.7419474048314276	-0.02011934042629453	0.129	4.1186866344195865	0.13908942536404023	0.023	4.178420283233635	0.015688308127274023	0.2179	4.187977003819136	0.03694306046109093	0.1804	4.153773288138416	0.1822708520647346	-0.0119	3.254190897412618	0.5394646456832813	0.0008	3.0381563712128408	0.40196300856984424	0.0655	3.1887791822971097	0.40146380098563683	0.1076	3.305607877416758	0.6030333312848	-0.01275	3.3716245996816716	0.3064353355864227	0.0702	3.396390301348015	0.05348207167009864	0.1076	3.3046251468970533	0.5515918028078608	-0.01275	3.358781120610011	0.3064086630825774	0.0702	3.395410366284832	0.06895889703361592	0.1076
397	15.908458781362008	3.7345709452024556	0.38162187891538524	0.0301	3.707341563846065	0.3781556500396195	0.0301	3.4747245466813617	0.13923060430480605	0.129	3.839066711552329	0.15722710329583356	0.023	3.9064713182666995	0.10073420053907071	0.2179	3.9143562051956575	0.11476397328140245	0.1804	3.922238342935918	0.2096200025653557	-0.0119	3.7654000994334633	0.3780775665147017	0.0301	3.742568038290336	-0.01954352821783851	0.129	4.120737200262073	0.13736426819897757	0.023	4.177963471095306	0.015312978412817098	0.2179	4.188768938985386	0.03651322780935553	0.1804	4.152631240873922	0.18252357253263363	-0.0119	3.25474739673512	0.5410745832775459	0.0008	3.039017013447053	0.40136666125867365	0.0655	3.189289630432794	0.4032163131891752	0.1076	3.307604643445944	0.6062221913197311	-0.01275	3.3716242798004132	0.3085925334080843	0.0702	3.3960342055879	0.05733123769684879	0.1076	3.3047452914343936	0.5521271923122036	-0.01275	3.3568250608794474	0.3066772113350512	0.0702	3.393167674431829	0.0701869439761548	0.1076
398	15.94853046594982	3.7341574805550892	0.38208726378598595	0.0301	3.706489265567563	0.3776557511986127	0.0301	3.474552279288536	0.13847331941572683	0.129	3.8406275978971998	0.15757436120664065	0.023	3.910728064706948	0.09889049105903258	0.2179	3.9146397165371076	0.11150341170386738	0.1804	3.922453625153203	0.21034553805310607	-0.0119	3.7653837555900473	0.37880580761476906	0.0301	3.741964392821757	-0.018422144236385926	0.129	4.1194829909810045	0.1360011091312611	0.023	4.176757507795831	0.014198512305955362	0.2179	4.186854121138949	0.035528056774981685	0.1804	4.1514254100918055	0.1829180811485188	-0.0119	3.255215309270479	0.5415092800346455	0.0008	3.0388825829951016	0.400594803019811	0.0655	3.1888979631420606	0.4033910837123024	0.1076	3.305936633139153	0.6058994433192139	-0.01275	3.3699146879514377	0.30727306750571615	0.0702	3.3952990616902263	0.0555764517142204	0.1076	3.303752123198678	0.5548897895366512	-0.01275	3.354613130767277	0.3069430595292641	0.0702	3.3930384278461068	0.07069312923501904	0.1076
399	15.988602150537634	3.733791958267719	0.38238647222256134	0.0301	3.7058610192504498	0.376770761129606	0.0301	3.475375357007809	0.1386689861825215	0.129	3.8462907929738877	0.15817450549773635	0.023	3.9125377292784287	0.10005500873793757	0.2179	3.914665092512561	0.1090683848761939	0.1804	3.922764363395008	0.21116694875943143	-0.0119	3.7646011703416415	0.37757345782025326	0.0301	3.741317352360457	-0.01830020261801351	0.129	4.116472797563128	0.13616324460149212	0.023	4.176587977291831	0.013525927032024395	0.2179	4.185071905858283	0.034887112144663605	0.1804	4.151708072528139	0.1832162550066686	-0.0119	3.2557203173140756	0.5402982884548936	0.0008	3.0383668242895574	0.4009075358033464	0.0655	3.1883513387342526	0.4025335289913479	0.1076	3.304227713097696	0.6037233772830863	-0.01275	3.36857716714718	0.3057092130737967	0.0702	3.3956386655365085	0.05246271719767212	0.1076	3.304537237593911	0.5569005713203551	-0.01275	3.355610637518231	0.3071995691468826	0.0702	3.394069277320506	0.07040010230543975	0.1076
400	16.02867383512545	3.7348447836488985	0.38225752890342896	0.0301	3.7061539771391754	0.37647054762796306	0.0301	3.4764733142374786	0.14082584620452487	0.129	3.8476536339872816	0.1582997755753324	0.023	3.9094443036081965	0.10306786316754535	0.2179	3.9142248023237323	0.1092603761482695	0.1804	3.9230011907046394	0.21135086991829222	-0.0119	3.7643696189407216	0.375064374344219	0.0301	3.741545133431934	-0.01921917837893523	0.129	4.116104977716274	0.13805062254071515	0.023	4.178159067810598	0.013880537314048893	0.2179	4.186453967030605	0.03496320427197423	0.1804	4.152025881874366	0.18351818728236144	-0.0119	3.2557007649556655	0.5393396593905806	0.0008	3.0381732667444385	0.400396525548885	0.0655	3.1883455675655807	0.402910868396047	0.1076	3.30563170946706	0.6023347814390253	-0.01275	3.369002177739071	0.3041139434366779	0.0702	3.396605735374238	0.05234262927881912	0.1076	3.305320538843436	0.5566263701099526	-0.01275	3.358149383452086	0.3076495850706471	0.0702	3.3948108122495304	0.07149292984775497	0.1076
401	16.06874551971326	3.7355475073385898	0.38209039673293577	0.0301	3.706134984907283	0.3764332150006346	0.0301	3.476164344269679	0.14150204602712474	0.129	3.8433448424035275	0.15745747508987656	0.023	3.9094219199450326	0.10139293593135534	0.2179	3.914551697894139	0.10927068499614626	0.1804	3.9234494088668783	0.21119112561670234	-0.0119	3.7654059099964883	0.3745797160049526	0.0301	3.742081372213113	-0.019347828973123923	0.129	4.118103524418248	0.1399048928788668	0.023	4.178035898049984	0.014423694470667273	0.2179	4.187977173611562	0.035256798372866376	0.1804	4.151197116137105	0.18394456213357813	-0.0119	3.2548631615377634	0.5395680318796253	0.0008	3.037999713649254	0.399255021464179	0.0655	3.188184466209394	0.4044643100434734	0.1076	3.3068953028917214	0.601849801782398	-0.01275	3.37041107547376	0.3016711496039611	0.0702	3.396992823665256	0.052768532428134146	0.1076	3.3047315712470664	0.5552807395131737	-0.01275	3.3581767845774215	0.3073536573265471	0.0702	3.3955511762269324	0.07262099409161933	0.1076
402	16.108817204301076	3.7345856847303165	0.3820871311518533	0.0301	3.7043850998532637	0.37628457263238446	0.0301	3.4747890866622306	0.13959439033689472	0.129	3.842658449670233	0.15666490449340728	0.023	3.914091652596556	0.09723369623857822	0.2179	3.9149805521474583	0.1079444576479918	0.1804	3.92473797235636	0.2111350341491808	-0.0119	3.7660659970618418	0.376126099820522	0.0301	3.741782935374817	-0.018601616684303986	0.129	4.1185544326902725	0.1398964825680237	0.023	4.175290307061293	0.014260256597105015	0.2179	4.186398533553533	0.03526232628295653	0.1804	4.150360705831862	0.18394183050012064	-0.0119	3.2539957504295645	0.5398215664068996	0.0008	3.0375458544143794	0.39984829896339974	0.0655	3.1875924070332657	0.40444859967010105	0.1076	3.3050955118344083	0.601902225110632	-0.01275	3.371572709967967	0.3012365946473231	0.0702	3.3966911128036483	0.05154443249076193	0.1076	3.3045837082769487	0.5539123314099794	-0.01275	3.3564810606913964	0.30460473059843757	0.0702	3.395825968872655	0.07118983730886247	0.1076
403	16.148888888888887	3.734414078888037	0.38216297301658747	0.0301	3.702642708720343	0.3762299287196893	0.0301	3.474374885713937	0.1388267119575141	0.129	3.847379790019393	0.15669144901150203	0.023	3.914637810293058	0.09859913263607165	0.2179	3.9140554030841437	0.10730994363693863	0.1804	3.9266443579700074	0.21114309891672736	-0.0119	3.7647523036530677	0.3767127162196356	0.0301	3.7410335074202195	-0.01936558551491696	0.129	4.117385778581189	0.13908358984190725	0.023	4.174518849614625	0.01320666790943845	0.2179	4.1845467468021145	0.035013422027957014	0.1804	4.150908802548575	0.18347726102285972	-0.0119	3.2537077759776882	0.5392123632909732	0.0008	3.037419974841945	0.40175898157244155	0.0655	3.187505396869177	0.4025343677311176	0.1076	3.3031306693184286	0.6021427143057901	-0.01275	3.3709909827890696	0.3035207068525161	0.0702	3.3959967728588576	0.05078938535605865	0.1076	3.3055165752442908	0.5532370218879017	-0.01275	3.356241702376899	0.30044375025665526	0.0702	3.3946317052708324	0.06939828961444929	0.1076
404	16.188960573476702	3.7355979070968934	0.38200741582622916	0.0301	3.702872400722633	0.37624394399054967	0.0301	3.4751205673237533	0.14060850360879892	0.129	3.8489032045005067	0.15638947351740623	0.023	3.9092922979362648	0.10286297544211292	0.2179	3.9138494303689186	0.1082046407151171	0.1804	3.9259825676289037	0.2112224185327685	-0.0119	3.762584337981276	0.37617444232145386	0.0301	3.7412593905780027	-0.021360728682761863	0.129	4.117286153922722	0.1393937951353332	0.023	4.176675222415521	0.011722742068288716	0.2179	4.185029231033773	0.0347685538683749	0.1804	4.152901128992137	0.18362565383888524	-0.0119	3.2539378699932886	0.5389690731242353	0.0008	3.038124276692375	0.40037915790914075	0.0655	3.1881795036187524	0.4011335366571423	0.1076	3.303548991912924	0.6020130175880838	-0.01275	3.368361361108481	0.30338961006545123	0.0702	3.3949203956744083	0.05168983706364766	0.1076	3.305543765038234	0.5532288930822361	-0.01275	3.3566653020461037	0.29961350669556897	0.0702	3.3931465264663245	0.07023375218120508	0.1076
405	16.229032258064517	3.7349936427696946	0.38145908623114627	0.0301	3.7031736400647435	0.37552878447865645	0.0301	3.4755876964850794	0.14175836880089226	0.129	3.8443112934007777	0.15541488713832866	0.023	3.9051192292936476	0.10230548998015118	0.2179	3.917253663596256	0.109327370511184	0.1804	3.9208268104193316	0.21177625379191153	-0.0119	3.761332576992295	0.37658549209650233	0.0301	3.7417767780527718	-0.021780676979149205	0.129	4.118665731685183	0.14020701385653297	0.023	4.177267746325089	0.010763957610005391	0.2179	4.185686658025667	0.034226781677403756	0.1804	4.154654914615371	0.18433935415760855	-0.0119	3.25435735808738	0.540329742301377	0.0008	3.0388158836886547	0.39533098707959474	0.0655	3.188801443321348	0.4008273286438384	0.1076	3.304553924334512	0.601320667110077	-0.01275	3.365264131584139	0.29898043705748656	0.0702	3.3934460782441818	0.051280121379909206	0.1076	3.3037244871536284	0.5532520898211302	-0.01275	3.3554957819150966	0.30353920215740876	0.0702	3.3937742320877264	0.07266537883385261	0.1076
406	16.26910394265233	3.732491944521538	0.3813812233856611	0.0301	3.702507927469786	0.3741532117762604	0.0301	3.475299442670076	0.14142067510635048	0.129	3.8399270216995878	0.15504643909071741	0.023	3.9042772401484123	0.09969685702212344	0.2179	3.9200372936292576	0.10958039241306027	0.1804	3.915943385763674	0.21279328398481975	-0.0119	3.7612112822473476	0.37804593079712856	0.0301	3.74105833977204	-0.02059353931380995	0.129	4.120330325146792	0.13996493605958915	0.023	4.175604065858796	0.010721514135663935	0.2179	4.185503167582115	0.03332149637969198	0.1804	4.154558853593355	0.18406435432787432	-0.0119	3.2543538650208617	0.5416204621939259	0.0008	3.038612231397601	0.3930946521929513	0.0655	3.1895813148772376	0.4004731262033486	0.1076	3.3054434356984044	0.6004600725090234	-0.01275	3.36308330612734	0.2951041138533108	0.0702	3.392053699285964	0.04796093685154616	0.1076	3.3026776544569953	0.553106224683644	-0.01275	3.3535846164697047	0.3055418570418015	0.0702	3.395686857111992	0.07388450849195913	0.1076
407	16.309175627240144	3.7314873338924985	0.3824310260126281	0.0301	3.704156921558105	0.3740927438853369	0.0301	3.475437856409416	0.14201412107210007	0.129	3.839249776918157	0.1553820463047965	0.023	3.9036694201493347	0.1006468826184062	0.2179	3.91628613883516	0.10866015864384386	0.1804	3.9162614328305034	0.21349170713697388	-0.0119	3.761588264273515	0.37892820937786625	0.0301	3.740458449397746	-0.020001454619550052	0.129	4.12112341277387	0.13915052457552765	0.023	4.175899562407699	0.011184157946196874	0.2179	4.186649557394463	0.0330533027705312	0.1804	4.153217356343404	0.1827533895167152	-0.0119	3.2536857827476564	0.5405741304632734	0.0008	3.038543221570841	0.3951679433189269	0.0655	3.191071007279231	0.4000804506044621	0.1076	3.3074851757778383	0.6004849444811259	-0.01275	3.362279423086853	0.294583146115486	0.0702	3.391369760625436	0.045503084485269414	0.1076	3.3041229105047947	0.5522026959567603	-0.01275	3.353464981800605	0.3007692865998395	0.0702	3.3951240023344362	0.07238355123926249	0.1076
408	16.349247311827956	3.732850332066935	0.38357339721221906	0.0301	3.7083779826484267	0.37605924412689024	0.0301	3.4770034670127155	0.1431211067294322	0.129	3.8397727242827946	0.15559442013666547	0.023	3.9029178279413674	0.10163287281766285	0.2179	3.9124460653147928	0.10725134770427053	0.1804	3.919727026648965	0.2135992634958331	-0.0119	3.761923851162289	0.378017649236107	0.0301	3.7416117813649588	-0.020516452525369946	0.129	4.1210633352199215	0.13892608899961223	0.023	4.179177807127425	0.012757039241313698	0.2179	4.1896546671730714	0.03412080230336758	0.1804	4.15276216876945	0.1819676827115608	-0.0119	3.253004448522132	0.5381814972976151	0.0008	3.039700683695177	0.39481717305533176	0.0655	3.1918711768401704	0.39998440049457445	0.1076	3.3088634872181526	0.60178388878336	-0.01275	3.3629794338409975	0.29616532734964707	0.0702	3.3912735387692354	0.047302430531073	0.1076	3.3045697714970785	0.5505030895277976	-0.01275	3.355581467641228	0.29522766847339277	0.0702	3.392779539066409	0.06984247663982374	0.1076
409	16.38931899641577	3.7341957240608585	0.3833439905154744	0.0301	3.710463942968489	0.3774203065296565	0.0301	3.478713392412996	0.1425383124190193	0.129	3.8402094717579396	0.15564327825574803	0.023	3.904121226294223	0.09849718432159384	0.2179	3.9185605971910964	0.1063096112693909	0.1804	3.9226573901776836	0.21381079121700405	-0.0119	3.7620850024736616	0.3759901699667747	0.0301	3.7430796084360045	-0.020945963190493154	0.129	4.121597071313899	0.1391257031225642	0.023	4.180737774833183	0.015396047442428283	0.2179	4.19165951022071	0.035457369774115795	0.1804	4.15375744069705	0.18184639404203629	-0.0119	3.2530559680375304	0.5365142887041069	0.0008	3.040395332649164	0.3894696053935456	0.0655	3.1906980477947102	0.3990333619995826	0.1076	3.307002569740568	0.603025946667591	-0.01275	3.3641019568229433	0.2985976809731285	0.0702	3.391349782120921	0.050733989923235856	0.1076	3.301437101157307	0.5496462147727389	-0.01275	3.357811504527629	0.296775148282664	0.0702	3.3934950113458697	0.07013474277715599	0.1076
410	16.429390681003586	3.7342497186372605	0.38198868170683614	0.0301	3.709156209481473	0.3764822566875926	0.0301	3.47924097768244	0.14149712265559888	0.129	3.841070324970523	0.15569748866328678	0.023	3.9065633979147494	0.09502834069217068	0.2179	3.9268684420680136	0.10516775032286921	0.1804	3.924562982316297	0.2143462013869432	-0.0119	3.762207884089943	0.3750498214986923	0.0301	3.7430854596928254	-0.020870219325265036	0.129	4.1227946055840015	0.1388909817470797	0.023	4.177833238230948	0.01604493684427868	0.2179	4.190538871948815	0.035318959370180446	0.1804	4.154994919604024	0.1815730081002746	-0.0119	3.2535919791488457	0.5353056228188457	0.0008	3.039141135955891	0.3842273891060193	0.0655	3.1897317746647937	0.3965165268766449	0.1076	3.3040577541296425	0.6031494620890657	-0.01275	3.363434343634091	0.3003590536862997	0.0702	3.3916259759944793	0.051020789122949106	0.1076	3.2986870665588945	0.5500913265346125	-0.01275	3.358480860624986	0.3025376402719944	0.0702	3.396504533688583	0.07363541579611545	0.1076
411	16.469462365591397	3.734066969695366	0.3814520470290976	0.0301	3.707653327389717	0.3755073069046951	0.0301	3.478979731109363	0.14214546009968407	0.129	3.8416554744612803	0.1556159028139906	0.023	3.9059757762558704	0.09638014437165322	0.2179	3.922986269421657	0.10463535726988056	0.1804	3.9249122057371095	0.2140983692019216	-0.0119	3.7623273380850093	0.37575763198330697	0.0301	3.741805160674339	-0.021001220823847075	0.129	4.122856965441287	0.13814304689475138	0.023	4.175544125244206	0.014418463294455813	0.2179	4.188656627590927	0.03461104566990339	0.1804	4.156184660862136	0.1814512329754763	-0.0119	3.2537945640213457	0.5339437089156776	0.0008	3.037877342779518	0.3819550251813479	0.0655	3.1918348518540713	0.3943687733906563	0.1076	3.3046545604568207	0.6028062267657623	-0.01275	3.3619854360502424	0.3001580664458255	0.0702	3.39200849592729	0.04932962235896874	0.1076	3.299546572868207	0.5503975484993614	-0.01275	3.357675134964783	0.30357908603573613	0.0702	3.3960138604252044	0.0752796001420923	0.1076
412	16.509534050179212	3.734564094206441	0.38220737767342233	0.0301	3.707631859003541	0.37620622980102614	0.0301	3.4780638998341185	0.14300797830699413	0.129	3.841500886263993	0.155453031736224	0.023	3.9021416821114183	0.09994443496033938	0.2179	3.9129791466934525	0.10682684610442764	0.1804	3.9229237716818868	0.2125109617492142	-0.0119	3.7621890037720465	0.37643023212704163	0.0301	3.7404157518115095	-0.02136481359161567	0.129	4.121805919727373	0.13820719306252527	0.023	4.177633940967682	0.014218046990566958	0.2179	4.188443375388964	0.035408868359428504	0.1804	4.157210245958811	0.18217386200986407	-0.0119	3.253578018140536	0.5337586081583201	0.0008	3.038181518575718	0.3807632498719691	0.0655	3.1955787876633144	0.39432862474779523	0.1076	3.308052687964581	0.6030321234822613	-0.01275	3.3630655215186978	0.29891766590462754	0.0702	3.3919344297981957	0.05021345910159993	0.1076	3.3008098743417076	0.5505338447970073	-0.01275	3.3563171376011183	0.3001730902694681	0.0702	3.392110292086227	0.07295942566226077	0.1076
413	16.549605734767024	3.7351540317835754	0.382348529706567	0.0301	3.7073306568530624	0.37632193011653287	0.0301	3.4764947751395208	0.1421241309272002	0.129	3.8409393875485374	0.15556718960920451	0.023	3.9017519974547583	0.09918717094632684	0.2179	3.9126770415784415	0.10851141190599575	0.1804	3.9203153203015404	0.21170057413122317	-0.0119	3.761390795349816	0.37650315807612833	0.0301	3.739862806226805	-0.021321943955330727	0.129	4.121425426306636	0.13948044148834535	0.023	4.1791182606000685	0.014905548944843222	0.2179	4.188584108639119	0.036274416425736554	0.1804	4.157392046194378	0.18349400376889707	-0.0119	3.2534825333073396	0.5356765534986084	0.0008	3.038735359107994	0.379901172107743	0.0655	3.197515409712242	0.39517677024116715	0.1076	3.30814111310394	0.6035186596934453	-0.01275	3.3642854199119614	0.2976216420420646	0.0702	3.391111332824288	0.05178341870441005	0.1076	3.3000320669161867	0.5518974503662425	-0.01275	3.3553693400527482	0.30068874413780655	0.0702	3.391154459292289	0.07213922201472368	0.1076
414	16.58967741935484	3.734513381884695	0.38158382896800613	0.0301	3.7058171202079975	0.3743509230408957	0.0301	3.4753879136488015	0.14088163218722408	0.129	3.8395005693073205	0.15612690157372502	0.023	3.905462009279524	0.09521302716223765	0.2179	3.9202369411303346	0.10649180066782364	0.1804	3.918963072478516	0.21318601490758915	-0.0119	3.7602011552714214	0.3765038303646775	0.0301	3.7399439198951083	-0.021315995231739666	0.129	4.121422136636432	0.14018665282369372	0.023	4.176171257252505	0.013852582292578203	0.2179	4.188296283578186	0.03542474421053905	0.1804	4.156946529460351	0.18424794399240593	-0.0119	3.253650848951993	0.5377316403425555	0.0008	3.038498538546353	0.3802272715653659	0.0655	3.1972651578801266	0.3950764733734361	0.1076	3.304674393485691	0.6024915207674574	-0.01275	3.3617505859506385	0.29689987340227997	0.0702	3.391090972625723	0.05023835396004857	0.1076	3.299214556862504	0.5538320780646534	-0.01275	3.354917067201868	0.3051648908651152	0.0702	3.3943638397704974	0.0755747634219536	0.1076
415	16.629749103942654	3.7327241204813535	0.38167930021595164	0.0301	3.7060817599214833	0.37326172535197216	0.0301	3.476042540230324	0.14098121805651553	0.129	3.8379286907464523	0.1567208903835827	0.023	3.9053035909600786	0.0938636845186456	0.2179	3.9232408884357692	0.10501272160117332	0.1804	3.91816266389428	0.21414143959493034	-0.0119	3.7594485727163605	0.37620389699546025	0.0301	3.7399697951450577	-0.021994128690851707	0.129	4.120728700635636	0.1396034914486987	0.023	4.17214284349561	0.013076217084126138	0.2179	4.188340990906546	0.03432747966845878	0.1804	4.156735755801932	0.1842589394245728	-0.0119	3.2537621336572022	0.5377557988587914	0.0008	3.038601425895767	0.3807034887479565	0.0655	3.1967101780815663	0.3940531839984464	0.1076	3.3037663300082833	0.5996807156805801	-0.01275	3.3606169036622533	0.2998132958699794	0.0702	3.394202048069581	0.0497954103932845	0.1076	3.2994027985231273	0.553753777599391	-0.01275	3.3548698993129187	0.30561233239583135	0.0702	3.3960509375034014	0.07835309753348489	0.1076
416	16.669820788530465	3.7314228870319583	0.38248518474599447	0.0301	3.708017851146045	0.374959642824741	0.0301	3.4779972255842257	0.14162980926301683	0.129	3.8385089270558144	0.15693141068078678	0.023	3.9012504063104223	0.09453858068432766	0.2179	3.920555780797938	0.10641391019699047	0.1804	3.9173029682948735	0.21260166288475385	-0.0119	3.7592278049511725	0.37626303280690426	0.0301	3.7399284034068514	-0.02258592386595166	0.129	4.120479890129354	0.1393342329352681	0.023	4.171891807494767	0.014482967492665805	0.2179	4.18839336054641	0.034144893244077656	0.1804	4.15716952928829	0.18472605886827553	-0.0119	3.253686033586069	0.536809022605074	0.0008	3.0399089620343913	0.3796018795571057	0.0655	3.1966641697061755	0.39323067533641776	0.1076	3.3063684135904032	0.597622394692772	-0.01275	3.3656865561557496	0.30639654038187014	0.0702	3.3979227222025963	0.05390094647698495	0.1076	3.299644685511171	0.5518292700027319	-0.01275	3.3552527752046224	0.30170326409894105	0.0702	3.394613498798052	0.07836490688488965	0.1076
417	16.70989247311828	3.7310907900704877	0.38260873773244675	0.0301	3.7065909709938465	0.37633428738777613	0.0301	3.4792961236764204	0.14174967882914705	0.129	3.8407155148737857	0.15697132832007812	0.023	3.9014113680629987	0.09386025077735008	0.2179	3.9197295672723773	0.10643295252634863	0.1804	3.9172793380627198	0.21164502452390757	-0.0119	3.7591410063590676	0.37718623574885124	0.0301	3.7399192129254026	-0.022412407116261374	0.129	4.121300990762179	0.1399329219564177	0.023	4.175167926187477	0.015761022016345095	0.2179	4.187806088409957	0.03415417534721417	0.1804	4.157338747599965	0.18488187044366736	-0.0119	3.253530479740212	0.5364853640728959	0.0008	3.040604777155251	0.3778782976523498	0.0655	3.1961783444669862	0.39301426008325946	0.1076	3.3085307853084656	0.5977430222472505	-0.01275	3.3681474580092123	0.3101864081582066	0.0702	3.396381501979438	0.054505964389058394	0.1076	3.2994967893115232	0.5517453131244443	-0.01275	3.355134219302828	0.30091693008570286	0.0702	3.3941376084372608	0.07898116422755706	0.1076
418	16.749964157706092	3.7309909370998535	0.38239251742715424	0.0301	3.7025984527435294	0.3752308188939488	0.0301	3.4793190063060706	0.14160626461132908	0.129	3.841964919922601	0.15709342102372292	0.023	3.9062377114429823	0.09372172982174483	0.2179	3.9221789530357443	0.10405681275962503	0.1804	3.919028538125244	0.21273379936984024	-0.0119	3.7590016997276914	0.3774022324519505	0.0301	3.739781166688461	-0.021994828967491213	0.129	4.121484336312922	0.13992313742819293	0.023	4.176818286090102	0.015110554601597673	0.2179	4.186839158630036	0.03286391491272908	0.1804	4.155625041734892	0.1828580411364157	-0.0119	3.253410834920521	0.5361340648060495	0.0008	3.03923453939618	0.37755093473595147	0.0655	3.1946671302022875	0.3929952691979897	0.1076	3.308054527117949	0.5983493810576015	-0.01275	3.360949632479173	0.308813364302689	0.0702	3.3914782252267335	0.04652768254271816	0.1076	3.299108029212799	0.5544060459837458	-0.01275	3.3543108190224142	0.30516954184393663	0.0702	3.3949467932143276	0.08054768929057787	0.1076
419	16.790035842293907	3.7311063066039396	0.3824014997160865	0.0301	3.7021101760746875	0.37449749391433373	0.0301	3.47916263847021	0.14166290337205148	0.129	3.8416782110698358	0.1570332221364228	0.023	3.907886497980814	0.0960114185442925	0.2179	3.9224569259765425	0.1031800382557445	0.1804	3.922890734481088	0.2126582586241709	-0.0119	3.7586723914330427	0.376815696819123	0.0301	3.7397951924717416	-0.022043606560254028	0.129	4.120589490465383	0.13926195292391924	0.023	4.175677859390485	0.013823007038147752	0.2179	4.186319818146326	0.0303770840688786	0.1804	4.153028759759831	0.1804681887430778	-0.0119	3.25333236377293	0.5354857116990576	0.0008	3.0377331186861856	0.3781410961952311	0.0655	3.193925781276289	0.3930296165375363	0.1076	3.304341386399555	0.5975723076798816	-0.01275	3.354696198151178	0.3072841574422175	0.0702	3.391372889957434	0.04143006995900038	0.1076	3.2990198794618064	0.5560400363913598	-0.01275	3.3538255883151353	0.3082279812031934	0.0702	3.3943538620841482	0.07937797194071854	0.1076
420	16.830107526881722	3.731559192607982	0.38210666413507366	0.0301	3.704544777466411	0.37630850294951895	0.0301	3.479481828732595	0.1418197648556688	0.129	3.8408381810264887	0.15655383771212789	0.023	3.9030538766630585	0.09770651120938467	0.2179	3.9190924619561636	0.10434333827425635	0.1804	3.925477784822967	0.21076241539804913	-0.0119	3.7585063195382276	0.37707067117274556	0.0301	3.7402878885497155	-0.022665186611225033	0.129	4.120309508567708	0.13935554857168728	0.023	4.1749438404111725	0.013155439965034967	0.2179	4.186372364636197	0.03003596394594848	0.1804	4.152808645007315	0.18093231707700766	-0.0119	3.2530825953987508	0.5355442004981463	0.0008	3.0377464608290214	0.378146247177203	0.0655	3.1949823494464	0.39315903623508874	0.1076	3.300005639431795	0.5964270993254419	-0.01275	3.358121466012821	0.30817662190059586	0.0702	3.3953813925883365	0.04766134518102637	0.1076	3.2995440997372687	0.5553198542338779	-0.01275	3.3542979695656143	0.30646779100074056	0.0702	3.3934314054961567	0.07557924529826862	0.1076
421	16.870179211469534	3.7317934101816617	0.3816382022653718	0.0301	3.7039438335832426	0.3779935414895542	0.0301	3.479892600358727	0.14187320829353423	0.129	3.840311191049846	0.15620162143938723	0.023	3.898446945025979	0.09663610794406867	0.2179	3.9174874117371674	0.10388125626623311	0.1804	3.923035238745769	0.21051339807146302	-0.0119	3.758974710006907	0.37794746672393775	0.0301	3.7407568455402522	-0.02323265558985737	0.129	4.120261941119798	0.14010982056160498	0.023	4.175177716344153	0.012659124251270124	0.2179	4.1865073812880755	0.0320134637701587	0.1804	4.154463551041347	0.1831188696508404	-0.0119	3.252852491137192	0.5360949994841622	0.0008	3.038179694285361	0.37851345682155596	0.0655	3.195210640125335	0.3932493014860927	0.1076	3.3006351291741347	0.5968233763430232	-0.01275	3.3620188446168413	0.3076789708289189	0.0702	3.3953208040978597	0.05409542270046943	0.1076	3.2999307835137754	0.5557481884743327	-0.01275	3.3557652702427823	0.3037097271552464	0.0702	3.3938036130761136	0.07627312334361341	0.1076
422	16.91025089605735	3.731846004318861	0.38163974206101126	0.0301	3.700995811515407	0.37731544038673986	0.0301	3.479923067071045	0.14182441211397917	0.129	3.840796814332621	0.1568331384811572	0.023	3.9010397151949947	0.094711064442115	0.2179	3.919382616824709	0.10172608516226403	0.1804	3.9205437223672144	0.21213949072480945	-0.0119	3.7597611595063585	0.3783349093134883	0.0301	3.7406475261685097	-0.023295886689793106	0.129	4.118837908935471	0.14050929867029127	0.023	4.175297977503999	0.011397351169059875	0.2179	4.186803102663293	0.03149711952689544	0.1804	4.154689458436326	0.18351375510682463	-0.0119	3.253155048096529	0.5358932684699533	0.0008	3.038065704471956	0.38030579335065273	0.0655	3.19331838867039	0.39325462261255584	0.1076	3.3052065498536787	0.5974761795900089	-0.01275	3.3580273012663837	0.30302041599996327	0.0702	3.390776720158068	0.050976262023873405	0.1076	3.2996976387112564	0.558497422403693	-0.01275	3.3572073833713842	0.303167268328937	0.0702	3.3941744937385407	0.08382725988526707	0.1076
423	16.95032258064516	3.732451570396444	0.38180503784634195	0.0301	3.7017395954563854	0.3760207588995087	0.0301	3.479774986166703	0.14179371161788315	0.129	3.8418213783699935	0.1582361613924897	0.023	3.9067688013453616	0.09421894153221207	0.2179	3.919167709878581	0.10293079074069168	0.1804	3.923619218937482	0.21205060607442308	-0.0119	3.7603809324201682	0.3781368631243544	0.0301	3.740418442758798	-0.023152622352870966	0.129	4.1178621433487885	0.14026667330775033	0.023	4.175720817514916	0.010047240794260259	0.2179	4.187211100957609	0.028738901504897555	0.1804	4.153827217842386	0.18212928023556074	-0.0119	3.2536139349617303	0.5348933376030683	0.0008	3.037904934223537	0.38185236038134956	0.0655	3.191810997380077	0.3932323414628702	0.1076	3.30608160040396	0.5973567078647071	-0.01275	3.3517069928551715	0.30026358002696363	0.0702	3.388599820220605	0.045630015295199104	0.1076	3.299653288350355	0.5603396181543987	-0.01275	3.356783309981894	0.30352058864384546	0.0702	3.393669032882758	0.08764428872287013	0.1076
424	16.990394265232975	3.733258936782715	0.3816003750164197	0.0301	3.7048075438147183	0.375587884513788	0.0301	3.4801581452849817	0.1419289028280624	0.129	3.8419294491316456	0.1590503693047776	0.023	3.907095432296303	0.0937970147297202	0.2179	3.916004404371328	0.10667573867571445	0.1804	3.9269873883519746	0.21022935442388863	-0.0119	3.76071078988982	0.37811920017026607	0.0301	3.7408743034021477	-0.02304986310255388	0.129	4.119388148212617	0.13997617303535662	0.023	4.177792306248706	0.010272869372415745	0.2179	4.1872172844238875	0.029241446568164485	0.1804	4.15381260185198	0.18191285322092268	-0.0119	3.2534268051165887	0.5340368989747324	0.0008	3.038030969780064	0.382034898661833	0.0655	3.191873736342908	0.39315569139721385	0.1076	3.301811460126422	0.598817690415431	-0.01275	3.351647052896722	0.3049012900583981	0.0702	3.3906213153341667	0.04464493510767835	0.1076	3.3000462213152355	0.5600129434578288	-0.01275	3.3542839952390286	0.30352151109885156	0.0702	3.393161128381114	0.0818843770345528	0.1076
425	17.03046594982079	3.7335790843043704	0.3815458929357721	0.0301	3.703856933413154	0.37569957278335187	0.0301	3.4809567390953977	0.14192489787481236	0.129	3.841360704778068	0.15836526207795126	0.023	3.9034259613198095	0.09036022650898747	0.2179	3.916207883736562	0.1051273165274937	0.1804	3.9255944434590533	0.21046755490519503	-0.0119	3.761125101001436	0.3792365971051927	0.0301	3.741607459637808	-0.022946996945230565	0.129	4.121273528427561	0.14004302199971966	0.023	4.180247803342476	0.010617968938571797	0.2179	4.187028234494116	0.032177777996520364	0.1804	4.1541665568553725	0.18301153742485404	-0.0119	3.2528840444839884	0.5336742426072191	0.0008	3.0379539084761356	0.38173862942850556	0.0655	3.1921443116393164	0.392865760740334	0.1076	3.29790759625967	0.6012205362096043	-0.01275	3.3613182381059477	0.30942494382275637	0.0702	3.39190122126232	0.04426588884683545	0.1076	3.2999956630091587	0.5594825048471792	-0.01275	3.3524870275527454	0.30352884524130247	0.0702	3.3934706005535364	0.07750817178267905	0.1076
426	17.070537634408602	3.7339945078726577	0.3822810602450318	0.0301	3.7010761059766244	0.37639762355893797	0.0301	3.4807889100636413	0.14127266311030295	0.129	3.8414528355004127	0.1567968886173528	0.023	3.9030539454489723	0.08757125039561497	0.2179	3.920456775355134	0.09922224023140251	0.1804	3.9239126963925943	0.21298479888705907	-0.0119	3.7617133017390385	0.3809605723697059	0.0301	3.741340024911167	-0.022937779745136756	0.129	4.121355378080333	0.1396889314417687	0.023	4.178087431821776	0.008681794535783363	0.2179	4.187357307256535	0.03140710167976954	0.1804	4.1541024252420815	0.18259495189529845	-0.0119	3.252940198188874	0.5337735474199115	0.0008	3.037926342038351	0.3813263175247575	0.0655	3.192085424385424	0.392440425113757	0.1076	3.297157044368025	0.6008025462688946	-0.01275	3.373634022329363	0.306665379577793	0.0702	3.3910523308426646	0.042918526925639924	0.1076	3.2996895224612737	0.5593128620502902	-0.01275	3.3531275604626467	0.30353982123395923	0.0702	3.394104772932601	0.08131776431240208	0.1076
427	17.110609318996417	3.7346645118510295	0.38290891673043365	0.0301	3.7026810894027067	0.37718375330741893	0.0301	3.4792849500814196	0.14053983652758875	0.129	3.841994279272435	0.15571475775786134	0.023	3.9057830350660696	0.09225216077538427	0.2179	3.9224316286649024	0.09868687644617477	0.1804	3.925126993735883	0.21371744596425826	-0.0119	3.7613425518749777	0.38174171375299354	0.0301	3.740507999377449	-0.023196181536595414	0.129	4.120499807503217	0.13881334860031708	0.023	4.171424714929943	0.007309124643668491	0.2179	4.188002972541151	0.027329934644640917	0.1804	4.1541114251289795	0.18097842688372293	-0.0119	3.253499096860476	0.5347621269372185	0.0008	3.039345114534731	0.38032280656555384	0.0655	3.192201921870575	0.39236983783896673	0.1076	3.298546605537432	0.5986046445814236	-0.01275	3.374474372274229	0.3034508399498513	0.0702	3.3928600197944907	0.045279102101763696	0.1076	3.3001176715657996	0.5582258670864156	-0.01275	3.3541723937492223	0.30318862963624627	0.0702	3.3934313740281743	0.08324294304898117	0.1076
428	17.15068100358423	3.734660227876245	0.3826676273513274	0.0301	3.7054333953577494	0.37666809403960455	0.0301	3.478235283789404	0.1404485109846496	0.129	3.84208740187888	0.15563964475283454	0.023	3.9069806941583547	0.09873467825652131	0.2179	3.920613886008164	0.10376429085593353	0.1804	3.9256348345477527	0.21159034893012157	-0.0119	3.7602005415762174	0.3810687390618135	0.0301	3.740914010873984	-0.02328407454301536	0.129	4.119887894741569	0.13906045941623799	0.023	4.168848350146748	0.009642438972889971	0.2179	4.1878306903756135	0.025623382931101408	0.1804	4.154623440617835	0.18113228511198137	-0.0119	3.25356274702482	0.5365630855577184	0.0008	3.041627655038519	0.3788201892673198	0.0655	3.192414516136344	0.39247247587444417	0.1076	3.3005197608384362	0.598725407119943	-0.01275	3.363986503771706	0.30585354526670844	0.0702	3.3965068546868364	0.05162415983898332	0.1076	3.3008049135112643	0.5566456365539258	-0.01275	3.354589738959683	0.30380663692444315	0.0702	3.3912378446819744	0.07695721281153388	0.1076
429	17.190752688172044	3.7340774492841913	0.382370743734638	0.0301	3.7022196477578486	0.37478394324212827	0.0301	3.479073922289178	0.14049042108337537	0.129	3.841808401842948	0.15590957586116544	0.023	3.9059799486504354	0.097226193287734	0.2179	3.9195821739428824	0.10533074427693366	0.1804	3.9224598759326237	0.21038554618280023	-0.0119	3.760367780837599	0.3789086683451306	0.0301	3.7420320169650303	-0.02219278743061745	0.129	4.119691524295206	0.14066377501109692	0.023	4.172521486408097	0.012027152399254275	0.2179	4.186659923526104	0.02709990237411658	0.1804	4.154792417612798	0.18228771348152986	-0.0119	3.2530937878649104	0.5377652453023122	0.0008	3.0420925477594403	0.3780625400581457	0.0655	3.1922924871984835	0.39189841393099767	0.1076	3.300914949566711	0.600274210062136	-0.01275	3.3554228985778796	0.3088612949746293	0.0702	3.3952675055334742	0.05280112921374812	0.1076	3.300475737539845	0.5569777541353647	-0.01275	3.355394979874644	0.3067791421885079	0.0702	3.3895643158868096	0.07248750230448374	0.1076
430	17.230824372759855	3.7338931850138977	0.38210616117804364	0.0301	3.695910598517198	0.373790992418159	0.0301	3.4804415425416555	0.14033281632867123	0.129	3.841567468472235	0.15599373526566387	0.023	3.903923735097175	0.09261749466290418	0.2179	3.919786265854527	0.1024566408197024	0.1804	3.9181939872838285	0.21201474967372752	-0.0119	3.761773932933055	0.375788221467735	0.0301	3.741649559746213	-0.020502754546297318	0.129	4.1193591848646225	0.14129707364443517	0.023	4.174846253556019	0.01138272311115889	0.2179	4.186109227134851	0.028686305811251978	0.1804	4.1536560353785505	0.1821709304171641	-0.0119	3.2530515531490973	0.5373206859046532	0.0008	3.0411370124146484	0.3788355185402321	0.0655	3.1919357793270806	0.3910970761265652	0.1076	3.299120927532528	0.5987509270647708	-0.01275	3.3530282571006045	0.30894636308701307	0.0702	3.3905029107999316	0.04747581646476095	0.1076	3.299352557585466	0.5593434106027648	-0.01275	3.3562993404455637	0.30885207864430997	0.0702	3.389263137173452	0.07722047236270306	0.1076
431	17.27089605734767	3.7340773251437827	0.3815040374641337	0.0301	3.695988875517817	0.37571737599688265	0.0301	3.479924187568574	0.14034330434466444	0.129	3.8414476766519345	0.15601033950464258	0.023	3.9020476516585667	0.09215083414832348	0.2179	3.9184410691956835	0.10247670309499878	0.1804	3.9179957235411638	0.21335772223427354	-0.0119	3.7627035594482887	0.3735231429847188	0.0301	3.740214037344923	-0.020361747844575166	0.129	4.118380761374252	0.14056364902784607	0.023	4.174001093120729	0.010718098654090989	0.2179	4.186763602165768	0.029926626848177245	0.1804	4.152411343365274	0.18227142824003878	-0.0119	3.2535218653038944	0.5360671714765365	0.0008	3.041649290289806	0.3796657506370823	0.0655	3.19183760240121	0.3913511093370801	0.1076	3.297596979067342	0.5957482594059061	-0.01275	3.354557275969262	0.3088678482502275	0.0702	3.3899597764148215	0.050164591113168275	0.1076	3.2990390682222057	0.5592282235271961	-0.01275	3.356722304347714	0.3060713939117911	0.0702	3.389127213165202	0.08206515222961064	0.1076
432	17.310967741935485	3.733912952894388	0.38134700715982645	0.0301	3.701629836412841	0.378253865664754	0.0301	3.4779181207356795	0.14036595835475257	0.129	3.8413632300577385	0.15623706058966802	0.023	3.901725535543197	0.09256717506473681	0.2179	3.9168911282647576	0.10601061005234443	0.1804	3.9204293328150754	0.21240907032835124	-0.0119	3.763078681228353	0.37353822509861406	0.0301	3.7400695250882405	-0.021634153511752158	0.129	4.117555578282762	0.14081617695833018	0.023	4.174397542359408	0.011698308090394483	0.2179	4.187056611468451	0.03172645672808869	0.1804	4.152722163638438	0.18394304335870626	-0.0119	3.253599771118088	0.5356278623736365	0.0008	3.043079614062434	0.3789689192203301	0.0655	3.1920202820852692	0.3923133920558596	0.1076	3.2975841622979134	0.5976150600237895	-0.01275	3.3594150909028917	0.3098538058360792	0.0702	3.393337578213984	0.061571004111958004	0.1076	3.299950937618809	0.5537708497551248	-0.01275	3.35682641724967	0.30208108408087847	0.0702	3.3889786381531657	0.0792045941789292	0.1076
433	17.351039426523297	3.7333319207896576	0.38207823306408534	0.0301	3.7023118814193867	0.37822376021921383	0.0301	3.4771054215805446	0.13995324570026013	0.129	3.840909938998054	0.15716836019784364	0.023	3.902308321906336	0.09138920029042084	0.2179	3.917059514101373	0.10677146099897236	0.1804	3.9193144630133503	0.21205374053802467	-0.0119	3.763024863710404	0.3753661220110147	0.0301	3.7411630358942545	-0.022102595590397206	0.129	4.118027838953596	0.14149067545136917	0.023	4.17661821453514	0.012345187697422393	0.2179	4.186625963779444	0.033107935973482584	0.1804	4.153688019547905	0.18538297302845028	-0.0119	3.2532516035412042	0.536213417527653	0.0008	3.042431676358796	0.3779170046419002	0.0655	3.191974769789646	0.3926045940483773	0.1076	3.2977466104468163	0.6028166407547413	-0.01275	3.361799874898714	0.31073311208131515	0.0702	3.3935112269519077	0.06290507473721106	0.1076	3.300538432362274	0.5489293316572367	-0.01275	3.3566918143252953	0.3043435864271686	0.0702	3.3905615194263063	0.0762794271146184	0.1076
434	17.391111111111112	3.7328038528228062	0.383201908301858	0.0301	3.6984527781038845	0.37730355333435134	0.0301	3.4783255306382523	0.13963894811391028	0.129	3.839976519400386	0.15871903925135958	0.023	3.9025002665229254	0.09086267861440102	0.2179	3.9178055957224416	0.10371268154819767	0.1804	3.9163084309736096	0.21355720129125333	-0.0119	3.762002560330374	0.37654075393030456	0.0301	3.7417912723079363	-0.021624287225529625	0.129	4.119284085548394	0.13995553374410147	0.023	4.177902848818535	0.011956876753598147	0.2179	4.186509673078273	0.033144192376085485	0.1804	4.1534297408325545	0.18552213125491573	-0.0119	3.2533451571969123	0.5365903221395392	0.0008	3.0401171556006283	0.3782906468249109	0.0655	3.1920320676990412	0.39217749521675177	0.1076	3.2976817925151507	0.6036968859335285	-0.01275	3.3574984973150133	0.3095659625057157	0.0702	3.3906687727790166	0.0525614961901653	0.1076	3.3000737567621856	0.5511236183939031	-0.01275	3.3565540892496775	0.3112242989327834	0.0702	3.39403154206826	0.07986741169409435	0.1076
435	17.431182795698923	3.732775798744694	0.38352396549327394	0.0301	3.6993726672422795	0.37718399980930484	0.0301	3.4793949869187673	0.14033967284476215	0.129	3.8400804894904397	0.15951123855325883	0.023	3.902255809337359	0.09137978797598824	0.2179	3.9183866391824522	0.1024287404699034	0.1804	3.9170953531544246	0.21361696192172394	-0.0119	3.7608356684201083	0.37524028236967716	0.0301	3.7419563870677126	-0.02156383483092175	0.129	4.119777509134256	0.1374085110135975	0.023	4.177269309333166	0.011305916195673121	0.2179	4.186837632887285	0.03234260241722018	0.1804	4.152124307905783	0.18491382733720704	-0.0119	3.2538370510649397	0.5361128864332511	0.0008	3.0397068692878144	0.3788027392708911	0.0655	3.1933828691776847	0.39223180719349143	0.1076	3.2979970798206217	0.5995767541630526	-0.01275	3.3528896092631246	0.303630760586508	0.0702	3.391704125174211	0.048019076615230284	0.1076	3.299817201850065	0.555404314429089	-0.01275	3.356680043408435	0.311584113822366	0.0702	3.395973045618537	0.08388572783887983	0.1076
436	17.47125448028674	3.7332693023387207	0.3822752027306149	0.0301	3.7033378349450543	0.37639651516552647	0.0301	3.4786955344268646	0.1415766452486271	0.129	3.8423809651933496	0.15894423083713236	0.023	3.9022905223777102	0.09163633985719376	0.2179	3.9195289711900774	0.10492510927804989	0.1804	3.9206017086050147	0.21191355024018038	-0.0119	3.760710604584079	0.37304830899794234	0.0301	3.7424216739472698	-0.021843355394733324	0.129	4.119286371619158	0.13690390236007655	0.023	4.176700495078564	0.010562692789478568	0.2179	4.187527679991275	0.03115669879054808	0.1804	4.151711310820519	0.18396134350742246	-0.0119	3.2539791137257033	0.5354880517261893	0.0008	3.0414761448203933	0.3776050435911994	0.0655	3.1956708103996574	0.39321872259100754	0.1076	3.2983568316754566	0.5964184841988185	-0.01275	3.3525339415666067	0.29664527081935727	0.0702	3.3956540820260668	0.052864478338224684	0.1076	3.3003833878217095	0.5542083371940397	-0.01275	3.3568590126758826	0.30457710279688366	0.0702	3.3947586372177723	0.08352757959151658	0.1076
437	17.511326164874554	3.7336405874596004	0.3810568226930966	0.0301	3.703023913084215	0.37527837427461264	0.0301	3.477956625161428	0.14226126245052198	0.129	3.844368445466358	0.15817156420480102	0.023	3.9032630302467544	0.09099694683761388	0.2179	3.92114141921234	0.10592056677387716	0.1804	3.922380361019976	0.21191794917337325	-0.0119	3.761224909422247	0.37233877064478405	0.0301	3.7428125047537533	-0.021837311890039922	0.129	4.118667252520565	0.13814432753299696	0.023	4.177409596856304	0.010093321828061873	0.2179	4.188581725419725	0.029684443264890135	0.1804	4.152759324805811	0.18327414722323113	-0.0119	3.253788738746434	0.5354892861285755	0.0008	3.0420068535766465	0.3764614624578576	0.0655	3.1969824992067464	0.39415832964115566	0.1076	3.298213276971559	0.5968779343725605	-0.01275	3.353142652705721	0.2983034616297555	0.0702	3.395057322132171	0.053887948833049766	0.1076	3.3006810859177693	0.550666068517703	-0.01275	3.3565410809531357	0.30343837344488916	0.0702	3.393435583635353	0.08243650148788906	0.1076
438	17.551397849462365	3.7338418599084453	0.38146006931500465	0.0301	3.7002929357678678	0.375487438209811	0.0301	3.478832321636536	0.14231424793387976	0.129	3.8435216936334005	0.1578228396900635	0.023	3.904625499527133	0.08989020241232021	0.2179	3.9225164244344883	0.10296354854857756	0.1804	3.921545360314929	0.21305523776122975	-0.0119	3.7615073667725647	0.37299096071771554	0.0301	3.742794366653201	-0.02176945161604057	0.129	4.118245088599286	0.13916072227887896	0.023	4.178102595778218	0.010643031892946051	0.2179	4.1892619012349	0.027984482842157214	0.1804	4.154119701039835	0.18319726604262856	-0.0119	3.2537672148528767	0.5356548419141852	0.0008	3.041100304841897	0.3770945596633607	0.0655	3.1968848814349378	0.3942623082394025	0.1076	3.298002589228117	0.598434315071583	-0.01275	3.3528409958003573	0.30613576884018784	0.0702	3.3911734717295134	0.05030039822750489	0.1076	3.3002234382339317	0.5513309904836174	-0.01275	3.3556168626575347	0.3094729964591549	0.0702	3.393728622871283	0.08292643297206917	0.1076
439	17.59146953405018	3.7345936687071335	0.38243311811510516	0.0301	3.700113871312902	0.37635898586008726	0.0301	3.479554942125812	0.1422062568677593	0.129	3.8418452013863837	0.1575677549426555	0.023	3.9052947634879174	0.09014331465187816	0.2179	3.923347469966701	0.10188412765833249	0.1804	3.920742333328955	0.21225069838750876	-0.0119	3.7613772672325774	0.37343477302710504	0.0301	3.7427288066281834	-0.021804818307367194	0.129	4.118181479164015	0.14003808204151885	0.023	4.17800479700207	0.011415460170897068	0.2179	4.1891558063995324	0.026676144428320763	0.1804	4.154932209852792	0.1832415732105177	-0.0119	3.253904254489773	0.5353946534661204	0.0008	3.0414657059603685	0.3770824457270396	0.0655	3.196607850912419	0.39389862510881674	0.1076	3.2982553371219763	0.5989093310590614	-0.01275	3.3529832734923013	0.30606190838162095	0.0702	3.391684943481356	0.056267465928610205	0.1076	3.2999853195751343	0.5545791162603475	-0.01275	3.354880905548406	0.30971534915257026	0.0702	3.393956884304368	0.0816107270023101	0.1076
440	17.63154121863799	3.735223871529174	0.3827132183668085	0.0301	3.701652287128494	0.3766776861359729	0.0301	3.478925803911597	0.1423079477734832	0.129	3.841669061217636	0.15757223353264338	0.023	3.9053027962355777	0.09226638720814218	0.2179	3.9231082420977432	0.10564536098120017	0.1804	3.921360644461353	0.21112568352983363	-0.0119	3.76113529153788	0.3731090455754074	0.0301	3.742817907948157	-0.02167991852696741	0.129	4.118786378034729	0.14095736738363523	0.023	4.177805044351655	0.010722702521435716	0.2179	4.188863836384096	0.02732332200813486	0.1804	4.1545943855206575	0.1832055793212091	-0.0119	3.2538407749722245	0.5353220747791171	0.0008	3.042927476547632	0.3746129264018855	0.0655	3.196751686046105	0.39368419502990604	0.1076	3.298373239169559	0.5986299254974179	-0.01275	3.3535019427572434	0.2982458823421063	0.0702	3.395026450144056	0.0666936085063384	0.1076	3.300340065166534	0.5558881068589129	-0.01275	3.3543794741435207	0.3040005999226075	0.0702	3.3935883113810146	0.07733629184146329	0.1076
441	17.671612903225807	3.7347528541858623	0.38269889816854424	0.0301	3.7024089579768273	0.3767270280027857	0.0301	3.479046573328252	0.1427776343835906	0.129	3.842140759425599	0.1580457528680361	0.023	3.905255523736703	0.0935913191535239	0.2179	3.92214963742536	0.10921322900271438	0.1804	3.921657880060046	0.21274172126828522	-0.0119	3.7611123888407594	0.3729800570894934	0.0301	3.743021322882296	-0.02146248953457485	0.129	4.120144213022965	0.1409027283504612	0.023	4.177914321699929	0.008747789705247283	0.2179	4.188881788032426	0.029347350328641813	0.1804	4.1539515020219735	0.18340071487442125	-0.0119	3.2535569676377523	0.5356943065192536	0.0008	3.043521762096637	0.3723569782560147	0.0655	3.196886572953479	0.3938650916816247	0.1076	3.2975649762370627	0.5982375249142812	-0.01275	3.3530251300368747	0.2971632839290817	0.0702	3.3931781987340157	0.06216826022822812	0.1076	3.3003632417874096	0.5557414424856554	-0.01275	3.353155863226959	0.3043147938873463	0.0702	3.393602610537979	0.07685654230367783	0.1076
442	17.71168458781362	3.7341634802079864	0.382829734028314	0.0301	3.7027528107756633	0.3768915035679953	0.0301	3.4802812655654223	0.1430139284180252	0.129	3.8422523339093395	0.15842035489345677	0.023	3.905324199644785	0.09330436796207524	0.2179	3.9220934461151415	0.10968834831088	0.1804	3.921640576608103	0.2137092071710849	-0.0119	3.76118939094782	0.37364440579163477	0.0301	3.7430835105443867	-0.021512410930325902	0.129	4.121764733774351	0.13992079997289839	0.023	4.178024967758717	0.00760263915028795	0.2179	4.188998104639248	0.03024987594892334	0.1804	4.1546420933336625	0.18378886094429522	-0.0119	3.253362734177344	0.5357378069016797	0.0008	3.043105569371807	0.3724666962726287	0.0655	3.1965889770565425	0.3939556449644342	0.1076	3.297437147215333	0.5974234258517738	-0.01275	3.3520634482145915	0.30540259471164566	0.0702	3.388279905418847	0.051041227054248316	0.1076	3.2996836692483322	0.55568745703925	-0.01275	3.3517924500584044	0.31021955456777717	0.0702	3.3935075737011084	0.0801876460267122	0.1076
443	17.751756272401433	3.7342086790129057	0.38214663857109504	0.0301	3.7031544598675676	0.3762271477523724	0.0301	3.4801044709145335	0.14192993955407188	0.129	3.8423289571798405	0.15822604082803624	0.023	3.90538894290808	0.09403300122691634	0.2179	3.9229260249072833	0.10934309879232511	0.1804	3.9238409261498246	0.20907215092753512	-0.0119	3.7610997190908626	0.37410241276633555	0.0301	3.7427757704860922	-0.021715281401618075	0.129	4.122649897112645	0.13852396561708002	0.023	4.177972140862409	0.008447220036258694	0.2179	4.188896993245737	0.030359244123606275	0.1804	4.155885642601577	0.18399299009350076	-0.0119	3.253320903860045	0.535609611167819	0.0008	3.042751831381105	0.3730376469874502	0.0655	3.196179881514723	0.3931012746889742	0.1076	3.3005274939238967	0.5969932775752714	-0.01275	3.3527254466322756	0.31265717252443354	0.0702	3.3892422467741277	0.05614768784649123	0.1076	3.298881558084079	0.5547943121495028	-0.01275	3.3516730016269993	0.31010285992739556	0.0702	3.3924263215742374	0.07427348335825813	0.1076
444	17.79182795698925	3.734088738806941	0.3798529095118441	0.0301	3.701532700405858	0.37391116054044476	0.0301	3.4783011985109784	0.13987299964011868	0.129	3.8425528670200495	0.15804477602600708	0.023	3.90546289163049	0.09607747954080507	0.2179	3.9233550993956756	0.10950741364533693	0.1804	3.926812069885571	0.20397772477575501	-0.0119	3.7610276949068906	0.3736373690441047	0.0301	3.742691563654463	-0.021464209986370268	0.129	4.1226464829821765	0.1372602027534819	0.023	4.178003603322717	0.010116642117316676	0.2179	4.1887461285676	0.0311494749865116	0.1804	4.156285602559394	0.18370233792585985	-0.0119	3.253057563560698	0.5360799495241463	0.0008	3.042900220533814	0.3721202637206379	0.0655	3.1961978920770733	0.39162613483864583	0.1076	3.3043718707893213	0.5995229895720942	-0.01275	3.354809026232835	0.313302918916215	0.0702	3.3942686353459064	0.06933885908491717	0.1076	3.298123108117108	0.5534246629620126	-0.01275	3.3522119028193975	0.30394646679249127	0.0702	3.391466108739992	0.06215118527789666	0.1076
445	17.83189964157706	3.7334149773266256	0.37778650206530484	0.0301	3.697154201456212	0.37172483228372366	0.0301	3.47702891083579	0.1387695766358239	0.129	3.8426445047720827	0.15876246754411114	0.023	3.9056724499334154	0.09687268463243363	0.2179	3.923867355348228	0.10956264790695489	0.1804	3.926715875501183	0.20684354554612489	-0.0119	3.7611659821009362	0.37348906840539886	0.0301	3.743384624599052	-0.020472073808382518	0.129	4.122669660378771	0.13736392405031997	0.023	4.1779330573117015	0.010933419525605293	0.2179	4.188932337710391	0.031908099177389584	0.1804	4.156261764307566	0.18269469850620867	-0.0119	3.2525744607003193	0.536390106584953	0.0008	3.0430736250106505	0.37061420412213003	0.0655	3.1963287801489404	0.3903834262942017	0.1076	3.30446619656192	0.6031394701337793	-0.01275	3.355726066814124	0.3078576053333644	0.0702	3.394790924767666	0.06741497521573193	0.1076	3.297540837506248	0.5531611221514043	-0.01275	3.351653237067833	0.30221659616992275	0.0702	3.3918504130209675	0.06334949070370996	0.1076
446	17.871971326164875	3.732846019869935	0.378030773344622	0.0301	3.6943402239073317	0.371849950468705	0.0301	3.477187164524489	0.13934294085929186	0.129	3.8425532862081897	0.1597089161446339	0.023	3.9058113449290475	0.09570238954616093	0.2179	3.9249274105046763	0.10931914239662598	0.1804	3.9245824065011803	0.21371517539206128	-0.0119	3.761176121898126	0.37474969354551163	0.0301	3.7438975337369844	-0.01961318803322981	0.129	4.122834651410922	0.1386257586118028	0.023	4.1772364446174395	0.010232555593343653	0.2179	4.189388295401858	0.0315073989377543	0.1804	4.156471012951087	0.1815328887653765	-0.0119	3.2525470266041987	0.535348171541585	0.0008	3.042909890396023	0.3701596516391228	0.0655	3.196126085126314	0.3892134445682452	0.1076	3.302713679256596	0.601775532072602	-0.01275	3.3553760645500414	0.300725750527645	0.0702	3.3911382865009414	0.05590364233658894	0.1076	3.2976937617575164	0.553154791142928	-0.01275	3.350017933410459	0.30516932072507924	0.0702	3.392857644793074	0.07350196127130244	0.1076
447	17.91204301075269	3.732988842061979	0.37914449192889793	0.0301	3.6963031888354663	0.3730029412770538	0.0301	3.4780753187706486	0.1403263089167937	0.129	3.8424668120115917	0.15928735124417154	0.023	3.9057193080370114	0.09455173185547597	0.2179	3.924994952285774	0.10935915758736271	0.1804	3.9238768761623986	0.21528950461778334	-0.0119	3.76082191799278	0.3761040267782321	0.0301	3.7432862734717456	-0.020313623210248623	0.129	4.122026830939692	0.1395568245255242	0.023	4.176158352486866	0.00927039768968706	0.2179	4.189535996962725	0.03072356365414699	0.1804	4.156251916058767	0.1816252579254393	-0.0119	3.2529557420426594	0.5336086836635597	0.0008	3.0427550819609697	0.3705526590297488	0.0655	3.1959886359596865	0.3881978460839667	0.1076	3.302922367740466	0.5972493895612061	-0.01275	3.357583020608654	0.29976614268346735	0.0702	3.3889245841616935	0.05592298690356245	0.1076	3.2985501233988783	0.5524275095825832	-0.01275	3.3492234768708666	0.3046569106739571	0.0702	3.393278467975044	0.07176438044592286	0.1076
448	17.9521146953405	3.7331153166682354	0.3793503292870623	0.0301	3.6990115006375985	0.3733406677659116	0.0301	3.479389479695566	0.1404073701381417	0.129	3.8421795804422008	0.15827695228802982	0.023	3.905553265801909	0.09489518164792166	0.2179	3.923144283862662	0.1100905765845262	0.1804	3.9241012172417373	0.21270404212505306	-0.0119	3.7606434720506807	0.3760857132538248	0.0301	3.7423460485112563	-0.022233755328065454	0.129	4.120044450655497	0.14025966145541602	0.023	4.175279474773823	0.010529230961945456	0.2179	4.1891342088288965	0.03180627978492715	0.1804	4.154544997045006	0.18338013119391275	-0.0119	3.252777284688869	0.5327460610044874	0.0008	3.0428592696897425	0.37067547473949053	0.0655	3.1960825824788976	0.38804387335010626	0.1076	3.303880064299065	0.5977730996618985	-0.01275	3.363472002020649	0.30445338250569115	0.0702	3.389059786843368	0.0653002179874417	0.1076	3.29929542170734	0.5517298339046875	-0.01275	3.3496030205098055	0.29972420353821	0.0702	3.39276817249446	0.06134103429210072	0.1076
449	17.992186379928317	3.7319260130569063	0.3796564626718962	0.0301	3.6982093259284823	0.37370154231281566	0.0301	3.481136641317511	0.13928324224976185	0.129	3.8414631754886703	0.1586452033444479	0.023	3.9054075839295432	0.09597974096534342	0.2179	3.9208824437753638	0.11070261239630666	0.1804	3.922533439090708	0.21283147546934175	-0.0119	3.760807845599369	0.37547416965624447	0.0301	3.7420961371251766	-0.023331537478499	0.129	4.118635319759566	0.14165736498327988	0.023	4.175231735004411	0.013548169421541748	0.2179	4.1887229318668835	0.03459628922923272	0.1804	4.152521191978563	0.18524591364375306	-0.0119	3.2518752345702904	0.53322023569992	0.0008	3.042800611477489	0.3708571231231598	0.0655	3.1958244136552043	0.38863932712093796	0.1076	3.303787532605552	0.6026040820538862	-0.01275	3.366825786104541	0.30466565304231463	0.0702	3.389742727747756	0.06648349946626676	0.1076	3.2986108384341093	0.5511800660516302	-0.01275	3.349458019023055	0.2955758744017376	0.0702	3.3915940447753843	0.06038051490931214	0.1076
450	18.032258064516128	3.7303823759907817	0.3803630697088719	0.0301	3.697848900447764	0.37443538409145555	0.0301	3.4818372598429224	0.13791769782987892	0.129	3.8410262844553915	0.15964449560574098	0.023	3.905870808551377	0.09644766285528737	0.2179	3.9205948093111385	0.11003853872038373	0.1804	3.920054940633487	0.21372913553853579	-0.0119	3.760130629636664	0.37533494576720655	0.0301	3.7424828689369103	-0.02265337165814007	0.129	4.119068833217203	0.1424894305166069	0.023	4.176451030119751	0.01448165090580704	0.2179	4.188750482142877	0.03569505520523122	0.1804	4.15213766170771	0.18536369196818642	-0.0119	3.2515402657371486	0.534489610921864	0.0008	3.042405303440753	0.37121529750561405	0.0655	3.195277376161229	0.3895490640036965	0.1076	3.3034681414050686	0.6046578288831234	-0.01275	3.363876501673458	0.2998650525485631	0.0702	3.3900884236591753	0.05832560596773655	0.1076	3.296867588349551	0.5506956156975635	-0.01275	3.348439293987553	0.2945271575015131	0.0702	3.390190529963136	0.06890544873880533	0.1076
451	18.072329749103943	3.730481676598233	0.3799981143043955	0.0301	3.7019032513292545	0.3741983390657513	0.0301	3.4804670169471397	0.1375386220259851	0.129	3.841105291367061	0.1597124345920117	0.023	3.9067079255903887	0.09573741221509709	0.2179	3.9216472706769787	0.1086205625711668	0.1804	3.9192623816540166	0.20871907847433777	-0.0119	3.7585700102508617	0.3752400195226145	0.0301	3.7428980278402553	-0.021110432857950643	0.129	4.120018745925194	0.14119464948585828	0.023	4.177876287154638	0.012676653394644372	0.2179	4.188982146180672	0.03439975062999983	0.1804	4.152076001841348	0.18430055562499892	-0.0119	3.2522661670596684	0.5359551837536827	0.0008	3.042282466849127	0.3704177984008986	0.0655	3.195225925385517	0.39036873848656306	0.1076	3.303563012856236	0.6037056801534467	-0.01275	3.3601516785873162	0.30036189263654384	0.0702	3.3904846646292928	0.05421894360604753	0.1076	3.296963512307472	0.550710453855188	-0.01275	3.3477695116043518	0.29553608536362347	0.0702	3.389085984181624	0.07327323541672631	0.1076
452	18.112401433691755	3.731407552106217	0.378570474899207	0.0301	3.704673595585949	0.3728685977334696	0.0301	3.4787553814474155	0.13785937444919172	0.129	3.8407637257234017	0.15923443163726617	0.023	3.907002692698258	0.09469591869922996	0.2179	3.9214739702047887	0.1078042402570702	0.1804	3.91976636744466	0.20329231433021305	-0.0119	3.7583769482300906	0.3747502669011297	0.0301	3.7429341914983336	-0.020211200236522855	0.129	4.12020086847823	0.1399406729605263	0.023	4.178382453837599	0.01167649029162452	0.2179	4.189130309993399	0.033957119054924705	0.1804	4.151258359993159	0.18462310212885907	-0.0119	3.2528405763405726	0.5368164725034963	0.0008	3.0426742985318334	0.3687786590950205	0.0655	3.195589508061627	0.39037422791556536	0.1076	3.30351300512151	0.603188545984976	-0.01275	3.3597306757671115	0.30717399457763167	0.0702	3.391815867240602	0.058455613291377426	0.1076	3.2987720824630946	0.5513749166570063	-0.01275	3.3477705268017837	0.29847860412836985	0.0702	3.3887166930913897	0.07015187806063321	0.1076
453	18.15247311827957	3.731528405286538	0.3782066990443394	0.0301	3.7025677555863536	0.3724427263989867	0.0301	3.4786269608950735	0.1380018591513359	0.129	3.840529042889696	0.15903107429253252	0.023	3.9084488032921265	0.09499178051940328	0.2179	3.921937518420681	0.10781634459160931	0.1804	3.9204633466758647	0.2074196412218723	-0.0119	3.759878306322961	0.3746055087303062	0.0301	3.742925684060582	-0.020576331721254445	0.129	4.120444588252087	0.14047549758431313	0.023	4.177987927938678	0.011940257625968514	0.2179	4.188942586007276	0.034773602039334266	0.1804	4.152085735159102	0.18635837882056158	-0.0119	3.252621226147585	0.5363427996841446	0.0008	3.042885454621707	0.36845135405910173	0.0655	3.195600430003178	0.3896956660237543	0.1076	3.302616753289558	0.6033864452516976	-0.01275	3.3599493835376375	0.31168491607855237	0.0702	3.392992344914122	0.06130907534578349	0.1076	3.2987829321282542	0.5524003280461554	-0.01275	3.34750304865335	0.30346422367487164	0.0702	3.3888163380906198	0.06873946289359437	0.1076
454	18.192544802867385	3.7311964267498334	0.379977671065779	0.0301	3.701682060700654	0.3741657288872578	0.0301	3.4795929052768066	0.13797752752853756	0.129	3.8417758953787406	0.15883715080667313	0.023	3.9111912676536424	0.09621531504341083	0.2179	3.9253037625377534	0.10808328884129169	0.1804	3.921064281295741	0.21395719059469234	-0.0119	3.760275815726785	0.37517344158518623	0.0301	3.7431974564818633	-0.021544073097601594	0.129	4.120682339393066	0.14014209925750568	0.023	4.17680026904898	0.011246531331016168	0.2179	4.1880347569480945	0.03424950978359221	0.1804	4.154760910059304	0.18685009062744037	-0.0119	3.252434529168553	0.534789787460225	0.0008	3.0425612001095446	0.3696856052559693	0.0655	3.195543672827119	0.3887337556241023	0.1076	3.301268674077654	0.6034308637856605	-0.01275	3.3588061473936186	0.3113855776189488	0.0702	3.3924893782863044	0.056939150236111465	0.1076	3.2967918634920523	0.5529191757495042	-0.01275	3.3467268376482333	0.3081255405517762	0.0702	3.3887429768442194	0.07341879289190599	0.1076
455	18.232616487455196	3.73069484507255	0.38164419294535645	0.0301	3.703784327142299	0.37591028377161484	0.0301	3.480125898304882	0.13801291745471805	0.129	3.843686695864755	0.15797386737581404	0.023	3.9110130600452804	0.0965147904292301	0.2179	3.926987199586048	0.10825532670398114	0.1804	3.920669848603837	0.21044435364742534	-0.0119	3.7583585344198416	0.3757399283586056	0.0301	3.7431387556259375	-0.022412432581167936	0.129	4.119866290130061	0.13825245233485597	0.023	4.176308984324563	0.010150787730539197	0.2179	4.18711795903385	0.03339057602679317	0.1804	4.156294463975634	0.18615105377103505	-0.0119	3.25266055478005	0.5332103744123103	0.0008	3.0427016928103936	0.37029364725360675	0.0655	3.196673635902718	0.38738431452886674	0.1076	3.3012581636842704	0.602760513881279	-0.01275	3.357919615376748	0.31035468878078715	0.0702	3.392258642511455	0.05348618123452599	0.1076	3.2954545428513518	0.5526653995035462	-0.01275	3.3463826355069823	0.3092046240396537	0.0702	3.3883252265551658	0.07765275037564012	0.1076
456	18.27268817204301	3.7299232173278156	0.38121885187195825	0.0301	3.7040371666094845	0.3755243772867329	0.0301	3.4800214713484916	0.1380208417743304	0.129	3.8443048603623096	0.15729671139273246	0.023	3.9079507489477345	0.09599713951932437	0.2179	3.9242014634433526	0.10836777485059243	0.1804	3.919503071176268	0.20314583378575204	-0.0119	3.756343333373703	0.37613750453293715	0.0301	3.7423799395121398	-0.022413886483955366	0.129	4.119015681094334	0.13816234436087482	0.023	4.178089200485564	0.009699295753448134	0.2179	4.187389921568933	0.03451129902350639	0.1804	4.155960291622483	0.1864490772286311	-0.0119	3.2526673242268433	0.5329144935264511	0.0008	3.043926439496217	0.36929747730896173	0.0655	3.1988410417458595	0.38637969084120943	0.1076	3.3029908066240723	0.6013671977103562	-0.01275	3.3584927240423883	0.3105080098900246	0.0702	3.3935460430319955	0.05678833337656893	0.1076	3.295640704404696	0.552467826708446	-0.01275	3.346943644380006	0.30689428890684234	0.0702	3.3879253606253212	0.07739969122087678	0.1076
457	18.312759856630823	3.7296072183619136	0.3800273444807847	0.0301	3.702701142272297	0.3742613002393582	0.0301	3.480130013039885	0.13778328929785183	0.129	3.8432588746381655	0.1583946564644118	0.023	3.9075445520743184	0.095236694377871	0.2179	3.922682894706737	0.10842607618731305	0.1804	3.9192632983585947	0.20467291736609525	-0.0119	3.7564116926571556	0.37656021781373694	0.0301	3.741811752384884	-0.020905048302163436	0.129	4.119707993808245	0.14007631498064943	0.023	4.179362613694447	0.009421964755669353	0.2179	4.187893996813518	0.03515776770550189	0.1804	4.155218827155456	0.18735157190622062	-0.0119	3.252140496462189	0.533829588747765	0.0008	3.0444347173722117	0.3686581914474096	0.0655	3.1997127348148715	0.38631485433441753	0.1076	3.3037188996828784	0.6002511987166625	-0.01275	3.359214495555737	0.31057206684340094	0.0702	3.392827560174372	0.05843940543050138	0.1076	3.296049811599952	0.5528178449088378	-0.01275	3.3477828140712833	0.30598166802296	0.0702	3.3879236822694487	0.07616354569722027	0.1076
458	18.352831541218638	3.7298691935888337	0.3796818864191637	0.0301	3.7034390501726993	0.37404112352060664	0.0301	3.4809358368522463	0.1371830683593672	0.129	3.842395138255021	0.16034701604463988	0.023	3.91026546108067	0.09401427978256069	0.2179	3.924995517273574	0.10829485161589307	0.1804	3.9199047684171946	0.21173582083651	-0.0119	3.757701778970732	0.3763536198373523	0.0301	3.7420667244980526	-0.019525214918463273	0.129	4.121167678917665	0.14055324434621333	0.023	4.177168164637591	0.009766130953645374	0.2179	4.187057715229241	0.033387668010339565	0.1804	4.154896530551296	0.18701531019628412	-0.0119	3.25160912366825	0.5338031443067863	0.0008	3.042920874828693	0.36972417698189197	0.0655	3.1982719245440996	0.38682552187676766	0.1076	3.3018884017999315	0.6001462069810447	-0.01275	3.3592159905856143	0.31001033759470886	0.0702	3.390735828789955	0.053175341992922766	0.1076	3.2954098000318486	0.5532101326552852	-0.01275	3.3477822194636757	0.3073107934222778	0.0702	3.388089029985189	0.07605861915181396	0.1076
459	18.392903225806453	3.7299702973067137	0.38019463438633105	0.0301	3.70586385510249	0.37504735842822345	0.0301	3.4820195729666827	0.1366489584559722	0.129	3.842915338174399	0.16093495782498746	0.023	3.910403561997177	0.09334016436424371	0.2179	3.9252583925412465	0.10801326734633038	0.1804	3.919920121470375	0.21413982492560468	-0.0119	3.758186331528959	0.3754234897928068	0.0301	3.7422013021661975	-0.020126166462337416	0.129	4.121369740906999	0.13909215016933293	0.023	4.175492382590172	0.011326629482717161	0.2179	4.1865613919139815	0.03273985110487763	0.1804	4.155569456216006	0.18556052480849988	-0.0119	3.251583362827624	0.5320961475118834	0.0008	3.041330364065215	0.37062021060809053	0.0655	3.1971308459526724	0.3877675504997553	0.1076	3.2998447788049505	0.6005730494748153	-0.01275	3.3592279601339805	0.30976436359474907	0.0702	3.3937080476495485	0.050975713759032565	0.1076	3.2942817297032865	0.5525671286529223	-0.01275	3.3467927705274474	0.3049128410799065	0.0702	3.38784350362562	0.07587329473044672	0.1076
460	18.432974910394265	3.7299030072775112	0.3808781882443668	0.0301	3.706847447944065	0.3763363703056906	0.0301	3.4824494359521605	0.1367533713873199	0.129	3.842549163997713	0.16004864685105977	0.023	3.9070270492403543	0.09439905630739508	0.2179	3.9216767199230165	0.10772136195393418	0.1804	3.919495916722982	0.21211783321342584	-0.0119	3.757821062558945	0.3753079564582221	0.0301	3.7414425331845527	-0.021138273236305443	0.129	4.120118525313468	0.13830125576427607	0.023	4.179018946584275	0.013017354330071349	0.2179	4.188617882320517	0.035664521426843745	0.1804	4.157081335798122	0.18468463960767406	-0.0119	3.251818648652162	0.5307404733631383	0.0008	3.041216580378958	0.36941110240152314	0.0655	3.1978791717227804	0.3884791790176342	0.1076	3.299767222982972	0.6005554402290916	-0.01275	3.3594619897889033	0.3098773258971793	0.0702	3.3993224034944034	0.057287753650757015	0.1076	3.2938652389854903	0.5510125396939451	-0.01275	3.345972490515608	0.29978171302593487	0.0702	3.3872182402319457	0.07568842582985034	0.1076
461	18.47304659498208	3.729912463336042	0.3804869967562377	0.0301	3.7052443964113895	0.3770524198837323	0.0301	3.4820491828214375	0.13744620927447668	0.129	3.8399348454913658	0.15898844087250674	0.023	3.9059429879979866	0.09647619436330418	0.2179	3.9210064906864255	0.10756392615779525	0.1804	3.919682101874748	0.2120813213509309	-0.0119	3.757612888163473	0.37616799739228607	0.0301	3.7409048443292328	-0.020697180815348493	0.129	4.118826301803928	0.13849489221207464	0.023	4.183270155810026	0.013698002427705039	0.2179	4.190505598813718	0.03923027706657349	0.1804	4.157288948875181	0.1847440793294063	-0.0119	3.251856905079786	0.5309461931488688	0.0008	3.041504026238378	0.36674981361869324	0.0655	3.1979649796062395	0.3877350804764794	0.1076	3.3016391580017657	0.599920154150396	-0.01275	3.3595990194834253	0.3095434779853992	0.0702	3.3986870392306496	0.061018685289486986	0.1076	3.2937536055271694	0.5503577916227729	-0.01275	3.345770844806141	0.3006723142679349	0.0702	3.386882376430425	0.07691269744358399	0.1076
462	18.51311827956989	3.729796446326672	0.37918767745361887	0.0301	3.704872627674947	0.3774189350359963	0.0301	3.482554846332936	0.13810309254766273	0.129	3.8388059708939246	0.15855496171058145	0.023	3.908630687666535	0.09762833680355056	0.2179	3.925521948455332	0.1077489522596657	0.1804	3.920278683229341	0.21312568774995921	-0.0119	3.7577317757033017	0.3757866196689858	0.0301	3.7413934975367016	-0.01962113596689135	0.129	4.118223846757378	0.13785898503895347	0.023	4.1816603504747025	0.013667732875948623	0.2179	4.1890333809720675	0.03850264129692742	0.1804	4.155066589716497	0.18441126207445258	-0.0119	3.251755216818815	0.5312750269892105	0.0008	3.0412940930414645	0.3656255278391978	0.0655	3.1960932042133035	0.38627858276863947	0.1076	3.3044817391007686	0.5994371230628965	-0.01275	3.3597045945536497	0.30933273882514856	0.0702	3.3929923639627617	0.05820084931871048	0.1076	3.2932576984059936	0.5509684193427369	-0.01275	3.345684725436631	0.3064113353076303	0.0702	3.3870498004518748	0.07827158607323609	0.1076
463	18.553189964157706	3.72976390227354	0.37948350273531417	0.0301	3.7090511125548193	0.3776267281922975	0.0301	3.4853706421599497	0.13809312523421485	0.129	3.841188989225015	0.158746118380797	0.023	3.9103488158798534	0.09665782258814529	0.2179	3.927514818099111	0.10820872203948086	0.1804	3.9207692537233085	0.20960087786025397	-0.0119	3.7578443686063547	0.37388866376983027	0.0301	3.7419447887347865	-0.01927048734323181	0.129	4.11826078325548	0.1370198110098095	0.023	4.177624531539406	0.013754251189287463	0.2179	4.187381413411577	0.033431539001731785	0.1804	4.152345627882638	0.1838385571339708	-0.0119	3.251799992256836	0.5308506497691432	0.0008	3.0409958514439204	0.3681272304509473	0.0655	3.1945647024868205	0.38603207775343423	0.1076	3.3068227381200357	0.599690299529558	-0.01275	3.3595265957178477	0.31055638750145165	0.0702	3.390214391931786	0.06200709961007834	0.1076	3.2930086859331964	0.5511254052858261	-0.01275	3.345605824243395	0.3068109144519242	0.0702	3.3870476120448654	0.07556737947598059	0.1076
464	18.59326164874552	3.7300487980876986	0.38154514136448714	0.0301	3.7109682405166846	0.3765259241395502	0.0301	3.486851626110586	0.13775967904955463	0.129	3.8428639439206953	0.15877875314566195	0.023	3.9103957643996337	0.09400410047875105	0.2179	3.9238270639183654	0.10779949019782445	0.1804	3.9207622912397646	0.20480484756493275	-0.0119	3.7578197823573065	0.3730735133180856	0.0301	3.7420291187417933	-0.019717246934889663	0.129	4.118804565241988	0.13775740026741962	0.023	4.177646286583257	0.014237453564721331	0.2179	4.189135386521076	0.03134616951671941	0.1804	4.1514914678240045	0.1841221147836594	-0.0119	3.2518851358466785	0.5312702304714959	0.0008	3.0407097331337423	0.37061816117044677	0.0655	3.194280300234878	0.3863299201327455	0.1076	3.3070188931522466	0.600291412351124	-0.01275	3.3583889895097285	0.3108891704267031	0.0702	3.392104374048999	0.0716832931492978	0.1076	3.293545782694867	0.5506114091967605	-0.01275	3.345634858198595	0.3007793082315436	0.0702	3.386983016291012	0.06895932579308638	0.1076
465	18.633333333333333	3.7295887768395866	0.38220388259095117	0.0301	3.7029707495222435	0.37387874488668565	0.0301	3.482744848033874	0.1381498306522167	0.129	3.8411990872865904	0.1579896247073291	0.023	3.9111315805738704	0.09184772413504202	0.2179	3.921617043517585	0.10563593798458162	0.1804	3.9195383201328147	0.20585789391944145	-0.0119	3.7576860219569452	0.37492951292531584	0.0301	3.742040241736381	-0.01984017401619241	0.129	4.120244715567764	0.1387880518354061	0.023	4.179231656877807	0.01439563978670615	0.2179	4.190978021155297	0.03445796486809315	0.1804	4.1530541190121415	0.18386109958927693	-0.0119	3.251775275489487	0.532644958850081	0.0008	3.04027204990965	0.36957428181648744	0.0655	3.194003652894905	0.3856210115753816	0.1076	3.3039450714946113	0.5995552051371591	-0.01275	3.358552976633529	0.3047369933786296	0.0702	3.393649703040334	0.0678951749370132	0.1076	3.2948741212000807	0.5509516303705249	-0.01275	3.3461066208469425	0.2966877658939266	0.0702	3.3887557913881916	0.06531799446318888	0.1076
466	18.673405017921148	3.7277254095884613	0.38222431063158946	0.0301	3.694525006969245	0.37412021233961296	0.0301	3.4785720861791556	0.1385787995608625	0.129	3.839547626918768	0.157343293015428	0.023	3.9094282438869223	0.09551940950891524	0.2179	3.9219024437408594	0.10568808366393814	0.1804	3.919040684751992	0.20778035200439657	-0.0119	3.7571658447044265	0.37864125574993746	0.0301	3.742592205590658	-0.01939376324589462	0.129	4.122593302312396	0.13860866101217564	0.023	4.177737591824575	0.013251686106456597	0.2179	4.188538864546996	0.03412698362066758	0.1804	4.156468516911563	0.18159009637488832	-0.0119	3.251861941616812	0.5323913155326986	0.0008	3.04187070945408	0.3683512287134979	0.0655	3.1950452754064678	0.3853170137819041	0.1076	3.300728335531519	0.5958285846934439	-0.01275	3.365666718955415	0.29557788849685335	0.0702	3.392690539111601	0.05306317784025873	0.1076	3.297278302061907	0.5517263697747912	-0.01275	3.347370285947463	0.29831311036766706	0.0702	3.3926348536368827	0.06707039601660358	0.1076
467	18.71347670250896	3.72736849798143	0.3875187753486766	0.0301	3.7024524368530565	0.3842560982332338	0.0301	3.4830434413400413	0.13844010407698068	0.129	3.8428266002564317	0.15791548181294757	0.023	3.905919067336002	0.10523095633952242	0.2179	3.9202514159260073	0.11069302759033359	0.1804	3.925207654786681	0.20166020021980843	-0.0119	3.7563942024649717	0.38398967883670787	0.0301	3.744195754471424	-0.017633942247146168	0.129	4.12426796097662	0.13892742750457202	0.023	4.176154071600313	0.011454187463639878	0.2179	4.184809509957163	0.02784036402465263	0.1804	4.161901907898031	0.17921311173565943	-0.0119	3.2523487326690104	0.5302976722588009	0.0008	3.0462586230996993	0.36938170729916137	0.0655	3.199153604766773	0.3867389549994581	0.1076	3.302620346609656	0.5920490940115444	-0.01275	3.3787547391254957	0.29633654009938554	0.0702	3.39430712856744	0.05114501514800063	0.1076	3.299402735273725	0.5509548636664153	-0.01275	3.3481437275860584	0.3016150940377851	0.0702	3.394980213435469	0.06764307175801483	0.1076
468	18.753548387096775	3.731346827097133	0.4010816183214846	0.0301	3.7240759941856654	0.40451121819639124	0.0301	3.4918036332852753	0.1557085112561894	0.129	3.85512804264507	0.15781928442723944	0.023	3.915723766912058	0.10391080758577895	0.2179	3.922747888518855	0.1078973292845358	0.1804	3.938735510291211	0.19103913052714513	-0.0119	3.7572022481435874	0.39542201238064023	0.0301	3.7459051329854858	-0.007606650673482022	0.129	4.126599258145324	0.1408627421105864	0.023	4.177877750931355	0.010374847161352048	0.2179	4.186341114622717	0.023871677458164004	0.1804	4.170178705291503	0.17939969169605124	-0.0119	3.251386613711504	0.529522191823578	0.0008	3.044817920624448	0.3709962487645345	0.0655	3.200998879855816	0.3877903445538405	0.1076	3.304532227355574	0.5929431345283289	-0.01275	3.38462210695652	0.30454207741500317	0.0702	3.39937500603152	0.06157424130572195	0.1076	3.297465350512896	0.5497612475537315	-0.01275	3.346848007843248	0.3025719247207885	0.0702	3.3942250674223415	0.06705545553956514	0.1076
469	18.79362007168459	3.736176875319193	0.4234650166405581	0.0301	3.737342652958229	0.42929772039772396	0.0301	3.4935592229081314	0.22066992378344286	0.129	3.875167059028155	0.1548405585454396	0.023	3.9417563518611156	0.07725432176893901	0.2179	3.931794723195166	0.08367091977046333	0.1804	3.948427515773512	0.18230325124424165	-0.0119	3.7606527814920616	0.42055426292328113	0.0301	3.748035785132409	0.019944421848702272	0.129	4.13615862974515	0.14355754318840133	0.023	4.17995431200914	0.008766688256325197	0.2179	4.193362882987209	0.023759419740478592	0.1804	4.184271020065992	0.18180398597238268	-0.0119	3.2467155297764783	0.5303452796347122	0.0008	3.030834903711969	0.3728471163636999	0.0655	3.19480505839874	0.3867452492179565	0.1076	3.2957244807141732	0.5943924336684709	-0.01275	3.373047518833191	0.3026398341378193	0.0702	3.3996251723682893	0.062020457153150375	0.1076	3.2918906038726807	0.550135050565514	-0.01275	3.3445810896755277	0.30097128361051595	0.0702	3.396494593284774	0.07616350279547746	0.1076
470	18.8336917562724	3.7365480231737123	0.4574874375974352	0.0301	3.7312018704888996	0.45961325195570896	0.0301	3.4899876793744786	0.3053709831532344	0.129	3.88821718119506	0.1497369768007005	0.023	3.952225390039593	0.03926973035669092	0.2179	3.9363734557763466	0.04923452650154359	0.1804	3.946111100400144	0.1730192579638448	-0.0119	3.7641273668133515	0.4603011122484532	0.0301	3.7532584939319467	0.06443420237530198	0.129	4.155407758203013	0.14801804996633175	0.023	4.180517631950331	0.004424379704343425	0.2179	4.201186100915448	0.021047918958562048	0.1804	4.206919091085627	0.183058455743488	-0.0119	3.2395122753476424	0.5294143003819283	0.0008	3.0151250498735496	0.37381251469503596	0.0655	3.1857628442628663	0.38502418618014883	0.1076	3.280196491652689	0.5901833421622243	-0.01275	3.3539868977163856	0.2905791853512541	0.0702	3.39324327401007	0.05193580385511624	0.1076	3.287486780608972	0.5500497416067898	-0.01275	3.3437652375000266	0.29784004276045806	0.0702	3.405552292873129	0.09235904946057626	0.1076
471	18.873763440860216	3.733042075220815	0.5020638633742056	0.0301	3.717600450625193	0.49879510178224373	0.0301	3.492576118729984	0.3294838048787824	0.129	3.8830387991748436	0.1449717945991458	0.023	3.926942544359617	0.011237656488737174	0.2179	3.9322401951419237	0.025166240299937796	0.1804	3.941243318331504	0.16236256475113006	-0.0119	3.765071416303532	0.5067123591729484	0.0301	3.760764436209822	0.11442772964290769	0.129	4.176763660513173	0.15558685003187495	0.023	4.181394005254691	-0.0010694635279600532	0.2179	4.207473840576248	0.015268889244327927	0.1804	4.232076661543527	0.18187787708954126	-0.0119	3.233179363816006	0.5272765530884889	0.0008	3.009665223719125	0.37244197980731164	0.0655	3.180502511587277	0.3842111708869941	0.1076	3.270596093606155	0.5844985697276253	-0.01275	3.3452952949622867	0.28329855128615167	0.0702	3.387931515218625	0.046548632615464804	0.1076	3.2831452140773134	0.5490800066722168	-0.01275	3.34554183687071	0.29487671852621694	0.0702	3.412644292285923	0.09826664881372782	0.1076
472	18.913835125448028	3.729127148014127	0.5511180781756218	0.0301	3.7060395657375858	0.5412318141556569	0.0301	3.503889549325803	0.2890542414227185	0.129	3.878440184962382	0.1463770897308031	0.023	3.894547269593381	-0.0017912116998152607	0.2179	3.9233472527857645	0.017162053604992476	0.1804	3.9453759124375285	0.1558678474817715	-0.0119	3.764558769941953	0.556573628652519	0.0301	3.7696673488629573	0.1611532097866354	0.129	4.192249120193701	0.16321955632645455	0.023	4.1821504291468905	-0.004614418083988429	0.2179	4.211943960893267	0.009615926310251289	0.1804	4.2506012411222	0.18108432791086287	-0.0119	3.2298418769556747	0.5274859872844054	0.0008	3.0083446738395083	0.37200533230173655	0.0655	3.176716715315883	0.3842974506475112	0.1076	3.266179045649863	0.5823659074237668	-0.01275	3.3473715846339007	0.2826695707009464	0.0702	3.386289654359528	0.04548372203419359	0.1076	3.2765967756499825	0.5495307729126258	-0.01275	3.3490845826176616	0.29313396285689125	0.0702	3.4138461835286837	0.0925178207670315	0.1076
473	18.953906810035843	3.725055070323095	0.6002389984421153	0.0301	3.69176930385012	0.5800740202992316	0.0301	3.522124797249515	0.26361651439542794	0.129	3.8950991512067925	0.15840753742288205	0.023	3.88437819411073	-0.0013558096302158968	0.2179	3.912084602024708	0.020861998397549642	0.1804	3.9555840837450305	0.15663200208934946	-0.0119	3.7633813996719514	0.6117903677980666	0.0301	3.7832590253420126	0.2069257139840062	0.129	4.202220154872219	0.16726944711387637	0.023	4.180761162393954	-0.006534590403970275	0.2179	4.214159750770914	0.004063932449795072	0.1804	4.261215876771043	0.18221401216609273	-0.0119	3.2300348422028202	0.5296511960282217	0.0008	3.0024116342590554	0.3746090321022164	0.0655	3.172367939062028	0.385128331689233	0.1076	3.259216614688173	0.5824287248748656	-0.01275	3.3483219237198574	0.28173001286628313	0.0702	3.3852699471085934	0.042430125337384786	0.1076	3.272878060960847	0.5507496997555186	-0.01275	3.3519762349460134	0.29113776903905886	0.0702	3.416711883386203	0.08789115126615146	0.1076
474	18.993978494623658	3.7192255211401823	0.6452002609280015	0.0301	3.6738429116188422	0.6150133079178243	0.0301	3.5505046493246684	0.286723648345559	0.129	3.917450723823405	0.17317033788695707	0.023	3.888562255919098	0.009712874843484057	0.2179	3.9020045487712807	0.03072282964885001	0.1804	3.9655589611090014	0.1615388419565137	-0.0119	3.7595861088983176	0.6645393953774729	0.0301	3.799639050605978	0.2548418368668492	0.129	4.209143069588898	0.16951167084043794	0.023	4.1770657943219485	-0.008065357153576981	0.2179	4.212867967565376	0.0009959303472484508	0.1804	4.266223963011238	0.18349609581892865	-0.0119	3.2316318945947593	0.5314469348784832	0.0008	2.9991544212586185	0.37748069908829623	0.0655	3.1714064183039152	0.3864264448386331	0.1076	3.2524304652644402	0.5833133764544123	-0.01275	3.345758687032959	0.28257869387781787	0.0702	3.384212081401078	0.041880036249027	0.1076	3.274570246867989	0.5532449407236433	-0.01275	3.352581628998548	0.28830371267273003	0.0702	3.417440575214251	0.08673064169655578	0.1076
475	19.03405017921147	3.7127985105414107	0.6820932082888168	0.0301	3.658868882841264	0.6472839490542326	0.0301	3.5811379240670607	0.3250207324002981	0.129	3.923671543653974	0.1806369483113228	0.023	3.8914055252917237	0.022772486113051053	0.2179	3.895041541615934	0.04181172013245424	0.1804	3.974088660287524	0.16484641383658957	-0.0119	3.7526062652926724	0.7040859201548886	0.0301	3.8128077957925735	0.29974368105828253	0.129	4.211504906000833	0.17270852045719937	0.023	4.172211051969954	-0.007821658094751834	0.2179	4.208251304557062	0.004204834125719238	0.1804	4.267585716279175	0.18229720417298342	-0.0119	3.2309022199113913	0.5330059040958431	0.0008	3.0077140149457455	0.38041076607700586	0.0655	3.175363818327164	0.3872582777200781	0.1076	3.251162866459628	0.5844973620729902	-0.01275	3.3478796895952576	0.29176480405394684	0.0702	3.384306254372184	0.047110387464344046	0.1076	3.2772610546195007	0.5577846844163578	-0.01275	3.3512009092355775	0.28684156359971086	0.0702	3.408634228862466	0.08368667398927311	0.1076
476	19.074121863799284	3.7088140448565814	0.7110761801810913	0.0301	3.6510862175599543	0.6759727444555865	0.0301	3.597192509397924	0.35394571706055145	0.129	3.9186968240983617	0.18360831916017553	0.023	3.8918464898341267	0.02937206889601584	0.2179	3.889269604799317	0.050038388291891354	0.1804	3.9781708645412217	0.1642797390431998	-0.0119	3.745266311373973	0.731862431501516	0.0301	3.822695800354914	0.33606749621430204	0.129	4.209475199098641	0.17548278801966935	0.023	4.166923817273866	-0.00548380053640708	0.2179	4.204487742566649	0.009823809282073392	0.1804	4.267842522783998	0.17792292199441265	-0.0119	3.2295358910664222	0.5361010533017249	0.0008	3.018155771583325	0.38467598966511396	0.0655	3.1796635655746686	0.3878940585838149	0.1076	3.252776387095361	0.5854178782157266	-0.01275	3.357786162070809	0.30459280202059175	0.0702	3.385840015772503	0.05161902495787404	0.1076	3.2765913862330205	0.5611271124748314	-0.01275	3.3493993383828693	0.2901365371055859	0.0702	3.399221769913735	0.07873552154158514	0.1076
477	19.114193548387096	3.7069625137629005	0.733466444930427	0.0301	3.6505022696787415	0.6985284335531471	0.0301	3.598247532979258	0.375370088328497	0.129	3.915047727108579	0.18713200234861008	0.023	3.892866809210805	0.029478222820260785	0.2179	3.884894117636182	0.05329038431113513	0.1804	3.9753542125023644	0.16180434818010678	-0.0119	3.739964844881767	0.7539151582153852	0.0301	3.8306737509266617	0.3626046077892047	0.129	4.206078705503742	0.17634314904621928	0.023	4.161433781059355	-0.0033106588754949163	0.2179	4.20323248461292	0.012044472678063509	0.1804	4.2669326903909806	0.17359972289385525	-0.0119	3.2326326048539964	0.5413491569462084	0.0008	3.0172675655487073	0.3888011528316594	0.0655	3.181279723003452	0.3895189113009935	0.1076	3.25367474567016	0.5862372685933743	-0.01275	3.3641873509267364	0.3074368584944314	0.0702	3.387143660251983	0.05066256763902994	0.1076	3.272783779268876	0.5636523091358174	-0.01275	3.349371404292334	0.3000779687367386	0.0702	3.397906855049456	0.07698061877310619	0.1076
478	19.15426523297491	3.7046176562678452	0.7493935518233956	0.0301	3.652989085399572	0.7135640233893502	0.0301	3.5963677950335002	0.39049986503525247	0.129	3.913945674142061	0.189427897571051	0.023	3.8932892331129785	0.02738966538883926	0.2179	3.883286395958743	0.0529243252547177	0.1804	3.9706339410064064	0.15953490575379975	-0.0119	3.735830437668874	0.7708970974211479	0.0301	3.833854832425258	0.3786832915249014	0.129	4.200775360602019	0.17678720393589661	0.023	4.157240555706774	-0.001751081018462024	0.2179	4.200688102598182	0.013068957197375821	0.1804	4.2621438432879	0.172318484420207	-0.0119	3.2382245141468524	0.5462528327392484	0.0008	3.013363984347704	0.3927301819379185	0.0655	3.18207857985716	0.3912820134603589	0.1076	3.2537585105775797	0.5865483024550844	-0.01275	3.3581843391765807	0.2988400731108752	0.0702	3.3864085674316424	0.047770286203518794	0.1076	3.2716653092161967	0.5665678089011957	-0.01275	3.350928988689607	0.3115241462147435	0.0702	3.400699616262814	0.07960676028884045	0.1076
479	19.194336917562723	3.7019809264601338	0.7587637295521795	0.0301	3.6537020779514178	0.7219592913342311	0.0301	3.5973656432318006	0.39615199067391144	0.129	3.911833331955169	0.18921382025775849	0.023	3.890314701074037	0.024989161677033904	0.2179	3.8822669800072758	0.05147320406652738	0.1804	3.9689242462506793	0.1583029691718715	-0.0119	3.7320117132652197	0.7806376291627769	0.0301	3.830420315351728	0.3843331648648087	0.129	4.19216736734878	0.1780799652428561	0.023	4.155713004774894	-0.0006749542805831737	0.2179	4.195391533805948	0.015542913978019369	0.1804	4.253570965033916	0.17278622370886115	-0.0119	3.240952558028323	0.5480437751218576	0.0008	3.019308645254743	0.3970024064705528	0.0655	3.183135611504252	0.3923946731421986	0.1076	3.2536109979183108	0.5870528069424991	-0.01275	3.3510714192096684	0.29286969543633157	0.0702	3.385993417984806	0.047424221860507626	0.1076	3.2770232547233507	0.5649514986266051	-0.01275	3.351421667849203	0.31484724226738964	0.0702	3.4017298696311022	0.08025948850784462	0.1076
480	19.234408602150538	3.7010843394018558	0.7608775087870512	0.0301	3.6523216377217746	0.7229256707439076	0.0301	3.599582460622141	0.39467313157474715	0.129	3.908727727658486	0.18703412227796168	0.023	3.8850818649383267	0.02374716468629667	0.2179	3.8801936902799614	0.05040678302502252	0.1804	3.9685488310414043	0.15786139194075421	-0.0119	3.731346243183511	0.7816220101887436	0.0301	3.8235817832637418	0.3820165616651127	0.129	4.183778708709933	0.1788888562337082	0.023	4.154171069963886	-0.0016540596329957516	0.2179	4.189279749571188	0.015513513276572731	0.1804	4.245253377118177	0.17292975532715874	-0.0119	3.241338184748524	0.5477366459965645	0.0008	3.0281539944201277	0.3996930339675839	0.0655	3.1834722423432975	0.3942943924152816	0.1076	3.253660490688459	0.5894472220319584	-0.01275	3.3538736844821253	0.29624473928929324	0.0702	3.3886540445359663	0.0485346651311368	0.1076	3.2828293580989745	0.5595241149382638	-0.01275	3.3508090015468097	0.30966477137311205	0.0702	3.400788543011576	0.07606781254376224	0.1076
481	19.274480286738353	3.7022852114226454	0.7559306011607787	0.0301	3.6513467172280265	0.7157555257170991	0.0301	3.599842148861988	0.3913229104775188	0.129	3.907610595525932	0.18331013088198136	0.023	3.882772438300881	0.024521227837187794	0.2179	3.8789278150679682	0.04927509273637515	0.1804	3.967715618884342	0.1577113132224975	-0.0119	3.735798244654365	0.7752162697380313	0.0301	3.8173524036892688	0.3758282686879992	0.129	4.179838520173801	0.17756039553565678	0.023	4.150142200322505	-0.003749577763602662	0.2179	4.184204640226074	0.011648128248265787	0.1804	4.240344791843941	0.17275053572348234	-0.0119	3.242016124090987	0.5472455857056696	0.0008	3.0279731351914947	0.39991487233099343	0.0655	3.182997243550467	0.39627050674372954	0.1076	3.253536449278487	0.5914489911277186	-0.01275	3.35757123644236	0.2998951874344015	0.0702	3.390706112098617	0.047872312106026445	0.1076	3.2832310945649326	0.5574428011577961	-0.01275	3.3522214361139233	0.30619206760203704	0.0702	3.401622199069823	0.07310011760018244	0.1076
482	19.314551971326164	3.704307299908279	0.7481281180794407	0.0301	3.6519286194222533	0.7063479548200657	0.0301	3.5977882630117235	0.3864565902104145	0.129	3.9090605825111826	0.1803791763611933	0.023	3.8845884537021496	0.024907999037618478	0.2179	3.879128891801646	0.048114555620994266	0.1804	3.9671333527179864	0.15840904877162468	-0.0119	3.741578582008175	0.7662066374198574	0.0301	3.8123157533978804	0.3677839356991755	0.129	4.179617969419753	0.1749676391519521	0.023	4.146360024909655	-0.004078045770436401	0.2179	4.181796429191286	0.009613966919636518	0.1804	4.239160104050356	0.17276448976583716	-0.0119	3.2422795158832254	0.5464621901214829	0.0008	3.0222017294097747	0.3993787762903399	0.0655	3.1825652735461536	0.3950118232039006	0.1076	3.253032542066359	0.5902090602105753	-0.01275	3.3538352636535493	0.2989041967908429	0.0702	3.3888235769271695	0.04790185178592337	0.1076	3.2827568624853316	0.5585485113474312	-0.01275	3.3559591447630854	0.30811431406151024	0.0702	3.40470622507952	0.07483793503483085	0.1076
483	19.35462365591398	3.7068202646800876	0.741855103612875	0.0301	3.6541213822174696	0.7018148132150487	0.0301	3.596635043578869	0.37883676423649437	0.129	3.910125988602313	0.17955824519799332	0.023	3.8855969891316926	0.02345510451719508	0.2179	3.879282299088345	0.04952566369731653	0.1804	3.9665832702830053	0.15985125026768113	-0.0119	3.7450539378605754	0.7586833390025853	0.0301	3.8083301262177245	0.35726360638101307	0.129	4.179812236410106	0.1736604482113989	0.023	4.1448331759419865	-0.0032377936159567688	0.2179	4.18189118154591	0.01234082702070445	0.1804	4.239996909541922	0.17269906054100814	-0.0119	3.24118263112358	0.5456153336780926	0.0008	3.019851690045435	0.39972042073735986	0.0655	3.1832787639564573	0.39153226839291344	0.1076	3.254941006412947	0.5887812528849384	-0.01275	3.351545357243912	0.3005774526050896	0.0702	3.3869541100448353	0.05241025438624007	0.1076	3.286045266010375	0.5590514069531908	-0.01275	3.357585627904535	0.3069682847443714	0.0702	3.4044463171475665	0.07677130859766353	0.1076
484	19.39469534050179	3.7107472468927005	0.7355962106353371	0.0301	3.65828629360473	0.6998659915126477	0.0301	3.5976567467124796	0.37259652085858797	0.129	3.9097070152297713	0.179218099723726	0.023	3.8824928849209894	0.02200040990985423	0.2179	3.8784347333821625	0.05185387955926229	0.1804	3.9658136975951326	0.1604510783086254	-0.0119	3.7484352621120838	0.7524891822999632	0.0301	3.8060380341107294	0.34647130981756113	0.129	4.179357395745402	0.1744876855810653	0.023	4.144235377240718	-0.003702067673965601	0.2179	4.1826623406592915	0.015321747969395888	0.1804	4.24044646153117	0.17236744587762248	-0.0119	3.241642032313161	0.5454215469434086	0.0008	3.020815108285008	0.4012933401246662	0.0655	3.1846277119058506	0.39212313069504284	0.1076	3.2607055773299582	0.5899268325690703	-0.01275	3.3567364850402117	0.30547660137384797	0.0702	3.387771550719041	0.05625834471916521	0.1076	3.2899511090442872	0.5588602890450928	-0.01275	3.3562835569450646	0.29999036392593	0.0702	3.4003694523382904	0.07630442195361327	0.1076
485	19.434767025089606	3.7154210505177576	0.7278961289750603	0.0301	3.663300977183348	0.6946335598744794	0.0301	3.59785372328579	0.3706921125768911	0.129	3.9105563451639718	0.17877121422430853	0.023	3.8779106466676256	0.02159708934581245	0.2179	3.8762221958022236	0.04951399147875535	0.1804	3.9662959051362052	0.1602091085387848	-0.0119	3.754532225605633	0.7456539682607862	0.0301	3.8040520327919323	0.33856135295564255	0.129	4.178885683491236	0.17577287930285634	0.023	4.1438105605020645	-0.004981633143872789	0.2179	4.182849533714501	0.014456081554347983	0.1804	4.240071729221886	0.17307448357147837	-0.0119	3.2468237143661516	0.5455678693428717	0.0008	3.0205865977685846	0.4039673288123692	0.0655	3.184280730056144	0.39820449559890847	0.1076	3.266105105912839	0.5909453240438786	-0.01275	3.360172733872509	0.30483108158907796	0.0702	3.3884396377510493	0.05404333907534062	0.1076	3.2927215115914987	0.5583196846519051	-0.01275	3.3578602839600378	0.29692025869584715	0.0702	3.4009384857430227	0.07682958306400475	0.1076
486	19.47483870967742	3.719747298758315	0.7227550104350412	0.0301	3.6672531109837405	0.6877915563624979	0.0301	3.5953708605550116	0.3691459677794652	0.129	3.9133723409071943	0.17891313843337933	0.023	3.8761721508119185	0.021288966094899362	0.2179	3.873658522689833	0.044322610244997875	0.1804	3.968518866554808	0.160302940737795	-0.0119	3.761952142033285	0.739020338247266	0.0301	3.801571044535543	0.33185114854939196	0.129	4.178752186643813	0.17583145963610183	0.023	4.145066354733897	-0.005506444031827932	0.2179	4.183510181903128	0.012204851594947712	0.1804	4.240097182430587	0.17527871696143651	-0.0119	3.2532613359882023	0.5456441734605189	0.0008	3.021353795690152	0.4072929267083249	0.0655	3.1844747612780577	0.40299260321372793	0.1076	3.269202174060968	0.590700894292703	-0.01275	3.35903598943996	0.2997529644586821	0.0702	3.38913054615468	0.050275117814636776	0.1076	3.297128920494328	0.5577006803375621	-0.01275	3.3635905117925766	0.3010079214644665	0.0702	3.407194585552847	0.07766592135054481	0.1076
487	19.514910394265232	3.7249585455973206	0.7210847632742294	0.0301	3.671246623312703	0.6833976268061024	0.0301	3.5928321083235626	0.3653320081451862	0.129	3.9144358733399187	0.17911708260371914	0.023	3.8783465124151	0.020962572525074857	0.2179	3.8733426818636447	0.04294116337888671	0.1804	3.9704150823160522	0.16050085084231117	-0.0119	3.7683267230967097	0.7347120912421394	0.0301	3.800823569691719	0.325293359245623	0.129	4.180137229532958	0.17415385627752233	0.023	4.150415899052787	-0.0059997633887241275	0.2179	4.1868179391969775	0.011959948193120748	0.1804	4.241652723510606	0.17629816728809455	-0.0119	3.255235225604461	0.5462865431405798	0.0008	3.0286833228968684	0.41036218795114154	0.0655	3.1909870994547114	0.4037158244337064	0.1076	3.2732646605226043	0.5928765600917969	-0.01275	3.363590066374178	0.2988953443272111	0.0702	3.3923625727343336	0.04956289085349167	0.1076	3.3025894108604565	0.5583147392128244	-0.01275	3.3682170356329566	0.30353882319767367	0.0702	3.40970854239026	0.07354858864548969	0.1076
488	19.554982078853048	3.7315295844633662	0.7185202658064811	0.0301	3.6774008421293662	0.6813783640869869	0.0301	3.594204206606495	0.3619071911523534	0.129	3.913161449315782	0.17911106353344294	0.023	3.8825817607668434	0.021233494424514016	0.2179	3.876596664210878	0.045660287597299225	0.1804	3.9707830091640104	0.16064609695828153	-0.0119	3.7730105305912054	0.7321869030461784	0.0301	3.802117019620866	0.3227117993591623	0.129	4.184400163746253	0.17182933529396252	0.023	4.156739137026776	-0.007117786491772524	0.2179	4.191179099922661	0.012021970975445403	0.1804	4.245589906038926	0.1745903065362369	-0.0119	3.2558060852996205	0.5482195340650031	0.0008	3.037523621011219	0.41222600262182746	0.0655	3.1990650895531156	0.4051836175717556	0.1076	3.2780655677681043	0.598915773218623	-0.01275	3.3731718671341078	0.30254369352029176	0.0702	3.3953366525722464	0.05156974616297659	0.1076	3.306066709073058	0.5598915695392028	-0.01275	3.3710012711916253	0.3015255849770189	0.0702	3.4065199213002084	0.06780178617448722	0.1076
489	19.59505376344086	3.737521663556197	0.7147314847513326	0.0301	3.6839287979533135	0.6813315435592148	0.0301	3.5990429116841436	0.3611768200588727	0.129	3.9136138391967985	0.17965563386946146	0.023	3.8872453180555353	0.021174264285835912	0.2179	3.882221930814186	0.04767431940328025	0.1804	3.971179200336233	0.16129282182566804	-0.0119	3.776209596397147	0.7304740652046846	0.0301	3.8031166038243183	0.3243673436691004	0.129	4.190810056574005	0.1712983658186466	0.023	4.15774538472195	-0.008182106523514863	0.2179	4.193038125105948	0.00996816340245392	0.1804	4.251836580258313	0.17278749306598604	-0.0119	3.261800633765846	0.5502786375953015	0.0008	3.038417495381207	0.412856572409259	0.0655	3.198312653540913	0.40816530444310595	0.1076	3.2809645259262323	0.6040193074882757	-0.01275	3.376677014245476	0.3050785317286162	0.0702	3.3950806324001923	0.05589892529169385	0.1076	3.3090240726884588	0.5603179625000678	-0.01275	3.375038761759656	0.3004433304998086	0.0702	3.405170227670552	0.06740901046431146	0.1076
490	19.635125448028674	3.7426832542711734	0.7133237184346353	0.0301	3.6885101296842437	0.6828908335708166	0.0301	3.60195843915255	0.36177112318144167	0.129	3.9159923156031247	0.17992975291410476	0.023	3.890673565382112	0.01989882843323154	0.2179	3.886362026117369	0.04707097655311531	0.1804	3.9729164224845417	0.16140873970157918	-0.0119	3.7795393053237194	0.7296716079752918	0.0301	3.803574314866369	0.32409751875374226	0.129	4.196182030660521	0.17277906983473085	0.023	4.1549375756364695	-0.008812278048287703	0.2179	4.1927314817724195	0.008057273823118043	0.1804	4.2578561179774255	0.17392483685805157	-0.0119	3.270107996334925	0.5505367642746759	0.0008	3.0346237061129346	0.41368273565894786	0.0655	3.1946532805818775	0.4081690408964862	0.1076	3.2841230338097067	0.6040054054645696	-0.01275	3.3757173865134336	0.30495088791553754	0.0702	3.395068405375376	0.06054183876313015	0.1076	3.3140271625165685	0.5600989303732699	-0.01275	3.3789532192722485	0.3020112399893532	0.0702	3.407611980571113	0.06812393008160951	0.1076
491	19.67519713261649	3.748426961464293	0.7143420090259531	0.0301	3.6935790662230423	0.6843236899596676	0.0301	3.600703878535374	0.36119898979732373	0.129	3.9161784766679304	0.17846040995425907	0.023	3.890422525627806	0.01879008841035495	0.2179	3.8854328951362302	0.04602335199273335	0.1804	3.9738482336987837	0.15969514861110146	-0.0119	3.7851812423295352	0.7287809237795004	0.0301	3.804476047838198	0.3197411516796596	0.129	4.196466578512685	0.17368303126776205	0.023	4.153297068866391	-0.008926268325103626	0.2179	4.1923929650552765	0.009038025177374598	0.1804	4.258813325335806	0.17768384224733766	-0.0119	3.273303353051105	0.5492156215775776	0.0008	3.034896914251969	0.41547668463335763	0.0655	3.2010184873784153	0.4056306800466247	0.1076	3.2903036363951723	0.6019939543521302	-0.01275	3.379993662342655	0.30434794376665436	0.0702	3.3988022107485363	0.0609679567387166	0.1076	3.3188767213800796	0.5611978124923066	-0.01275	3.379791541622381	0.3033459779573319	0.0702	3.408706035536869	0.06389607848749755	0.1076
492	19.7152688172043	3.7536170179181743	0.714108797998838	0.0301	3.700301944809865	0.6848312048919993	0.0301	3.5997607797937174	0.35989231142022843	0.129	3.9138311553263527	0.1765615255038851	0.023	3.8875815472941837	0.019204828057732395	0.2179	3.8821995140968215	0.0465066154739583	0.1804	3.971736148842457	0.15741006461508525	-0.0119	3.791537454263654	0.7270557297085758	0.0301	3.8062364487973155	0.3163051634483008	0.129	4.193842887016895	0.17259667621302138	0.023	4.153470969672387	-0.009594111613123924	0.2179	4.192749656611454	0.00950236246464405	0.1804	4.254314988006596	0.1792535831746416	-0.0119	3.274149461326171	0.5489835674919163	0.0008	3.041197199490886	0.4188932770213735	0.0655	3.212632934471379	0.40682393865276345	0.1076	3.2972010757234673	0.603592516595415	-0.01275	3.387263416392279	0.30411280927018497	0.0702	3.40187541517763	0.055546431205057444	0.1076	3.3224360553401	0.5612523754228105	-0.01275	3.38039129815224	0.3020722976215099	0.0702	3.407492838792555	0.058268868377202715	0.1076
493	19.755340501792116	3.75551709960849	0.7099139082399837	0.0301	3.7030671482396773	0.6830002839731403	0.0301	3.6008255155577737	0.35765566363907236	0.129	3.9134375193950106	0.17660743921167177	0.023	3.887533232888973	0.02074604864569224	0.2179	3.8823697984290986	0.04918911325018776	0.1804	3.970289451316726	0.1563975153699639	-0.0119	3.794715905278218	0.7244428506109994	0.0301	3.8126508973221114	0.31594201382493886	0.129	4.199873603244121	0.17031580139802435	0.023	4.15649925017834	-0.01267027653699468	0.2179	4.196444053417376	0.005045531290495961	0.1804	4.255162409980453	0.1741426774615456	-0.0119	3.278876350992162	0.5543682055427053	0.0008	3.048616384783304	0.4303990781670203	0.0655	3.2166922090785635	0.4175404118086621	0.1076	3.301598577423306	0.6113998829876617	-0.01275	3.388938483569516	0.3060688299310191	0.0702	3.3997828152739857	0.05181481116550362	0.1076	3.3267596267198503	0.5597190517821641	-0.01275	3.386290688559511	0.2984832103153975	0.0702	3.4085147703088565	0.057065632997802804	0.1076
494	19.795412186379927	3.751926339424278	0.7035151480660471	0.0301	3.696986081755433	0.6790410756204122	0.0301	3.598196440967186	0.3497660650120432	0.129	3.916304899509614	0.17697922510055358	0.023	3.894449168623028	0.02229627780854892	0.2179	3.8857585505415417	0.052681903151966226	0.1804	3.973870529749629	0.15584379036852955	-0.0119	3.791575699355455	0.720286587031745	0.0301	3.8240964861536386	0.3146070964716801	0.129	4.217216820477527	0.16800133097344302	0.023	4.163914490906659	-0.017223722612425996	0.2179	4.2069568750630735	-0.000930726997029994	0.1804	4.270396364981269	0.16723304156564844	-0.0119	3.2810954601863624	0.5717855682450736	0.0008	3.046728808353043	0.46253523409915087	0.0655	3.208112102061464	0.4427531818209149	0.1076	3.301838575096026	0.628696158329213	-0.01275	3.3904989490227204	0.3194966656647692	0.0702	3.4042668528120448	0.06858677921526525	0.1076	3.325905371298033	0.5675763304821477	-0.01275	3.394176987081435	0.3004015798089466	0.0702	3.413361748334595	0.06556510277156177	0.1076
495	19.835483870967742	3.7385268184090243	0.6996780317228235	0.0301	3.686160544892114	0.679376512373426	0.0301	3.5912999436887643	0.33456656093252224	0.129	3.9207840560629568	0.17362391178316966	0.023	3.9038746621182874	0.02156882768509307	0.2179	3.8870553058773294	0.05165984521584329	0.1804	3.979246227138888	0.15169363152868534	-0.0119	3.774399191920239	0.7144559352604327	0.0301	3.8199864568474884	0.3083254549037717	0.129	4.219286378300061	0.16621353548872564	0.023	4.170779922998192	-0.018757939340820443	0.2179	4.216671330903756	-0.0009971454128399192	0.1804	4.278816726445972	0.1682117917070537	-0.0119	3.2677374471125256	0.6071058218972328	0.0008	3.0262144629051466	0.5224436404979019	0.0655	3.1817858555045104	0.4883460568734066	0.1076	3.293848786933932	0.6601814375807348	-0.01275	3.3996804130900253	0.3543443524563918	0.0702	3.4264479166928594	0.12004377358139463	0.1076	3.3089112774625273	0.5983047333526492	-0.01275	3.3914181087125326	0.3250364451013059	0.0702	3.421845124692041	0.09231645667099107	0.1076
496	19.875555555555557	3.71050915095427	0.6971279656826437	0.0301	3.6762953576383093	0.6844267682071977	0.0301	3.5889782429431554	0.316635505888634	0.129	3.930575932803231	0.16786909463293392	0.023	3.904317735693574	0.016871894329124393	0.2179	3.886693164469743	0.0431049516982466	0.1804	3.9817774231993504	0.1440493508815742	-0.0119	3.7344544599767264	0.7038616494537001	0.0301	3.7730933476247888	0.29424604759210415	0.129	4.171551002243594	0.1643906232981928	0.023	4.161886786159675	-0.012098215317478117	0.2179	4.202376528375399	0.008001625673856878	0.1804	4.240328132433464	0.1757142441251805	-0.0119	3.234908116363886	0.661306650944469	0.0008	2.9853741323617715	0.6043615469894995	0.0655	3.1327191448683727	0.5569974587494908	0.1076	3.271186540526966	0.7050277990986071	-0.01275	3.393198604845447	0.40192919801691435	0.0702	3.4276939608879164	0.1846728016074841	0.1076	3.2749735981615555	0.6529026612831077	-0.01275	3.3787773758493964	0.3902034030009424	0.0702	3.4410789363575764	0.15179597037445794	0.1076
497	19.91562724014337	3.670793997647669	0.6862893965343446	0.0301	3.6595142525754913	0.6837334656022175	0.0301	3.5840485857640147	0.29990354276798076	0.129	3.941386652158177	0.164264328860341	0.023	3.894101316386332	0.012306741946097129	0.2179	3.893011252503349	0.033639680617754464	0.1804	3.9806294396797273	0.1440354392176972	-0.0119	3.676266150472447	0.6830320805184242	0.0301	3.681465023516778	0.2730112588648496	0.129	4.077927448238116	0.1619005343663538	0.023	4.116435516861953	0.0028885617402185167	0.2179	4.144871340236256	0.022245843780343423	0.1804	4.154020937954207	0.1788259393445319	-0.0119	3.189334749348328	0.7268519348746615	0.0008	2.932303772364233	0.6991924741270801	0.0655	3.0664540813854413	0.6422580568660282	0.1076	3.231428626671367	0.7501062819643743	-0.01275	3.333987718796724	0.4390192182721067	0.0702	3.333436128880694	0.22295050722423704	0.1076	3.2293245662706207	0.7214174976438043	-0.01275	3.3767946003807188	0.5040629431622352	0.0702	3.4677216724506805	0.2639772165687861	0.1076
498	19.955698924731184	3.6240876115755016	0.663936640311606	0.0301	3.6236717089191623	0.6741527199666171	0.0301	3.554319305561583	0.28432532613214884	0.129	3.932615554289771	0.162259363438387	0.023	3.880400891519696	0.014479465786780237	0.2179	3.9029036963416472	0.033754585367010606	0.1804	3.9734563841653183	0.1574640922261272	-0.0119	3.6095934692138045	0.656720601960294	0.0301	3.555951975760721	0.25637268432866067	0.129	3.959513474196904	0.161936916864363	0.023	4.012220053555302	0.014903278598091017	0.2179	4.034273160735678	0.032097442339662025	0.1804	4.042918362282001	0.17752843123609105	-0.0119	3.1401784828644526	0.7872191136083722	0.0008	2.8847550714011154	0.7972427292264761	0.0655	2.9979327407784644	0.7288034178643251	0.1076	3.1819234539635706	0.7800614877037427	-0.01275	3.2427202894014124	0.48071472169813095	0.0702	3.1715243854175084	0.25993955855959244	0.1076	3.1757898973235097	0.7904835620811252	-0.01275	3.382692895676631	0.6564427667266387	0.0702	3.467918122346925	0.4402399813603942	0.1076
499	19.995770609318996	3.5613372192538097	0.6430175663702286	0.0301	3.5706388130022573	0.6635772782063337	0.0301	3.51583249536678	0.2656261535400542	0.129	3.907749270996538	0.16079145048376825	0.023	3.8700556821870418	0.021361693183211194	0.2179	3.9056829531084536	0.045160345640049726	0.1804	3.9635477433740944	0.17344968998275653	-0.0119	3.529167010305649	0.6398313937122886	0.0301	3.3974556124221573	0.2643250483329273	0.129	3.794567367051284	0.16838737810956333	0.023	3.8193952278040095	0.015371063045845524	0.2179	3.844058070486185	0.032554472741578015	0.1804	3.881151838055164	0.18234722079721397	-0.0119	3.087731095951509	0.8306654739336754	0.0008	2.8500364630583817	0.8812105595914762	0.0655	2.938540186954595	0.801903570681856	0.1076	3.1312034057414775	0.8021486492062438	-0.01275	3.2018381109697547	0.5857961666633806	0.0702	3.124387584276538	0.3884240451400987	0.1076	3.119067610683665	0.8504188861608941	-0.01275	3.3564064449618742	0.8152031842629904	0.0702	3.4285406727715566	0.6558055507695875	0.1076
500	20.03584229390681	3.4718878903774724	0.638641916969051	0.0301	3.5048264723523608	0.6598358469564745	0.0301	3.513490408570086	0.2471855191657336	0.129	3.907596960517544	0.1634450954890294	0.023	3.887334531676123	0.024739896925592388	0.2179	3.9218837738885126	0.057946755329344915	0.1804	3.971765184109779	0.1833887632963262	-0.0119	3.427050210218647	0.639794461050033	0.0301	3.210693326656945	0.3115349136187244	0.129	3.563704156848179	0.1761104820010268	0.023	3.533679816205393	0.02287813949006544	0.2179	3.5629824847504366	0.035870345246277933	0.1804	3.6437453651596803	0.1885330400191895	-0.0119	3.021589558426168	0.8639166417436656	0.0008	2.8063475327952765	0.9430539828198989	0.0655	2.8817462035633596	0.8568733909685191	0.1076	3.0695742277383937	0.8310332803219025	-0.01275	3.227061977962779	0.7336951406279548	0.0702	3.2092399956723336	0.6171351647070825	0.1076	3.057264997250052	0.9021286111164515	-0.01275	3.278666579573204	0.9453644259773043	0.0702	3.389361281553753	0.8443111291274351	0.1076
501	20.075913978494622	3.358926153537683	0.6486308745644895	0.0301	3.416857429028113	0.6636266312602167	0.0301	3.534156375584233	0.25288073665341465	0.129	3.932159855191831	0.16890011797016521	0.023	3.937018290565459	0.024996050131130026	0.2179	3.96506671411202	0.0623888344118277	0.1804	3.994279281158075	0.18788609108484391	-0.0119	3.3094397628539967	0.6480770248964591	0.0301	3.0193436133318454	0.3865413402142919	0.129	3.31178391013036	0.17517066236972784	0.023	3.2155921772107106	0.05446576382275285	0.2179	3.248599811634868	0.05334235655973999	0.1804	3.381034439094405	0.17772073795513796	-0.0119	2.931515301673814	0.8996729767133229	0.0008	2.7303480763191352	0.996048296858527	0.0655	2.806099819433874	0.8970946457374632	0.1076	2.972391970931111	0.8585214201967257	-0.01275	3.1880814441453214	0.8073480976212224	0.0702	3.1107751829694417	0.8090824019692214	0.1076	2.9793936101102636	0.947325182979599	-0.01275	3.1767395651768298	1.029011941907212	0.0702	3.3611795716466033	0.9524793783186024	0.1076
502	20.115985663082437	3.224010636262067	0.6584468350926298	0.0301	3.284055891390113	0.6652462963925231	0.0301	3.458500419152131	0.29896890953088423	0.129	3.8511345355938373	0.16495352128559973	0.023	3.8798795578050376	0.025460071974549227	0.2179	3.90140162165838	0.05589449275536073	0.1804	3.9089736264121746	0.1843729146192097	-0.0119	3.185039351228743	0.6529978274605153	0.0301	2.862655494046458	0.44105734104761984	0.129	3.1017476690244594	0.16414644819825502	0.023	2.954544816729213	0.07980274145993312	0.2179	2.9913391886139706	0.06690365719996902	0.1804	3.1631241240472474	0.14832631825932655	-0.0119	2.816296574003202	0.9401511675061377	0.0008	2.626037132348311	1.047904592521878	0.0655	2.69714880397389	0.9278549160494853	0.1076	2.839121836097333	0.8819425126858705	-0.01275	2.973007699077659	0.7832223979313158	0.0702	2.733793048427286	0.865824100225508	0.1076	2.8796247435989493	0.978707811718048	-0.01275	3.0809792203399766	1.0525589249457106	0.0702	3.2920673580759856	0.9648131266868978	0.1076
503	20.156057347670252	3.075445889230712	0.6639238267065168	0.0301	3.109025648258022	0.6617107236734171	0.0301	3.2043332769003565	0.35091990049239763	0.129	3.562344685972402	0.15193677689577065	0.023	3.587218072728252	0.024063493769000233	0.2179	3.60018042660723	0.04533373211780426	0.1804	3.617906963137692	0.17166510722152195	-0.0119	3.0609175645599054	0.6565798226471106	0.0301	2.7668174287293903	0.4328521170067495	0.129	2.973702807314757	0.1450573177724422	0.023	2.8191529397606367	0.058882484482614156	0.2179	2.8568324196131463	0.04927576373738079	0.1804	3.030489017300574	0.1143005712606198	-0.0119	2.6890244072273966	0.9750622930661141	0.0008	2.5035617011594264	1.0837557949630137	0.0655	2.5654587309053283	0.9528286639032814	0.1076	2.711380521817476	0.9212186130449912	-0.01275	2.7075143224831737	0.7620340885967466	0.0702	2.4385118252784626	0.8319973234232424	0.1076	2.762338424053743	0.9918573173445807	-0.01275	2.992768352667449	1.0042297348931504	0.0702	3.153571799506978	0.8654161927592771	0.1076
504	20.196129032258064	2.9470602812182833	0.6763707798342665	0.0301	2.9573002881799337	0.6710416820065798	0.0301	2.9393393974622377	0.3531585552433213	0.129	3.2670715100944716	0.15978534584725768	0.023	3.2925326901211625	0.026884435677438718	0.2179	3.2988555445851317	0.048138237444026434	0.1804	3.3306046679365666	0.16042359270252243	-0.0119	2.940877552366407	0.6692372093372955	0.0301	2.7122108627304082	0.3823970003186228	0.129	2.932255163915796	0.11490605373812643	0.023	2.807825110665718	0.0040898920455885385	0.2179	2.8396161612734665	0.0039030099621941575	0.1804	2.987690157571489	0.08151655677545476	-0.0119	2.5665699754202844	0.991555673716768	0.0008	2.3636587513486083	1.090094146440331	0.0655	2.4370824258485793	0.9693549510480678	0.1076	2.6160733315229825	0.9740960848707095	-0.01275	2.59470206117281	0.778872883238461	0.0702	2.410517716996118	0.7798237087390514	0.1076	2.631477548760415	0.9910909228012841	-0.01275	2.882843917644125	0.906626520586291	0.0702	2.965123442144412	0.6859627154927698	0.1076
505	20.23620071684588	2.851041163999147	0.6977460868290382	0.0301	2.8644918771800096	0.6983507056188601	0.0301	2.823805985235392	0.31795965492714057	0.129	3.1565971472719525	0.19285633654038917	0.023	3.217322084076304	0.03494694575860843	0.2179	3.2243975190698357	0.0632719591594776	0.1804	3.234318660126944	0.15590965238527751	-0.0119	2.8254955948833165	0.6898874471362003	0.0301	2.664497819076874	0.3395461171342611	0.129	2.9352341175093417	0.08274076772952024	0.023	2.83914067462872	-0.03821471344590744	0.2179	2.863985829105409	-0.03568372370737414	0.1804	2.9944875190017806	0.05577677519455008	-0.0119	2.449758734287945	0.9902940193507468	0.0008	2.2166669871819455	1.0755865290227888	0.0655	2.322480304220824	0.9725625220728086	0.1076	2.524115539640794	1.0050401845457382	-0.01275	2.576782410907994	0.7635431500101636	0.0702	2.457375403679377	0.7506101668317299	0.1076	2.489686128075862	0.9806757325268702	-0.01275	2.7062468279280214	0.8062701928807743	0.0702	2.723021474208704	0.5356027286775301	0.1076
506	20.27627240143369	2.749020711616684	0.708107111776527	0.0301	2.762279437784989	0.7152317406279168	0.0301	2.6938212409657987	0.3195508820895102	0.129	3.0241426314893145	0.20143504087591438	0.023	3.0838750014385616	0.03702496389566078	0.2179	3.094869844428205	0.0692593524974505	0.1804	3.1018931388161715	0.14440881600144975	-0.0119	2.718623777868411	0.7032090529099095	0.0301	2.6202093272003726	0.31568731607815426	0.129	2.938322446731662	0.07024217326036296	0.023	2.84883488494176	-0.04648691739711741	0.2179	2.875697832039705	-0.0447978022640146	0.1804	3.0050580423595346	0.04902366918758343	-0.0119	2.3261207951817133	0.9806265272466131	0.0008	2.080894233611813	1.059592066322348	0.0655	2.20347813675578	0.9664878145411947	0.1076	2.40687875786573	1.000107491236777	-0.01275	2.4920790269574713	0.7196096171022681	0.0702	2.4621420655969444	0.7647373141815244	0.1076	2.341577377345218	0.9651419494389657	-0.01275	2.4592891989622285	0.7247719628141599	0.0702	2.4108432250449354	0.48832396303263287	0.1076
507	20.316344086021505	2.6093740322879113	0.6976998927943632	0.0301	2.600565749248651	0.7069297020595066	0.0301	2.419867022949426	0.38625521311355876	0.129	2.6946547359963597	0.1725652742374211	0.023	2.6734190536034017	0.045682998786262544	0.2179	2.6900396646097846	0.0659863548342344	0.1804	2.762279883206668	0.12271411031702395	-0.0119	2.604654427206971	0.7011335284974076	0.0301	2.586492192650744	0.30239392843135077	0.129	2.9288825729000405	0.08008868816231832	0.023	2.843055869892099	-0.038952945634864955	0.2179	2.8776937731264063	-0.035167824505896485	0.1804	3.0006430626868426	0.06083988817487026	-0.0119	2.188085210914841	0.9701948625466925	0.0008	1.9571915896454244	1.0555455761816932	0.0655	2.0600464033551398	0.9589633890750452	0.1076	2.2793041311109166	0.9877815632014373	-0.01275	2.39089218885545	0.7677241103980916	0.0702	2.4872772526366824	0.8116145233738722	0.1076	2.183164174693107	0.9511077813598369	-0.01275	2.198985443814326	0.674581549963587	0.0702	2.0818326403008025	0.5496940243943608	0.1076
508	20.35641577060932	2.438210833757276	0.683257058433572	0.0301	2.4104051406672644	0.6913383161874712	0.0301	2.141741937165167	0.47043718405545704	0.129	2.3228727096747424	0.15624072184914803	0.023	2.218695979396975	0.07795852598315704	0.2179	2.2415233578309173	0.059843988842118556	0.1804	2.3876247041020022	0.11056821923436219	-0.0119	2.453862804488768	0.6934855373976618	0.0301	2.5520512535519844	0.3082484943217349	0.129	2.9002229619886655	0.0982275443964975	0.023	2.844260599126085	-0.03440366294655167	0.2179	2.879691623881133	-0.025650198934349173	0.1804	2.970619600824917	0.08330786899353267	-0.0119	2.042016798863915	0.9709693930692702	0.0008	1.8288393848525433	1.0642393224184876	0.0655	1.9032152511900606	0.952610528818622	0.1076	2.156455083432992	0.9925826737784046	-0.01275	2.347698019851615	0.9107920283474108	0.0702	2.5237303391083445	0.8653584451780232	0.1076	2.014961167674405	0.9458731466542392	-0.01275	1.968998443962713	0.6802596188915643	0.0702	1.8250062372019988	0.6905918229682876	0.1076
509	20.396487455197132	2.2545430494247745	0.6753978594988822	0.0301	2.2195560450497673	0.6798281549723311	0.0301	1.9597887868625428	0.5108902309713507	0.129	2.069507852110691	0.16327699724947659	0.023	1.9470684521964976	0.10400231650573842	0.2179	1.9675200554598917	0.045117859950644344	0.1804	2.129636961900553	0.1102244496850027	-0.0119	2.272509846436061	0.6894113093538392	0.0301	2.4862122462008402	0.32879082423265565	0.129	2.830644470734122	0.12298636107826963	0.023	2.8409700638615707	-0.018279807269147276	0.2179	2.8655195226186807	-0.0021881000487341874	0.1804	2.895988073863932	0.1186068881615352	-0.0119	1.8964614754288356	0.9911491103357877	0.0008	1.6867703443351822	1.075893248833383	0.0655	1.7598175369137776	0.9523863436609066	0.1076	2.025247568679554	1.0105835040848314	-0.01275	2.277355942481684	0.987617787838926	0.0702	2.480853839724404	0.8853839027190883	0.1076	1.856093361885196	0.9615497414811622	-0.01275	1.7821064463395184	0.7334765013770649	0.0702	1.6656569688444987	0.8142298919792469	0.1076
510	20.436559139784947	2.0806824043532166	0.672217990579288	0.0301	2.0428902854360254	0.674166626712688	0.0301	1.8376794556167797	0.48089776386881083	0.129	1.9543488247787812	0.14978650125031828	0.023	1.8525270819748982	0.08255646900265416	0.2179	1.8634577624247244	0.028350860427495832	0.1804	2.001001312165552	0.09667814657673382	-0.0119	2.095273202076539	0.689846264059084	0.0301	2.3433044928214604	0.33294279007558947	0.129	2.6887624010826623	0.1632364061234939	0.023	2.7843471791147754	0.032019139939671405	0.2179	2.7887958463065234	0.05781892975403618	0.1804	2.7504471938563038	0.17437668228694497	-0.0119	1.7500834819571853	1.0203931320548971	0.0008	1.5411326099100813	1.0828321296362582	0.0655	1.631310643919168	0.9636361014923955	0.1076	1.8799348245218261	1.0295627673934986	-0.01275	2.133077834537541	0.9469391678804666	0.0702	2.339121862508401	0.8359200847918691	0.1076	1.7100987381082131	0.9983888427821654	-0.01275	1.6615386613738659	0.793799233458762	0.0702	1.578373857406461	0.8200576705165523	0.1076
511	20.47663082437276	1.9331595489066618	0.6810017103054856	0.0301	1.9079316086175098	0.6846564498655723	0.0301	1.7494128810303684	0.40625859341606896	0.129	1.9347494355059824	0.10781770523545259	0.023	1.8446909342937354	0.02912808843611389	0.2179	1.8534995632946865	0.018412620780178968	0.1804	1.9737181786547096	0.06545567185936305	-0.0119	1.9344013562892965	0.6966780443717374	0.0301	2.088722149873971	0.3165697047443499	0.129	2.455854995750358	0.21642146281728414	0.023	2.6173934524714095	0.10482843648609655	0.2179	2.60567512251529	0.13496332507230752	0.1804	2.517500472457047	0.24342461902398352	-0.0119	1.6001236788566935	1.0385792332371304	0.0008	1.400032768270419	1.0853490185942856	0.0655	1.494766602165565	0.9784766914027707	0.1076	1.7294056133527644	1.041213646463748	-0.01275	1.9619111982461876	0.8917328481938499	0.0702	2.1096713499683224	0.7390593338414444	0.1076	1.5576947726881183	1.0282013133279089	-0.01275	1.6037438067717114	0.8433882971030598	0.0702	1.5563377344389755	0.7401510609326424	0.1076
512	20.516702508960574	1.8014731216230007	0.7028248311881424	0.0301	1.807217554144101	0.7097383978987664	0.0301	1.7007469791628007	0.34440338296700607	0.129	1.946641410447273	0.07742295479961753	0.023	1.8522138693003323	-0.005798835180634546	0.2179	1.8718820085819137	0.013066250431712834	0.1804	1.9894578063527641	0.04316787768595982	-0.0119	1.7760115868179676	0.7080259019537453	0.0301	1.7570301313081793	0.3211564120648655	0.129	2.1431924064774206	0.2623269680127996	0.023	2.3015704519683946	0.1632219812780611	0.2179	2.302201183372166	0.1811123041336928	0.1804	2.209814392753204	0.29729018755543357	-0.0119	1.44509899233653	1.0368388936472606	0.0008	1.2488439550610322	1.0864207257172864	0.0655	1.3351606829116849	0.9860698432542407	0.1076	1.5671857792723087	1.0419606759442732	-0.01275	1.771762150294968	0.8733061650808144	0.0702	1.7781389400197563	0.6542137589886402	0.1076	1.3952882467031935	1.031302660582632	-0.01275	1.5461730863296879	0.898918824342717	0.0702	1.5855531256125324	0.7070699706364796	0.1076
513	20.55677419354839	1.6577628025907256	0.7208009500836517	0.0301	1.6917588940603034	0.7279697832601086	0.0301	1.6805317475182295	0.3317587414152161	0.129	1.9492172790101325	0.08054087756117544	0.023	1.8597273497256896	-0.011165105029366284	0.2179	1.8916891316897324	0.007447241304084376	0.1804	1.999719089452068	0.049512010505667906	-0.0119	1.607746179949556	0.7159741892971924	0.0301	1.4372569489082958	0.3800569571132286	0.129	1.7801622054883353	0.28240922105690885	0.023	1.8533640737786887	0.187431270046691	0.2179	1.8844224849270486	0.1850021531438564	0.1804	1.8611778988750856	0.31098270107847936	-0.0119	1.2827813013960592	1.0265596856877794	0.0008	1.0794356581760411	1.087755395648309	0.0655	1.1615811305809025	0.9889973663114046	0.1076	1.3886435026764778	1.0349781952322703	-0.01275	1.5484532073681858	0.860027266869091	0.0702	1.3940217118322216	0.6122012510887553	0.1076	1.237944458046104	1.0256105456783113	-0.01275	1.435568326150767	0.9810624619354187	0.0702	1.5578032536603783	0.768856559527125	0.1076
514	20.5968458781362	1.488572220126014	0.7272298573442796	0.0301	1.5362199466042188	0.7303648604869617	0.0301	1.6430354211314844	0.3635132543722756	0.129	1.9244318056310827	0.11090210765514935	0.023	1.871944354309538	-0.007831926853350137	0.2179	1.9072310412617008	0.0032972792624560445	0.1804	1.982574838855928	0.08684227253150459	-0.0119	1.4261818132261113	0.717596002514668	0.0301	1.163677705218796	0.4783631433512864	0.129	1.4054425796178096	0.2772156900898683	0.023	1.3786059770931123	0.19155726975459897	0.2179	1.4149475932141609	0.17915775982825213	0.1804	1.5048375159109275	0.28344768199130643	-0.0119	1.1114124693541436	1.0229002693850207	0.0008	0.9077243973473598	1.0906073414989415	0.0655	0.9869903697026055	0.9937178156129002	0.1076	1.2075126305400783	1.028930347149459	-0.01275	1.3153297301441131	0.842709585167604	0.0702	1.083979864012047	0.6241245806696998	0.1076	1.0838617530271812	1.0300500294546144	-0.01275	1.2799386779909152	1.069713703117315	0.0702	1.362924778588398	0.8493177427569284	0.1076
515	20.636917562724015	1.3051823652232148	0.7325719055886178	0.0301	1.3578451628447354	0.7319464024490467	0.0301	1.535783116318485	0.4046251051041781	0.129	1.8409543975282683	0.16404220044667317	0.023	1.8558983169200824	0.015955786518797935	0.2179	1.8908017396119803	0.02792071194190122	0.1804	1.907374088055058	0.15109680818015495	-0.0119	1.2343046582588122	0.7205738260262019	0.0301	0.9179656306664612	0.5562825420762884	0.129	1.0729848935426405	0.2514077779068655	0.023	0.9985387180230506	0.18297249630630139	0.2179	1.0153958228174311	0.1698413982376297	0.1804	1.1684398261520468	0.22804351182145113	-0.0119	0.9235080825455013	1.027391191210487	0.0008	0.7288342062571702	1.096109465512765	0.0655	0.8034284974952919	0.9993466670441907	0.1076	1.023911322881194	1.031449785056921	-0.01275	1.1106994687718597	0.8563090482259272	0.0702	0.9141779213479349	0.6946702681574284	0.1076	0.9088965738433445	1.0369186601617237	-0.01275	1.102933577562627	1.1101096513869593	0.0702	1.0867053978105097	0.897105904670687	0.1076
516	20.676989247311827	1.1259595993659615	0.7434420759944084	0.0301	1.182039356124928	0.7448878678288634	0.0301	1.3433161389474129	0.4115100204762373	0.129	1.672287052488731	0.23326562851014446	0.023	1.763451575361337	0.08427620119085341	0.2179	1.8000054281474283	0.10637817106227972	0.1804	1.7481854957172391	0.23521225442305982	-0.0119	1.0431150785553014	0.7332935087164689	0.0301	0.7205436316204652	0.5551858119761734	0.129	0.8398814205854557	0.20067603539547585	0.023	0.7568457899386123	0.13928709981398424	0.2179	0.7629503048522583	0.12678076844116462	0.1804	0.9032111534635067	0.15776619043171675	-0.0119	0.7238436535765987	1.0347306946938593	0.0008	0.5254239674558836	1.1010408805300733	0.0655	0.6075577383368885	1.0042113597054692	0.1076	0.8305710786665998	1.0399120830499473	-0.01275	0.9359295590501695	0.9140841510089426	0.0702	0.7936831086119116	0.7465858456545265	0.1076	0.714786169316799	1.035586141095432	-0.01275	0.9126822207306867	1.0698427243939528	0.0702	0.8717168090630002	0.8795578449703467	0.1076
517	20.717060931899642	0.9531646658271721	0.7541828784781462	0.0301	1.0120569727065067	0.7613518916924275	0.0301	1.0856440169345853	0.3826415253477549	0.129	1.4314000143405106	0.29791340198849475	0.023	1.5777323270391261	0.16500867193669785	0.2179	1.6142988963924585	0.20092875027983217	0.1804	1.5122749167187057	0.31950885327587897	-0.0119	0.8667001090863824	0.7505593106115476	0.0301	0.6031185260362545	0.4829375150383611	0.129	0.7332990135794324	0.13506571027452832	0.023	0.6429175616783575	0.06525664361649124	0.2179	0.652074046447093	0.05446838426126655	0.1804	0.7748760446519066	0.08830293394749168	-0.0119	0.5345931126327632	1.0410221770020338	0.0008	0.3161100647820822	1.0999093927408328	0.0655	0.41646834612163497	1.0076084941606085	0.1076	0.6403941075943371	1.0452581096560503	-0.01275	0.7642531252844451	0.9678624522751732	0.0702	0.6362211551216912	0.6987029708743794	0.1076	0.530675761162123	1.0286254732959783	-0.01275	0.7244349086389951	0.9664767954908163	0.0702	0.6990913989641481	0.7560830737349601	0.1076
518	20.757132616487457	0.7716226369660817	0.7583233813194239	0.0301	0.8217261364914155	0.7679906493034792	0.0301	0.7795757558989722	0.3740898507040378	0.129	1.129737499145707	0.3310921445389734	0.023	1.279000882076649	0.20332526704267612	0.2179	1.3093365899836698	0.2462577330622931	0.1804	1.2018334420194283	0.3591101852641808	-0.0119	0.7056892746765423	0.7600763639183472	0.0301	0.5415661483359807	0.40716783024211484	0.129	0.7219929998539505	0.08601483264198713	0.023	0.6188230402129651	0.007629502173649992	0.2179	0.6348330035091374	-0.001103432384568062	0.1804	0.7690346318558884	0.04250511052973762	-0.0119	0.35912486842026387	1.043499669098559	0.0008	0.13048933227942508	1.099406517220767	0.0655	0.24052799376783465	1.006205561682095	0.1076	0.467353113504831	1.0480044908974588	-0.01275	0.6207458827549704	0.9757847774843669	0.0702	0.5478238626087472	0.6531473696401251	0.1076	0.3529253818442935	1.0207944042454105	-0.01275	0.5328904841041614	0.8691111922350564	0.0702	0.5073502559691236	0.6265136144749791	0.1076
519	20.79720430107527	0.5719046217774487	0.7547164661851374	0.0301	0.586748009230278	0.7608021365657337	0.0301	0.44115320976561817	0.42875676904526744	0.129	0.7416396434287722	0.3196510320142893	0.023	0.839660724928874	0.2012226887697229	0.2179	0.8556247393010906	0.2372302134593271	0.1804	0.796076842955924	0.3220971399622233	-0.0119	0.5406934087819983	0.75834434238701	0.0301	0.48216869305970017	0.37985673166758577	0.129	0.7267759464387552	0.07685425919943399	0.023	0.625806480906563	-0.010673924948218007	0.2179	0.6493144948061574	-0.014200663764331095	0.1804	0.7787515419645231	0.040105621833736935	-0.0119	0.19487729875761076	1.0432774420057118	0.0008	-0.006896615043007179	1.11550457899135	0.0655	0.0948279911714626	1.0062255089984018	0.1076	0.3134329866420287	1.0545189404356186	-0.01275	0.5344490428269765	0.9643959429379997	0.0702	0.61431402524737	0.7408482653963003	0.1076	0.16723211421236764	1.0156355695350248	-0.01275	0.3088432114020964	0.8380800048349214	0.0702	0.2874117840974576	0.6374379889592806	0.1076
520	20.837275985663084	0.3660100477096454	0.7427554843358544	0.0301	0.33369621580932696	0.7411100292800243	0.0301	0.16196566470421617	0.5029346708387047	0.129	0.3517113741665097	0.28253404337400834	0.023	0.40629159932647324	0.19012051512434855	0.2179	0.4039684438270364	0.2120825077104418	0.1804	0.39394701081696976	0.2510757574377638	-0.0119	0.35792496391723794	0.7457408908706604	0.0301	0.39817735708596264	0.39320249521986683	0.129	0.675604633062352	0.11321978035051157	0.023	0.6287424755379184	1.5775672606293748e-05	0.2179	0.6498256136095047	0.010401028157211185	0.1804	0.723008042909301	0.09187801985288649	-0.0119	0.06488720315964251	1.0399982897164282	0.0008	-0.061407073856496144	1.13562676377778	0.0655	0.009219190404731422	1.0178932111065973	0.1076	0.17458399050296686	1.0568591190085903	-0.01275	0.43812729325664845	0.960396448181151	0.0702	0.6703919780630314	0.8725368221770068	0.1076	0.013915425921302751	1.0153383187362828	-0.01275	0.10760066197687543	0.8523251023518928	0.0702	0.104152042621988	0.7434213039974579	0.1076
521	20.877347670250895	0.18180986181554584	0.7191724374838544	0.0301	0.13643409585425031	0.7127331336742279	0.0301	0.06870977477861508	0.5100980393951646	0.129	0.192041232678375	0.2543486335913754	0.023	0.2694129519764279	0.16712858648312956	0.2179	0.25508959463024466	0.1808451310406053	0.1804	0.2315856240249807	0.2251661013104165	-0.0119	0.1793075502564152	0.7196057722178091	0.0301	0.3060627673428013	0.4071256037690627	0.129	0.5682869898251132	0.1807626919213434	0.023	0.6276004581762548	0.03445859513683483	0.2179	0.6255069181182179	0.060441392133334645	0.1804	0.6191500174199268	0.18508757634750184	-0.0119	-0.009834600319251357	1.0264029054366386	0.0008	-0.034135651505770054	1.1241969089475814	0.0655	-0.012760715781804727	1.0288125188191466	0.1076	0.0528995928348427	1.0412437009725737	-0.01275	0.2844959223457145	0.9454721861933579	0.0702	0.5624889961515709	0.8941844217901281	0.1076	-0.05678865142282078	1.014582480202461	-0.01275	0.035319483905692756	0.8684908435088029	0.0702	0.08729473555089431	0.8026894515530505	0.1076
522	20.91741935483871	0.060108408020713995	0.6905800358499338	0.0301	0.04534873482548838	0.6874683210066708	0.0301	0.1288795855112899	0.45095219073221093	0.129	0.2965865647102933	0.24746896534937968	0.023	0.42526850591896276	0.1279055072111872	0.2179	0.40957312192874956	0.14154231783142132	0.1804	0.33853074913983444	0.2528447546673528	-0.0119	0.05910444074421129	0.6894914745418714	0.0301	0.24469076667361186	0.4042384232219577	0.129	0.4783572256258405	0.23702129511917994	0.023	0.6275853867121824	0.07805198521336709	0.2179	0.5964292195654942	0.10876663764730245	0.1804	0.5408567731373949	0.265855281003323	-0.0119	-0.03521192115077448	1.0051617620420221	0.0008	0.012183996386735988	1.088367485307895	0.0655	-0.004279746064357424	1.0231696696671284	0.1076	-0.025106981858500757	1.0163458300982882	-0.01275	0.15548727834130832	0.9186611040494819	0.0702	0.401415900401969	0.828607701583848	0.1076	-0.061757091271201645	1.0091506084697126	-0.01275	0.06596998911597128	0.8831030784459989	0.0702	0.20866191648855534	0.791900700483867	0.1076
